"9QF4|1|A1|C|4","cWW","9QF4|1|A1|G|20"
"9QF4|1|A1|4AC|5","cWW","9QF4|1|A1|G|19"
"9QF4|1|A1|G|6","cWW","9QF4|1|A1|C|18"
"9QF4|1|A1|G|7","cWW","9QF4|1|A1|5MC|17"
"9QF4|1|A1|OMU|8","cWH","9QF4|1|A1|A|874"
"9QF4|1|A1|OMU|8","tHW","9QF4|1|A1|U|15"
"9QF4|1|A1|G|10","cWW","9QF4|1|A1|U|879"
"9QF4|1|A1|A|11","cWW","9QF4|1|A1|A|878"
"9QF4|1|A1|U|12","cSS","9QF4|1|A1|G|1032"
"9QF4|1|A1|U|12","cWW","9QF4|1|A1|A|877"
"9QF4|1|A1|C|13","cWW","9QF4|1|A1|G|876"
"9QF4|1|A1|C|14","cWW","9QF4|1|A1|G|875"
"9QF4|1|A1|C|14","tSS","9QF4|1|A1|A|526"
"9QF4|1|A1|U|15","tWH","9QF4|1|A1|OMU|8"
"9QF4|1|A1|G|16","tSH","9QF4|1|A1|A|873"
"9QF4|1|A1|5MC|17","cWW","9QF4|1|A1|G|7"
"9QF4|1|A1|C|18","cWW","9QF4|1|A1|G|6"
"9QF4|1|A1|G|19","cWW","9QF4|1|A1|4AC|5"
"9QF4|1|A1|G|20","cWW","9QF4|1|A1|C|4"
"9QF4|1|A1|A|21","cWS","9QF4|1|A1|C|512"
"9QF4|1|A1|G|22","cWW","9QF4|1|A1|C|510"
"9QF4|1|A1|G|23","cWW","9QF4|1|A1|C|509"
"9QF4|1|A1|C|24","cWW","9QF4|1|A1|G|508"
"9QF4|1|A1|C|25","cWW","9QF4|1|A1|OMG|507"
"9QF4|1|A1|A|26","cWW","9QF4|1|A1|U|506"
"9QF4|1|A1|C|27","cWW","9QF4|1|A1|G|505"
"9QF4|1|A1|U|28","cWW","9QF4|1|A1|OMG|504"
"9QF4|1|A1|G|29","cWW","9QF4|1|A1|U|503"
"9QF4|1|A1|C|30","cWW","9QF4|1|A1|G|502"
"9QF4|1|A1|U|31","tWH","9QF4|1|A1|A|394"
"9QF4|1|A1|U|33","cWW","9QF4|1|A1|A|400"
"9QF4|1|A1|G|34","cWW","9QF4|1|A1|C|399"
"9QF4|1|A1|G|35","cWW","9QF4|1|A1|C|398"
"9QF4|1|A1|G|36","cWW","9QF4|1|A1|C|397"
"9QF4|1|A1|G|36","tSS","9QF4|1|A1|A|576"
"9QF4|1|A1|G|37","cWW","9QF4|1|A1|C|396"
"9QF4|1|A1|G|38","cWW","9QF4|1|A1|C|395"
"9QF4|1|A1|C|40","cWW","9QF4|1|A1|G|393"
"9QF4|1|A1|4AC|41","cWW","9QF4|1|A1|G|392"
"9QF4|1|A1|G|42","cWW","9QF4|1|A1|C|358"
"9QF4|1|A1|U|45","tHH","9QF4|1|A1|A|362"
"9QF4|1|A1|A|47","cHS","9QF4|1|A1|U|98"
"9QF4|1|A1|G|48","cWW","9QF4|1|A1|C|356"
"9QF4|1|A1|C|49","cWW","9QF4|1|A1|G|355"
"9QF4|1|A1|C|50","cWW","9QF4|1|A1|G|354"
"9QF4|1|A1|A|51","tHS","9QF4|1|A1|G|354"
"9QF4|1|A1|A|51","tWW","9QF4|1|A1|U|365"
"9QF4|1|A1|U|52","cWW","9QF4|1|A1|A|353"
"9QF4|1|A1|G|53","cWW","9QF4|1|A1|C|352"
"9QF4|1|A1|C|54","cWW","9QF4|1|A1|G|351"
"9QF4|1|A1|G|57","cWW","9QF4|1|A1|C|90"
"9QF4|1|A1|U|58","cWW","9QF4|1|A1|G|89"
"9QF4|1|A1|C|59","cWW","9QF4|1|A1|G|88"
"9QF4|1|A1|G|62","cSS","9QF4|1|A1|A|157"
"9QF4|1|A1|G|62","cWW","9QF4|1|A1|4AC|87"
"9QF4|1|A1|G|63","cWW","9QF4|1|A1|C|86"
"9QF4|1|A1|G|63","cSS","9QF4|1|A1|A|156"
"9QF4|1|A1|G|64","cWW","9QF4|1|A1|A|85"
"9QF4|1|A1|G|65","cWW","9QF4|1|A1|C|84"
"9QF4|1|A1|G|66","cWW","9QF4|1|A1|C|83"
"9QF4|1|A1|C|67","cWW","9QF4|1|A1|G|82"
"9QF4|1|A1|G|68","cWW","9QF4|1|A1|C|81"
"9QF4|1|A1|U|69","cWW","9QF4|1|A1|A|80"
"9QF4|1|A1|C|70","cWW","9QF4|1|A1|G|79"
"9QF4|1|A1|C|71","cWW","9QF4|1|A1|G|78"
"9QF4|1|A1|C|72","cWW","9QF4|1|A1|G|77"
"9QF4|1|A1|G|77","cWW","9QF4|1|A1|C|72"
"9QF4|1|A1|G|78","cWW","9QF4|1|A1|C|71"
"9QF4|1|A1|G|79","cWW","9QF4|1|A1|C|70"
"9QF4|1|A1|A|80","cWW","9QF4|1|A1|U|69"
"9QF4|1|A1|C|81","cWW","9QF4|1|A1|G|68"
"9QF4|1|A1|G|82","cWW","9QF4|1|A1|C|67"
"9QF4|1|A1|C|83","cWW","9QF4|1|A1|G|66"
"9QF4|1|A1|C|84","cWW","9QF4|1|A1|G|65"
"9QF4|1|A1|A|85","cWW","9QF4|1|A1|G|64"
"9QF4|1|A1|C|86","cSS","9QF4|1|A1|A|136"
"9QF4|1|A1|C|86","cWW","9QF4|1|A1|G|63"
"9QF4|1|A1|4AC|87","cWW","9QF4|1|A1|G|62"
"9QF4|1|A1|G|88","cWW","9QF4|1|A1|C|59"
"9QF4|1|A1|G|89","cWW","9QF4|1|A1|U|58"
"9QF4|1|A1|C|90","cWW","9QF4|1|A1|G|57"
"9QF4|1|A1|A|93","tHS","9QF4|1|A1|G|321"
"9QF4|1|A1|G|96","cWW","9QF4|1|A1|A|312"
"9QF4|1|A1|C|97","cWW","9QF4|1|A1|G|311"
"9QF4|1|A1|U|98","cSH","9QF4|1|A1|A|47"
"9QF4|1|A1|U|98","cWW","9QF4|1|A1|A|310"
"9QF4|1|A1|C|99","cWW","9QF4|1|A1|G|309"
"9QF4|1|A1|A|103","tHW","9QF4|1|A1|U|284"
"9QF4|1|A1|A|106","cWW","9QF4|1|A1|G|236"
"9QF4|1|A1|C|107","cWW","9QF4|1|A1|G|235"
"9QF4|1|A1|G|108","cWW","9QF4|1|A1|C|234"
"9QF4|1|A1|U|109","cWW","9QF4|1|A1|G|233"
"9QF4|1|A1|C|110","cWW","9QF4|1|A1|G|232"
"9QF4|1|A1|G|111","cWW","9QF4|1|A1|4AC|231"
"9QF4|1|A1|G|112","cWW","9QF4|1|A1|5MC|230"
"9QF4|1|A1|U|113","cWW","9QF4|1|A1|G|229"
"9QF4|1|A1|A|114","tWS","9QF4|1|A1|G|180"
"9QF4|1|A1|C|116","cSS","9QF4|1|A1|A|259"
"9QF4|1|A1|C|116","cWW","9QF4|1|A1|OMG|228"
"9QF4|1|A1|OMC|117","cWW","9QF4|1|A1|OMG|227"
"9QF4|1|A1|U|118","cWW","9QF4|1|A1|U|226"
"9QF4|1|A1|C|121","cWW","9QF4|1|A1|G|224"
"9QF4|1|A1|C|122","cWW","9QF4|1|A1|G|223"
"9QF4|1|A1|U|123","cWW","9QF4|1|A1|A|222"
"9QF4|1|A1|C|124","cWW","9QF4|1|A1|G|221"
"9QF4|1|A1|G|125","cWW","9QF4|1|A1|4AC|220"
"9QF4|1|A1|G|126","cWW","9QF4|1|A1|C|219"
"9QF4|1|A1|G|127","tSS","9QF4|1|A1|A|198"
"9QF4|1|A1|G|127","cWW","9QF4|1|A1|C|218"
"9QF4|1|A1|A|128","cWW","9QF4|1|A1|G|217"
"9QF4|1|A1|G|129","cWW","9QF4|1|A1|C|163"
"9QF4|1|A1|G|130","cWW","9QF4|1|A1|C|162"
"9QF4|1|A1|G|131","cWW","9QF4|1|A1|C|161"
"9QF4|1|A1|OMG|132","cWW","9QF4|1|A1|C|160"
"9QF4|1|A1|G|133","cWW","9QF4|1|A1|C|159"
"9QF4|1|A1|A|134","tWH","9QF4|1|A1|A|157"
"9QF4|1|A1|U|135","tWH","9QF4|1|A1|A|156"
"9QF4|1|A1|A|136","tHW","9QF4|1|A1|U|155"
"9QF4|1|A1|A|136","cSS","9QF4|1|A1|C|86"
"9QF4|1|A1|C|138","cWW","9QF4|1|A1|OMG|153"
"9QF4|1|A1|C|139","cWW","9QF4|1|A1|OMG|152"
"9QF4|1|A1|C|140","cWW","9QF4|1|A1|G|151"
"9QF4|1|A1|4AC|141","cWW","9QF4|1|A1|G|150"
"9QF4|1|A1|G|142","cWW","9QF4|1|A1|U|149"
"9QF4|1|A1|G|143","cWW","9QF4|1|A1|C|148"
"9QF4|1|A1|A|145","tWS","9QF4|1|A1|G|344"
"9QF4|1|A1|C|148","cWW","9QF4|1|A1|G|143"
"9QF4|1|A1|U|149","cWW","9QF4|1|A1|G|142"
"9QF4|1|A1|G|150","cWW","9QF4|1|A1|4AC|141"
"9QF4|1|A1|G|151","cWW","9QF4|1|A1|C|140"
"9QF4|1|A1|OMG|152","cWW","9QF4|1|A1|C|139"
"9QF4|1|A1|OMG|153","cWW","9QF4|1|A1|C|138"
"9QF4|1|A1|U|155","tWH","9QF4|1|A1|A|136"
"9QF4|1|A1|A|156","cSS","9QF4|1|A1|G|63"
"9QF4|1|A1|A|156","tHW","9QF4|1|A1|U|135"
"9QF4|1|A1|A|157","cSS","9QF4|1|A1|G|62"
"9QF4|1|A1|A|157","tHW","9QF4|1|A1|A|134"
"9QF4|1|A1|C|159","cWW","9QF4|1|A1|G|133"
"9QF4|1|A1|C|160","cWW","9QF4|1|A1|OMG|132"
"9QF4|1|A1|C|161","cWW","9QF4|1|A1|G|131"
"9QF4|1|A1|C|162","cWW","9QF4|1|A1|G|130"
"9QF4|1|A1|C|163","cWW","9QF4|1|A1|G|129"
"9QF4|1|A1|U|165","tWH","9QF4|1|A1|A|197"
"9QF4|1|A1|A|166","tHS","9QF4|1|A1|G|196"
"9QF4|1|A1|G|167","cWW","9QF4|1|A1|C|195"
"9QF4|1|A1|G|168","cWW","9QF4|1|A1|C|194"
"9QF4|1|A1|C|169","cWW","9QF4|1|A1|G|193"
"9QF4|1|A1|C|170","cWW","9QF4|1|A1|G|192"
"9QF4|1|A1|U|171","cWW","9QF4|1|A1|A|191"
"9QF4|1|A1|G|172","cWW","9QF4|1|A1|C|190"
"9QF4|1|A1|G|173","cWW","9QF4|1|A1|C|189"
"9QF4|1|A1|G|174","cWW","9QF4|1|A1|C|188"
"9QF4|1|A1|G|175","cWW","9QF4|1|A1|C|187"
"9QF4|1|A1|U|176","cSH","9QF4|1|A1|A|177"
"9QF4|1|A1|A|177","cHS","9QF4|1|A1|U|176"
"9QF4|1|A1|A|177","cWW","9QF4|1|A1|U|186"
"9QF4|1|A1|C|178","cWW","9QF4|1|A1|G|185"
"9QF4|1|A1|U|179","tWH","9QF4|1|A1|A|183"
"9QF4|1|A1|G|180","tSW","9QF4|1|A1|A|114"
"9QF4|1|A1|A|183","tHW","9QF4|1|A1|U|179"
"9QF4|1|A1|G|185","cWW","9QF4|1|A1|C|178"
"9QF4|1|A1|U|186","cWW","9QF4|1|A1|A|177"
"9QF4|1|A1|C|187","cWW","9QF4|1|A1|G|175"
"9QF4|1|A1|C|188","cWW","9QF4|1|A1|G|174"
"9QF4|1|A1|C|189","cWW","9QF4|1|A1|G|173"
"9QF4|1|A1|C|190","cWW","9QF4|1|A1|G|172"
"9QF4|1|A1|A|191","cWW","9QF4|1|A1|U|171"
"9QF4|1|A1|G|192","cWW","9QF4|1|A1|C|170"
"9QF4|1|A1|G|193","cWW","9QF4|1|A1|C|169"
"9QF4|1|A1|C|194","cWW","9QF4|1|A1|G|168"
"9QF4|1|A1|C|195","cWW","9QF4|1|A1|G|167"
"9QF4|1|A1|G|196","tSH","9QF4|1|A1|A|166"
"9QF4|1|A1|A|197","cSS","9QF4|1|A1|C|219"
"9QF4|1|A1|A|197","tHW","9QF4|1|A1|U|165"
"9QF4|1|A1|A|198","tSS","9QF4|1|A1|G|127"
"9QF4|1|A1|G|201","cWW","9QF4|1|A1|4AC|216"
"9QF4|1|A1|G|202","cWW","9QF4|1|A1|C|215"
"9QF4|1|A1|A|203","cWW","9QF4|1|A1|U|214"
"9QF4|1|A1|G|204","cWW","9QF4|1|A1|C|213"
"9QF4|1|A1|C|205","cWW","9QF4|1|A1|G|212"
"9QF4|1|A1|C|206","cWW","9QF4|1|A1|G|211"
"9QF4|1|A1|G|207","tSH","9QF4|1|A1|A|210"
"9QF4|1|A1|A|210","tHS","9QF4|1|A1|G|207"
"9QF4|1|A1|G|211","cWW","9QF4|1|A1|C|206"
"9QF4|1|A1|G|212","cWW","9QF4|1|A1|C|205"
"9QF4|1|A1|C|213","cWW","9QF4|1|A1|G|204"
"9QF4|1|A1|U|214","cWW","9QF4|1|A1|A|203"
"9QF4|1|A1|C|215","cWW","9QF4|1|A1|G|202"
"9QF4|1|A1|4AC|216","cWW","9QF4|1|A1|G|201"
"9QF4|1|A1|G|217","cWW","9QF4|1|A1|A|128"
"9QF4|1|A1|C|218","cWW","9QF4|1|A1|G|127"
"9QF4|1|A1|C|219","cWW","9QF4|1|A1|G|126"
"9QF4|1|A1|C|219","cSS","9QF4|1|A1|A|197"
"9QF4|1|A1|4AC|220","cWW","9QF4|1|A1|G|125"
"9QF4|1|A1|G|221","cWW","9QF4|1|A1|C|124"
"9QF4|1|A1|A|222","cWW","9QF4|1|A1|U|123"
"9QF4|1|A1|G|223","cWW","9QF4|1|A1|C|122"
"9QF4|1|A1|G|224","cWW","9QF4|1|A1|C|121"
"9QF4|1|A1|U|226","cWW","9QF4|1|A1|U|118"
"9QF4|1|A1|OMG|227","cWW","9QF4|1|A1|OMC|117"
"9QF4|1|A1|OMG|228","cWW","9QF4|1|A1|C|116"
"9QF4|1|A1|G|229","cWW","9QF4|1|A1|U|113"
"9QF4|1|A1|5MC|230","cWW","9QF4|1|A1|G|112"
"9QF4|1|A1|4AC|231","cWW","9QF4|1|A1|G|111"
"9QF4|1|A1|G|232","cWW","9QF4|1|A1|C|110"
"9QF4|1|A1|G|233","cWW","9QF4|1|A1|U|109"
"9QF4|1|A1|C|234","cWW","9QF4|1|A1|G|108"
"9QF4|1|A1|G|235","cWW","9QF4|1|A1|C|107"
"9QF4|1|A1|G|236","cWW","9QF4|1|A1|A|106"
"9QF4|1|A1|C|237","cWW","9QF4|1|A1|G|283"
"9QF4|1|A1|LHH|238","cWW","9QF4|1|A1|G|282"
"9QF4|1|A1|G|239","cWW","9QF4|1|A1|C|281"
"9QF4|1|A1|A|240","tWH","9QF4|1|A1|A|279"
"9QF4|1|A1|U|241","cWW","9QF4|1|A1|C|852"
"9QF4|1|A1|U|242","cWW","9QF4|1|A1|U|280"
"9QF4|1|A1|G|244","cWW","9QF4|1|A1|4AC|274"
"9QF4|1|A1|G|245","cWW","9QF4|1|A1|5MC|273"
"9QF4|1|A1|U|246","cWW","9QF4|1|A1|G|272"
"9QF4|1|A1|G|248","cWH","9QF4|1|A1|G|251"
"9QF4|1|A1|U|249","cWW","9QF4|1|A1|A|271"
"9QF4|1|A1|U|250","cWW","9QF4|1|A1|A|270"
"9QF4|1|A1|G|251","cWW","9QF4|1|A1|C|269"
"9QF4|1|A1|G|251","cHW","9QF4|1|A1|G|248"
"9QF4|1|A1|G|252","cWW","9QF4|1|A1|C|268"
"9QF4|1|A1|G|252","cHW","9QF4|1|A1|G|263"
"9QF4|1|A1|U|253","cWW","9QF4|1|A1|A|267"
"9QF4|1|A1|G|254","cWW","9QF4|1|A1|C|266"
"9QF4|1|A1|G|255","cWW","9QF4|1|A1|C|265"
"9QF4|1|A1|G|256","cWW","9QF4|1|A1|C|264"
"9QF4|1|A1|A|259","cSS","9QF4|1|A1|C|116"
"9QF4|1|A1|G|263","cWH","9QF4|1|A1|G|252"
"9QF4|1|A1|C|264","cWW","9QF4|1|A1|G|256"
"9QF4|1|A1|C|265","cWW","9QF4|1|A1|G|255"
"9QF4|1|A1|C|266","cWW","9QF4|1|A1|G|254"
"9QF4|1|A1|A|267","cWW","9QF4|1|A1|U|253"
"9QF4|1|A1|C|268","cWW","9QF4|1|A1|G|252"
"9QF4|1|A1|C|269","cWW","9QF4|1|A1|G|251"
"9QF4|1|A1|A|270","cWW","9QF4|1|A1|U|250"
"9QF4|1|A1|A|271","cWW","9QF4|1|A1|U|249"
"9QF4|1|A1|G|272","cWW","9QF4|1|A1|U|246"
"9QF4|1|A1|5MC|273","cWW","9QF4|1|A1|G|245"
"9QF4|1|A1|4AC|274","cWW","9QF4|1|A1|G|244"
"9QF4|1|A1|A|279","tHW","9QF4|1|A1|A|240"
"9QF4|1|A1|U|280","cWW","9QF4|1|A1|U|242"
"9QF4|1|A1|C|281","cWW","9QF4|1|A1|G|239"
"9QF4|1|A1|G|282","cWW","9QF4|1|A1|LHH|238"
"9QF4|1|A1|G|283","cWW","9QF4|1|A1|C|237"
"9QF4|1|A1|U|284","tWH","9QF4|1|A1|A|103"
"9QF4|1|A1|C|286","cWW","9QF4|1|A1|G|308"
"9QF4|1|A1|G|287","cWW","9QF4|1|A1|4AC|307"
"9QF4|1|A1|G|288","cWW","9QF4|1|A1|C|306"
"9QF4|1|A1|G|289","tSW","9QF4|1|A1|A|562"
"9QF4|1|A1|G|289","cWW","9QF4|1|A1|C|305"
"9QF4|1|A1|C|290","cWW","9QF4|1|A1|G|301"
"9QF4|1|A1|4AC|291","cWW","9QF4|1|A1|G|300"
"9QF4|1|A1|G|292","cWW","9QF4|1|A1|C|299"
"9QF4|1|A1|U|293","cWW","9QF4|1|A1|G|298"
"9QF4|1|A1|A|297","cSW","9QF4|1|A1|U|519"
"9QF4|1|A1|G|298","cWW","9QF4|1|A1|U|293"
"9QF4|1|A1|C|299","cWW","9QF4|1|A1|G|292"
"9QF4|1|A1|G|300","cWW","9QF4|1|A1|4AC|291"
"9QF4|1|A1|G|301","cWW","9QF4|1|A1|C|290"
"9QF4|1|A1|C|305","cWW","9QF4|1|A1|G|289"
"9QF4|1|A1|C|306","cWW","9QF4|1|A1|G|288"
"9QF4|1|A1|C|306","cSW","9QF4|1|A1|A|561"
"9QF4|1|A1|4AC|307","cWW","9QF4|1|A1|G|287"
"9QF4|1|A1|G|308","cWW","9QF4|1|A1|C|286"
"9QF4|1|A1|G|309","cWW","9QF4|1|A1|C|99"
"9QF4|1|A1|A|310","cWW","9QF4|1|A1|U|98"
"9QF4|1|A1|G|311","tSS","9QF4|1|A1|A|350"
"9QF4|1|A1|G|311","cWW","9QF4|1|A1|C|97"
"9QF4|1|A1|A|312","cWW","9QF4|1|A1|G|96"
"9QF4|1|A1|U|313","cWW","9QF4|1|A1|A|334"
"9QF4|1|A1|G|314","cWW","9QF4|1|A1|C|333"
"9QF4|1|A1|G|315","cWW","9QF4|1|A1|C|332"
"9QF4|1|A1|A|316","cWW","9QF4|1|A1|U|331"
"9QF4|1|A1|C|317","cWW","9QF4|1|A1|G|330"
"9QF4|1|A1|C|319","tWH","9QF4|1|A1|A|326"
"9QF4|1|A1|U|320","tWH","9QF4|1|A1|A|324"
"9QF4|1|A1|G|321","tSH","9QF4|1|A1|A|93"
"9QF4|1|A1|A|324","tHW","9QF4|1|A1|U|320"
"9QF4|1|A1|A|326","tHW","9QF4|1|A1|C|319"
"9QF4|1|A1|G|330","cWW","9QF4|1|A1|C|317"
"9QF4|1|A1|U|331","cWW","9QF4|1|A1|A|316"
"9QF4|1|A1|C|332","cSS","9QF4|1|A1|A|1395"
"9QF4|1|A1|C|332","cWW","9QF4|1|A1|G|315"
"9QF4|1|A1|C|333","cWW","9QF4|1|A1|G|314"
"9QF4|1|A1|A|334","cWW","9QF4|1|A1|U|313"
"9QF4|1|A1|G|336","cWW","9QF4|1|A1|C|347"
"9QF4|1|A1|C|337","cWW","9QF4|1|A1|G|346"
"9QF4|1|A1|C|338","cWW","9QF4|1|A1|G|345"
"9QF4|1|A1|C|339","cWW","9QF4|1|A1|G|344"
"9QF4|1|A1|U|340","tSW","9QF4|1|A1|G|343"
"9QF4|1|A1|G|343","tWS","9QF4|1|A1|U|340"
"9QF4|1|A1|G|344","tSW","9QF4|1|A1|A|145"
"9QF4|1|A1|G|344","cWW","9QF4|1|A1|C|339"
"9QF4|1|A1|G|345","cWW","9QF4|1|A1|C|338"
"9QF4|1|A1|G|346","cWW","9QF4|1|A1|C|337"
"9QF4|1|A1|C|347","cWW","9QF4|1|A1|G|336"
"9QF4|1|A1|A|350","tSS","9QF4|1|A1|G|311"
"9QF4|1|A1|G|351","cWW","9QF4|1|A1|C|54"
"9QF4|1|A1|C|352","cWW","9QF4|1|A1|G|53"
"9QF4|1|A1|A|353","cWW","9QF4|1|A1|U|52"
"9QF4|1|A1|G|354","cWW","9QF4|1|A1|C|50"
"9QF4|1|A1|G|354","tSH","9QF4|1|A1|A|51"
"9QF4|1|A1|G|355","cWW","9QF4|1|A1|C|49"
"9QF4|1|A1|C|356","cWW","9QF4|1|A1|G|48"
"9QF4|1|A1|C|358","cWW","9QF4|1|A1|G|42"
"9QF4|1|A1|A|362","tHH","9QF4|1|A1|U|45"
"9QF4|1|A1|C|363","cSW","9QF4|1|A1|G|391"
"9QF4|1|A1|C|364","cWW","9QF4|1|A1|G|390"
"9QF4|1|A1|U|365","tWW","9QF4|1|A1|A|51"
"9QF4|1|A1|C|366","cWW","9QF4|1|A1|G|389"
"9QF4|1|A1|4AC|367","cWW","9QF4|1|A1|G|388"
"9QF4|1|A1|G|368","cWW","9QF4|1|A1|C|387"
"9QF4|1|A1|C|369","tWH","9QF4|1|A1|A|386"
"9QF4|1|A1|A|371","cWS","9QF4|1|A1|C|387"
"9QF4|1|A1|U|372","cWW","9QF4|1|A1|A|386"
"9QF4|1|A1|G|373","cWW","9QF4|1|A1|C|384"
"9QF4|1|A1|C|374","cWW","9QF4|1|A1|G|383"
"9QF4|1|A1|G|375","cWW","9QF4|1|A1|4AC|382"
"9QF4|1|A1|G|376","cWW","9QF4|1|A1|C|381"
"9QF4|1|A1|C|381","cWW","9QF4|1|A1|G|376"
"9QF4|1|A1|4AC|382","cWW","9QF4|1|A1|G|375"
"9QF4|1|A1|G|383","cWW","9QF4|1|A1|C|374"
"9QF4|1|A1|C|384","cWW","9QF4|1|A1|G|373"
"9QF4|1|A1|A|386","cWW","9QF4|1|A1|U|372"
"9QF4|1|A1|A|386","tHW","9QF4|1|A1|C|369"
"9QF4|1|A1|C|387","cWW","9QF4|1|A1|G|368"
"9QF4|1|A1|C|387","cSW","9QF4|1|A1|A|371"
"9QF4|1|A1|G|388","cWW","9QF4|1|A1|4AC|367"
"9QF4|1|A1|G|389","cWW","9QF4|1|A1|C|366"
"9QF4|1|A1|G|390","cWW","9QF4|1|A1|C|364"
"9QF4|1|A1|G|391","cWS","9QF4|1|A1|C|363"
"9QF4|1|A1|G|392","cWW","9QF4|1|A1|4AC|41"
"9QF4|1|A1|G|393","cWW","9QF4|1|A1|C|40"
"9QF4|1|A1|A|394","tHW","9QF4|1|A1|U|31"
"9QF4|1|A1|C|395","cWW","9QF4|1|A1|G|38"
"9QF4|1|A1|C|396","cWW","9QF4|1|A1|G|37"
"9QF4|1|A1|C|397","cWW","9QF4|1|A1|G|36"
"9QF4|1|A1|C|397","cSS","9QF4|1|A1|A|576"
"9QF4|1|A1|C|398","cWW","9QF4|1|A1|G|35"
"9QF4|1|A1|C|398","cSS","9QF4|1|A1|A|575"
"9QF4|1|A1|C|399","cWW","9QF4|1|A1|G|34"
"9QF4|1|A1|A|400","cWW","9QF4|1|A1|U|33"
"9QF4|1|A1|G|401","tSS","9QF4|1|A1|A|451"
"9QF4|1|A1|U|402","cWH","9QF4|1|A1|A|452"
"9QF4|1|A1|G|403","cWW","9QF4|1|A1|C|421"
"9QF4|1|A1|C|404","cWW","9QF4|1|A1|G|420"
"9QF4|1|A1|4AC|405","cWW","9QF4|1|A1|G|419"
"9QF4|1|A1|G|406","cWW","9QF4|1|A1|C|418"
"9QF4|1|A1|U|407","cWW","9QF4|1|A1|A|417"
"9QF4|1|A1|G|408","cWW","9QF4|1|A1|C|416"
"9QF4|1|A1|C|409","cWW","9QF4|1|A1|G|415"
"9QF4|1|A1|C|410","cWW","9QF4|1|A1|G|414"
"9QF4|1|A1|G|414","cWW","9QF4|1|A1|C|410"
"9QF4|1|A1|G|415","cWW","9QF4|1|A1|C|409"
"9QF4|1|A1|C|416","cWW","9QF4|1|A1|G|408"
"9QF4|1|A1|A|417","cWW","9QF4|1|A1|U|407"
"9QF4|1|A1|C|418","cWW","9QF4|1|A1|G|406"
"9QF4|1|A1|G|419","cWW","9QF4|1|A1|4AC|405"
"9QF4|1|A1|G|420","cWW","9QF4|1|A1|C|404"
"9QF4|1|A1|C|421","cWW","9QF4|1|A1|G|403"
"9QF4|1|A1|U|423","tWH","9QF4|1|A1|A|449"
"9QF4|1|A1|OMU|425","cWW","9QF4|1|A1|U|450"
"9QF4|1|A1|OMC|426","cWW","9QF4|1|A1|G|446"
"9QF4|1|A1|G|428","cWW","9QF4|1|A1|4AC|444"
"9QF4|1|A1|G|429","cWW","9QF4|1|A1|C|443"
"9QF4|1|A1|A|430","cWW","9QF4|1|A1|U|442"
"9QF4|1|A1|G|431","cWW","9QF4|1|A1|C|441"
"9QF4|1|A1|U|432","cWW","9QF4|1|A1|G|440"
"9QF4|1|A1|G|433","tSH","9QF4|1|A1|A|439"
"9QF4|1|A1|A|439","tHS","9QF4|1|A1|G|433"
"9QF4|1|A1|G|440","cWW","9QF4|1|A1|U|432"
"9QF4|1|A1|C|441","cWW","9QF4|1|A1|G|431"
"9QF4|1|A1|U|442","cWW","9QF4|1|A1|A|430"
"9QF4|1|A1|C|443","cWW","9QF4|1|A1|G|429"
"9QF4|1|A1|4AC|444","cWW","9QF4|1|A1|G|428"
"9QF4|1|A1|G|446","cWW","9QF4|1|A1|OMC|426"
"9QF4|1|A1|A|449","tHW","9QF4|1|A1|U|423"
"9QF4|1|A1|U|450","cWW","9QF4|1|A1|OMU|425"
"9QF4|1|A1|A|451","tSS","9QF4|1|A1|G|401"
"9QF4|1|A1|A|452","cHW","9QF4|1|A1|U|402"
"9QF4|1|A1|G|453","cWW","9QF4|1|A1|4AC|499"
"9QF4|1|A1|G|454","cWW","9QF4|1|A1|C|498"
"9QF4|1|A1|OMG|455","cWW","9QF4|1|A1|C|497"
"9QF4|1|A1|C|456","cWW","9QF4|1|A1|G|496"
"9QF4|1|A1|C|456","tSS","9QF4|1|A1|A|463"
"9QF4|1|A1|U|457","cWW","9QF4|1|A1|G|495"
"9QF4|1|A1|G|458","cWW","9QF4|1|A1|C|480"
"9QF4|1|A1|OMG|459","cWW","9QF4|1|A1|C|479"
"9QF4|1|A1|C|461","cSH","9QF4|1|A1|A|462"
"9QF4|1|A1|A|462","cHS","9QF4|1|A1|C|461"
"9QF4|1|A1|A|463","tSS","9QF4|1|A1|C|456"
"9QF4|1|A1|5MC|466","cWW","9QF4|1|A1|G|493"
"9QF4|1|A1|4AC|467","cWW","9QF4|1|A1|G|492"
"9QF4|1|A1|G|468","cWW","9QF4|1|A1|C|491"
"9QF4|1|A1|G|469","cWW","9QF4|1|A1|C|490"
"9QF4|1|A1|U|470","cSW","9QF4|1|A1|5MC|473"
"9QF4|1|A1|U|470","tWH","9QF4|1|A1|A|487"
"9QF4|1|A1|5MC|473","cWS","9QF4|1|A1|U|470"
"9QF4|1|A1|A|474","tHS","9QF4|1|A1|G|483"
"9QF4|1|A1|G|475","cWW","9QF4|1|A1|C|482"
"9QF4|1|A1|C|476","cWW","9QF4|1|A1|7MG|481"
"9QF4|1|A1|C|479","cWW","9QF4|1|A1|OMG|459"
"9QF4|1|A1|C|480","cWW","9QF4|1|A1|G|458"
"9QF4|1|A1|7MG|481","cWW","9QF4|1|A1|C|476"
"9QF4|1|A1|C|482","cWW","9QF4|1|A1|G|475"
"9QF4|1|A1|G|483","tSH","9QF4|1|A1|A|474"
"9QF4|1|A1|A|486","tWS","9QF4|1|A1|G|1168"
"9QF4|1|A1|A|487","tHW","9QF4|1|A1|U|470"
"9QF4|1|A1|C|490","cWW","9QF4|1|A1|G|469"
"9QF4|1|A1|C|491","cWW","9QF4|1|A1|G|468"
"9QF4|1|A1|G|492","cWW","9QF4|1|A1|4AC|467"
"9QF4|1|A1|G|493","cWW","9QF4|1|A1|5MC|466"
"9QF4|1|A1|G|495","cWW","9QF4|1|A1|U|457"
"9QF4|1|A1|G|496","cWW","9QF4|1|A1|C|456"
"9QF4|1|A1|C|497","cWW","9QF4|1|A1|OMG|455"
"9QF4|1|A1|C|498","cWW","9QF4|1|A1|G|454"
"9QF4|1|A1|4AC|499","cWW","9QF4|1|A1|G|453"
"9QF4|1|A1|G|502","cWW","9QF4|1|A1|C|30"
"9QF4|1|A1|U|503","cWW","9QF4|1|A1|G|29"
"9QF4|1|A1|OMG|504","cWW","9QF4|1|A1|U|28"
"9QF4|1|A1|G|505","cWW","9QF4|1|A1|C|27"
"9QF4|1|A1|U|506","cWW","9QF4|1|A1|A|26"
"9QF4|1|A1|OMG|507","cWW","9QF4|1|A1|C|25"
"9QF4|1|A1|G|508","cWW","9QF4|1|A1|C|24"
"9QF4|1|A1|C|509","cWW","9QF4|1|A1|G|23"
"9QF4|1|A1|C|510","cWW","9QF4|1|A1|G|22"
"9QF4|1|A1|C|512","cSW","9QF4|1|A1|A|21"
"9QF4|1|A1|A|517","tWW","9QF4|1|A1|U|843"
"9QF4|1|A1|U|519","cWS","9QF4|1|A1|A|297"
"9QF4|1|A1|G|521","cWW","9QF4|1|A1|C|842"
"9QF4|1|A1|G|522","tSS","9QF4|1|A1|A|528"
"9QF4|1|A1|G|522","cWW","9QF4|1|A1|C|841"
"9QF4|1|A1|5MC|523","cWW","9QF4|1|A1|G|840"
"9QF4|1|A1|C|524","cWW","9QF4|1|A1|G|825"
"9QF4|1|A1|U|525","cWW","9QF4|1|A1|A|824"
"9QF4|1|A1|A|526","tSS","9QF4|1|A1|C|14"
"9QF4|1|A1|A|526","cSS","9QF4|1|A1|G|875"
"9QF4|1|A1|A|528","tSS","9QF4|1|A1|G|522"
"9QF4|1|A1|G|529","cWW","9QF4|1|A1|4AC|839"
"9QF4|1|A1|G|531","cWW","9QF4|1|A1|4AC|719"
"9QF4|1|A1|G|532","cWW","9QF4|1|A1|C|718"
"9QF4|1|A1|C|533","cWW","9QF4|1|A1|G|717"
"9QF4|1|A1|4AC|534","cWW","9QF4|1|A1|G|716"
"9QF4|1|A1|G|535","tSH","9QF4|1|A1|G|715"
"9QF4|1|A1|U|536","tWH","9QF4|1|A1|A|714"
"9QF4|1|A1|A|537","tHS","9QF4|1|A1|G|713"
"9QF4|1|A1|G|538","cWW","9QF4|1|A1|U|712"
"9QF4|1|A1|C|539","cWW","9QF4|1|A1|G|711"
"9QF4|1|A1|4AC|540","cWW","9QF4|1|A1|G|710"
"9QF4|1|A1|G|542","cWW","9QF4|1|A1|C|606"
"9QF4|1|A1|G|543","cWW","9QF4|1|A1|5MC|605"
"9QF4|1|A1|C|544","cWW","9QF4|1|A1|G|604"
"9QF4|1|A1|C|545","cWW","9QF4|1|A1|G|603"
"9QF4|1|A1|4AC|546","cWW","9QF4|1|A1|G|602"
"9QF4|1|A1|G|547","cWW","9QF4|1|A1|C|601"
"9QF4|1|A1|U|548","cWW","9QF4|1|A1|G|600"
"9QF4|1|A1|A|549","cSH","9QF4|1|A1|A|550"
"9QF4|1|A1|A|550","cHS","9QF4|1|A1|A|549"
"9QF4|1|A1|A|550","cWW","9QF4|1|A1|U|599"
"9QF4|1|A1|G|551","cWW","9QF4|1|A1|C|598"
"9QF4|1|A1|U|552","cWW","9QF4|1|A1|A|595"
"9QF4|1|A1|C|553","cWW","9QF4|1|A1|G|594"
"9QF4|1|A1|C|554","cWW","9QF4|1|A1|G|593"
"9QF4|1|A1|C|555","cWW","9QF4|1|A1|G|592"
"9QF4|1|A1|U|556","cWW","9QF4|1|A1|G|591"
"9QF4|1|A1|G|557","cWW","9QF4|1|A1|U|590"
"9QF4|1|A1|G|558","cWW","9QF4|1|A1|C|589"
"9QF4|1|A1|C|559","cWW","9QF4|1|A1|G|588"
"9QF4|1|A1|A|561","cWS","9QF4|1|A1|C|306"
"9QF4|1|A1|A|562","tWS","9QF4|1|A1|G|289"
"9QF4|1|A1|C|565","cWW","9QF4|1|A1|G|583"
"9QF4|1|A1|C|566","cWW","9QF4|1|A1|G|582"
"9QF4|1|A1|C|567","cWW","9QF4|1|A1|G|581"
"9QF4|1|A1|A|568","cWW","9QF4|1|A1|U|580"
"9QF4|1|A1|C|569","cWW","9QF4|1|A1|G|579"
"9QF4|1|A1|G|570","cWW","9QF4|1|A1|4AC|578"
"9QF4|1|A1|G|571","cWW","9QF4|1|A1|C|577"
"9QF4|1|A1|A|575","cSS","9QF4|1|A1|C|398"
"9QF4|1|A1|A|576","cSS","9QF4|1|A1|C|397"
"9QF4|1|A1|A|576","tSS","9QF4|1|A1|G|36"
"9QF4|1|A1|C|577","cWW","9QF4|1|A1|G|571"
"9QF4|1|A1|4AC|578","cWW","9QF4|1|A1|G|570"
"9QF4|1|A1|G|579","cWW","9QF4|1|A1|C|569"
"9QF4|1|A1|U|580","cWW","9QF4|1|A1|A|568"
"9QF4|1|A1|G|581","cWW","9QF4|1|A1|C|567"
"9QF4|1|A1|G|582","cWW","9QF4|1|A1|C|566"
"9QF4|1|A1|G|583","cWW","9QF4|1|A1|C|565"
"9QF4|1|A1|G|588","cWW","9QF4|1|A1|C|559"
"9QF4|1|A1|C|589","cWW","9QF4|1|A1|G|558"
"9QF4|1|A1|U|590","cWW","9QF4|1|A1|G|557"
"9QF4|1|A1|G|591","cWW","9QF4|1|A1|U|556"
"9QF4|1|A1|G|592","cWW","9QF4|1|A1|C|555"
"9QF4|1|A1|G|593","cWW","9QF4|1|A1|C|554"
"9QF4|1|A1|G|594","cWW","9QF4|1|A1|C|553"
"9QF4|1|A1|A|595","cWW","9QF4|1|A1|U|552"
"9QF4|1|A1|C|598","cWW","9QF4|1|A1|G|551"
"9QF4|1|A1|U|599","cWW","9QF4|1|A1|A|550"
"9QF4|1|A1|G|600","cWW","9QF4|1|A1|U|548"
"9QF4|1|A1|C|601","cWW","9QF4|1|A1|G|547"
"9QF4|1|A1|G|602","cWW","9QF4|1|A1|4AC|546"
"9QF4|1|A1|G|603","cWW","9QF4|1|A1|C|545"
"9QF4|1|A1|G|604","cWW","9QF4|1|A1|C|544"
"9QF4|1|A1|5MC|605","cWW","9QF4|1|A1|G|543"
"9QF4|1|A1|C|606","cWW","9QF4|1|A1|G|542"
"9QF4|1|A1|U|607","tWH","9QF4|1|A1|A|708"
"9QF4|1|A1|G|609","tHS","9QF4|1|A1|G|707"
"9QF4|1|A1|G|609","cWW","9QF4|1|A1|C|709"
"9QF4|1|A1|G|610","cWW","9QF4|1|A1|4AC|706"
"9QF4|1|A1|G|611","cWW","9QF4|1|A1|C|705"
"9QF4|1|A1|A|612","cWW","9QF4|1|A1|U|704"
"9QF4|1|A1|C|613","cWW","9QF4|1|A1|G|702"
"9QF4|1|A1|4AC|614","cWW","9QF4|1|A1|G|701"
"9QF4|1|A1|G|615","cWW","9QF4|1|A1|C|700"
"9QF4|1|A1|G|616","cWW","9QF4|1|A1|A|699"
"9QF4|1|A1|G|617","cWW","9QF4|1|A1|A|698"
"9QF4|1|A1|A|618","cWW","9QF4|1|A1|G|697"
"9QF4|1|A1|G|619","cWW","9QF4|1|A1|G|696"
"9QF4|1|A1|A|620","cHW","9QF4|1|A1|G|679"
"9QF4|1|A1|G|621","cWW","9QF4|1|A1|U|695"
"9QF4|1|A1|G|622","cWW","9QF4|1|A1|C|694"
"9QF4|1|A1|C|623","cWW","9QF4|1|A1|G|693"
"9QF4|1|A1|4AC|624","cWW","9QF4|1|A1|G|692"
"9QF4|1|A1|G|625","cWW","9QF4|1|A1|C|691"
"9QF4|1|A1|G|626","cWW","9QF4|1|A1|C|690"
"9QF4|1|A1|G|627","cWW","9QF4|1|A1|C|689"
"9QF4|1|A1|G|628","cWW","9QF4|1|A1|C|672"
"9QF4|1|A1|G|629","cWW","9QF4|1|A1|C|671"
"9QF4|1|A1|A|631","cWW","9QF4|1|A1|G|669"
"9QF4|1|A1|C|632","cWW","9QF4|1|A1|OMG|668"
"9QF4|1|A1|C|633","cWW","9QF4|1|A1|G|667"
"9QF4|1|A1|C|634","cWW","9QF4|1|A1|G|666"
"9QF4|1|A1|C|635","cWW","9QF4|1|A1|G|665"
"9QF4|1|A1|4AC|636","cWW","9QF4|1|A1|G|664"
"9QF4|1|A1|G|637","cWW","9QF4|1|A1|C|663"
"9QF4|1|A1|G|638","cWW","9QF4|1|A1|C|662"
"9QF4|1|A1|G|639","cWW","9QF4|1|A1|C|661"
"9QF4|1|A1|G|643","cWW","9QF4|1|A1|C|654"
"9QF4|1|A1|G|644","cWW","9QF4|1|A1|C|653"
"9QF4|1|A1|OMG|645","tSH","9QF4|1|A1|U|652"
"9QF4|1|A1|G|646","tSH","9QF4|1|A1|A|651"
"9QF4|1|A1|A|651","tHS","9QF4|1|A1|G|646"
"9QF4|1|A1|U|652","tHS","9QF4|1|A1|OMG|645"
"9QF4|1|A1|C|653","cWW","9QF4|1|A1|G|644"
"9QF4|1|A1|C|654","cWW","9QF4|1|A1|G|643"
"9QF4|1|A1|C|661","cWW","9QF4|1|A1|G|639"
"9QF4|1|A1|C|662","cWW","9QF4|1|A1|G|638"
"9QF4|1|A1|C|663","cWW","9QF4|1|A1|G|637"
"9QF4|1|A1|G|664","cWW","9QF4|1|A1|4AC|636"
"9QF4|1|A1|G|665","cWW","9QF4|1|A1|C|635"
"9QF4|1|A1|G|666","cWW","9QF4|1|A1|C|634"
"9QF4|1|A1|G|667","cWW","9QF4|1|A1|C|633"
"9QF4|1|A1|OMG|668","cWW","9QF4|1|A1|C|632"
"9QF4|1|A1|G|669","cWW","9QF4|1|A1|A|631"
"9QF4|1|A1|C|671","cWW","9QF4|1|A1|G|629"
"9QF4|1|A1|C|672","cWW","9QF4|1|A1|G|628"
"9QF4|1|A1|G|677","tWW","9QF4|1|A1|G|688"
"9QF4|1|A1|G|679","cWH","9QF4|1|A1|A|620"
"9QF4|1|A1|G|680","cWW","9QF4|1|A1|5MC|687"
"9QF4|1|A1|5MC|681","cWW","9QF4|1|A1|G|686"
"9QF4|1|A1|G|686","cWW","9QF4|1|A1|5MC|681"
"9QF4|1|A1|5MC|687","cWW","9QF4|1|A1|G|680"
"9QF4|1|A1|G|688","tWW","9QF4|1|A1|G|677"
"9QF4|1|A1|C|689","cWW","9QF4|1|A1|G|627"
"9QF4|1|A1|C|690","cWW","9QF4|1|A1|G|626"
"9QF4|1|A1|C|691","cWW","9QF4|1|A1|G|625"
"9QF4|1|A1|G|692","cWW","9QF4|1|A1|4AC|624"
"9QF4|1|A1|G|693","cWW","9QF4|1|A1|C|623"
"9QF4|1|A1|C|694","cWW","9QF4|1|A1|G|622"
"9QF4|1|A1|U|695","cWW","9QF4|1|A1|G|621"
"9QF4|1|A1|G|696","cWW","9QF4|1|A1|G|619"
"9QF4|1|A1|G|697","cWW","9QF4|1|A1|A|618"
"9QF4|1|A1|A|698","cWW","9QF4|1|A1|G|617"
"9QF4|1|A1|A|699","cWW","9QF4|1|A1|G|616"
"9QF4|1|A1|C|700","cWW","9QF4|1|A1|G|615"
"9QF4|1|A1|G|701","cWW","9QF4|1|A1|4AC|614"
"9QF4|1|A1|G|702","cWW","9QF4|1|A1|C|613"
"9QF4|1|A1|U|704","cWW","9QF4|1|A1|A|612"
"9QF4|1|A1|C|705","cWW","9QF4|1|A1|G|611"
"9QF4|1|A1|4AC|706","cWW","9QF4|1|A1|G|610"
"9QF4|1|A1|G|707","tSH","9QF4|1|A1|G|609"
"9QF4|1|A1|A|708","tHW","9QF4|1|A1|U|607"
"9QF4|1|A1|C|709","cWW","9QF4|1|A1|G|609"
"9QF4|1|A1|G|710","cWW","9QF4|1|A1|4AC|540"
"9QF4|1|A1|G|711","cWW","9QF4|1|A1|C|539"
"9QF4|1|A1|U|712","cWW","9QF4|1|A1|G|538"
"9QF4|1|A1|G|713","tSH","9QF4|1|A1|A|537"
"9QF4|1|A1|A|714","tHW","9QF4|1|A1|U|536"
"9QF4|1|A1|G|715","tHS","9QF4|1|A1|G|535"
"9QF4|1|A1|G|716","cWW","9QF4|1|A1|4AC|534"
"9QF4|1|A1|G|717","cWW","9QF4|1|A1|C|533"
"9QF4|1|A1|C|718","cWW","9QF4|1|A1|G|532"
"9QF4|1|A1|4AC|719","cWW","9QF4|1|A1|G|531"
"9QF4|1|A1|A|721","tHW","9QF4|1|A1|U|768"
"9QF4|1|A1|A|721","cSS","9QF4|1|A1|G|1482"
"9QF4|1|A1|G|723","cWW","9QF4|1|A1|U|766"
"9QF4|1|A1|G|724","cWW","9QF4|1|A1|C|765"
"9QF4|1|A1|C|725","cSW","9QF4|1|A1|C|858"
"9QF4|1|A1|C|725","cWW","9QF4|1|A1|G|764"
"9QF4|1|A1|C|726","cWW","9QF4|1|A1|OMG|763"
"9QF4|1|A1|A|727","cWW","9QF4|1|A1|OMU|762"
"9QF4|1|A1|G|728","cWW","9QF4|1|A1|OMC|761"
"9QF4|1|A1|G|729","cWW","9QF4|1|A1|C|760"
"9QF4|1|A1|G|733","cWW","9QF4|1|A1|U|759"
"9QF4|1|A1|C|734","cWW","9QF4|1|A1|G|758"
"9QF4|1|A1|G|735","tSH","9QF4|1|A1|A|757"
"9QF4|1|A1|A|736","tHW","9QF4|1|A1|4SU|756"
"9QF4|1|A1|A|737","tHS","9QF4|1|A1|G|755"
"9QF4|1|A1|C|738","cWW","9QF4|1|A1|G|754"
"9QF4|1|A1|4AC|739","cWW","9QF4|1|A1|G|753"
"9QF4|1|A1|G|740","cWW","9QF4|1|A1|C|752"
"9QF4|1|A1|G|741","cWW","9QF4|1|A1|C|751"
"9QF4|1|A1|C|751","cWW","9QF4|1|A1|G|741"
"9QF4|1|A1|C|752","cWW","9QF4|1|A1|G|740"
"9QF4|1|A1|G|753","cWW","9QF4|1|A1|4AC|739"
"9QF4|1|A1|G|754","cWW","9QF4|1|A1|C|738"
"9QF4|1|A1|G|755","tSH","9QF4|1|A1|A|737"
"9QF4|1|A1|4SU|756","tWH","9QF4|1|A1|A|736"
"9QF4|1|A1|A|757","tHS","9QF4|1|A1|G|735"
"9QF4|1|A1|G|758","cWW","9QF4|1|A1|C|734"
"9QF4|1|A1|U|759","cWW","9QF4|1|A1|G|733"
"9QF4|1|A1|C|760","cWW","9QF4|1|A1|G|729"
"9QF4|1|A1|OMC|761","cWW","9QF4|1|A1|G|728"
"9QF4|1|A1|OMU|762","cWW","9QF4|1|A1|A|727"
"9QF4|1|A1|OMG|763","cWW","9QF4|1|A1|C|726"
"9QF4|1|A1|G|764","cWW","9QF4|1|A1|C|725"
"9QF4|1|A1|C|765","cWW","9QF4|1|A1|G|724"
"9QF4|1|A1|U|766","cWW","9QF4|1|A1|G|723"
"9QF4|1|A1|U|768","tWH","9QF4|1|A1|A|721"
"9QF4|1|A1|U|768","cSS","9QF4|1|A1|G|1468"
"9QF4|1|A1|G|772","cWW","9QF4|1|A1|5MC|1486"
"9QF4|1|A1|OMU|775","cWH","9QF4|1|A1|A|832"
"9QF4|1|A1|G|776","cWW","9QF4|1|A1|C|838"
"9QF4|1|A1|5MC|777","cWW","9QF4|1|A1|G|837"
"9QF4|1|A1|G|778","cWW","9QF4|1|A1|4AC|836"
"9QF4|1|A1|G|779","cWW","9QF4|1|A1|C|835"
"9QF4|1|A1|G|780","cWW","9QF4|1|A1|OMC|834"
"9QF4|1|A1|C|781","cWW","9QF4|1|A1|OMG|833"
"9QF4|1|A1|U|782","tWW","9QF4|1|A1|A|831"
"9QF4|1|A1|A|783","tHS","9QF4|1|A1|G|817"
"9QF4|1|A1|G|784","cWW","9QF4|1|A1|4AC|816"
"9QF4|1|A1|G|785","cWW","9QF4|1|A1|5MC|815"
"9QF4|1|A1|U|786","cWW","9QF4|1|A1|G|814"
"9QF4|1|A1|G|787","cWW","9QF4|1|A1|U|813"
"9QF4|1|A1|U|788","cWW","9QF4|1|A1|G|812"
"9QF4|1|A1|C|789","cWW","9QF4|1|A1|G|811"
"9QF4|1|A1|G|790","cWW","9QF4|1|A1|C|810"
"9QF4|1|A1|G|791","cWW","9QF4|1|A1|C|809"
"9QF4|1|A1|G|792","cWW","9QF4|1|A1|C|808"
"9QF4|1|A1|C|793","cWW","9QF4|1|A1|G|807"
"9QF4|1|A1|G|794","cWW","9QF4|1|A1|C|806"
"9QF4|1|A1|A|795","cWW","9QF4|1|A1|U|805"
"9QF4|1|A1|G|796","cWW","9QF4|1|A1|C|804"
"9QF4|1|A1|C|797","cWW","9QF4|1|A1|G|803"
"9QF4|1|A1|U|798","tSW","9QF4|1|A1|G|801"
"9QF4|1|A1|G|801","tWS","9QF4|1|A1|U|798"
"9QF4|1|A1|G|803","cWW","9QF4|1|A1|C|797"
"9QF4|1|A1|C|804","cWW","9QF4|1|A1|G|796"
"9QF4|1|A1|U|805","cWW","9QF4|1|A1|A|795"
"9QF4|1|A1|C|806","cWW","9QF4|1|A1|G|794"
"9QF4|1|A1|G|807","cWW","9QF4|1|A1|C|793"
"9QF4|1|A1|C|808","cWW","9QF4|1|A1|G|792"
"9QF4|1|A1|C|809","cWW","9QF4|1|A1|G|791"
"9QF4|1|A1|C|810","cWW","9QF4|1|A1|G|790"
"9QF4|1|A1|G|811","cWW","9QF4|1|A1|C|789"
"9QF4|1|A1|G|812","cWW","9QF4|1|A1|U|788"
"9QF4|1|A1|U|813","cWW","9QF4|1|A1|G|787"
"9QF4|1|A1|G|814","cWW","9QF4|1|A1|U|786"
"9QF4|1|A1|5MC|815","cWW","9QF4|1|A1|G|785"
"9QF4|1|A1|4AC|816","cWW","9QF4|1|A1|G|784"
"9QF4|1|A1|G|817","tSH","9QF4|1|A1|A|783"
"9QF4|1|A1|A2M|819","tHS","9QF4|1|A1|G|828"
"9QF4|1|A1|G|820","cWW","9QF4|1|A1|4AC|827"
"9QF4|1|A1|G|821","cWW","9QF4|1|A1|C|826"
"9QF4|1|A1|A|823","tSS","9QF4|1|A1|G|876"
"9QF4|1|A1|A|824","cWW","9QF4|1|A1|U|525"
"9QF4|1|A1|G|825","cWW","9QF4|1|A1|C|524"
"9QF4|1|A1|C|826","tSS","9QF4|1|A1|A|832"
"9QF4|1|A1|C|826","cWW","9QF4|1|A1|G|821"
"9QF4|1|A1|4AC|827","cWW","9QF4|1|A1|G|820"
"9QF4|1|A1|G|828","tSH","9QF4|1|A1|A2M|819"
"9QF4|1|A1|A|831","tWW","9QF4|1|A1|U|782"
"9QF4|1|A1|A|832","tSS","9QF4|1|A1|C|826"
"9QF4|1|A1|A|832","cHW","9QF4|1|A1|OMU|775"
"9QF4|1|A1|OMG|833","cWW","9QF4|1|A1|C|781"
"9QF4|1|A1|OMC|834","cWW","9QF4|1|A1|G|780"
"9QF4|1|A1|C|835","cWW","9QF4|1|A1|G|779"
"9QF4|1|A1|4AC|836","cWW","9QF4|1|A1|G|778"
"9QF4|1|A1|G|837","cWW","9QF4|1|A1|5MC|777"
"9QF4|1|A1|C|838","cWW","9QF4|1|A1|G|776"
"9QF4|1|A1|4AC|839","cWW","9QF4|1|A1|G|529"
"9QF4|1|A1|G|840","cWW","9QF4|1|A1|5MC|523"
"9QF4|1|A1|C|841","cWW","9QF4|1|A1|G|522"
"9QF4|1|A1|C|842","cWW","9QF4|1|A1|G|521"
"9QF4|1|A1|U|843","tWW","9QF4|1|A1|A|517"
"9QF4|1|A1|G|844","cWW","9QF4|1|A1|U|871"
"9QF4|1|A1|G|845","cWW","9QF4|1|A1|U|870"
"9QF4|1|A1|G|846","cWW","9QF4|1|A1|C|869"
"9QF4|1|A1|G|847","tSH","9QF4|1|A1|A|868"
"9QF4|1|A1|A|848","tHH","9QF4|1|A1|A|867"
"9QF4|1|A1|G|849","cSH","9QF4|1|A1|U|850"
"9QF4|1|A1|U|850","cHS","9QF4|1|A1|G|849"
"9QF4|1|A1|U|850","tWH","9QF4|1|A1|A|866"
"9QF4|1|A1|A|851","tHS","9QF4|1|A1|G|865"
"9QF4|1|A1|C|852","cWW","9QF4|1|A1|U|241"
"9QF4|1|A1|G|853","cWW","9QF4|1|A1|U|864"
"9QF4|1|A1|G|854","cWW","9QF4|1|A1|5MC|863"
"9QF4|1|A1|C|855","cWW","9QF4|1|A1|G|862"
"9QF4|1|A1|4AC|856","cWW","9QF4|1|A1|OMG|861"
"9QF4|1|A1|C|858","cWS","9QF4|1|A1|C|725"
"9QF4|1|A1|OMG|861","cWW","9QF4|1|A1|4AC|856"
"9QF4|1|A1|G|862","cWW","9QF4|1|A1|C|855"
"9QF4|1|A1|5MC|863","cWW","9QF4|1|A1|G|854"
"9QF4|1|A1|U|864","cWW","9QF4|1|A1|G|853"
"9QF4|1|A1|G|865","tSH","9QF4|1|A1|A|851"
"9QF4|1|A1|A|866","tHW","9QF4|1|A1|U|850"
"9QF4|1|A1|A|867","tHH","9QF4|1|A1|A|848"
"9QF4|1|A1|A|868","tHS","9QF4|1|A1|G|847"
"9QF4|1|A1|C|869","cWW","9QF4|1|A1|G|846"
"9QF4|1|A1|U|870","cWW","9QF4|1|A1|G|845"
"9QF4|1|A1|U|871","cWW","9QF4|1|A1|G|844"
"9QF4|1|A1|A|873","tHS","9QF4|1|A1|G|16"
"9QF4|1|A1|A|874","cHW","9QF4|1|A1|OMU|8"
"9QF4|1|A1|G|875","cWW","9QF4|1|A1|C|14"
"9QF4|1|A1|G|875","cSS","9QF4|1|A1|A|526"
"9QF4|1|A1|G|876","cWW","9QF4|1|A1|C|13"
"9QF4|1|A1|G|876","tSS","9QF4|1|A1|A|823"
"9QF4|1|A1|A|877","cWW","9QF4|1|A1|U|12"
"9QF4|1|A1|A|878","cWW","9QF4|1|A1|A|11"
"9QF4|1|A1|A|878","tSS","9QF4|1|A1|A|1033"
"9QF4|1|A1|U|879","cWW","9QF4|1|A1|G|10"
"9QF4|1|A1|U|880","cWW","9QF4|1|A1|A|1358"
"9QF4|1|A1|G|881","cWW","9QF4|1|A1|C|1357"
"9QF4|1|A1|G|881","tSS","9QF4|1|A1|A|1360"
"9QF4|1|A1|G|882","cWW","9QF4|1|A1|C|1355"
"9QF4|1|A1|C|883","cWW","9QF4|1|A1|G|1354"
"9QF4|1|A1|C|883","tSS","9QF4|1|A1|A|1459"
"9QF4|1|A1|G|884","cWW","9QF4|1|A1|U|1353"
"9QF4|1|A1|G|886","cWW","9QF4|1|A1|U|1352"
"9QF4|1|A1|G|887","cWW","9QF4|1|A1|C|1351"
"9QF4|1|A1|G|888","cWW","9QF4|1|A1|C|1350"
"9QF4|1|A1|A|889","cWW","9QF4|1|A1|U|1349"
"9QF4|1|A1|G|890","cWW","9QF4|1|A1|C|1348"
"9QF4|1|A1|C|891","cWW","9QF4|1|A1|G|1347"
"9QF4|1|A1|A|892","cWW","9QF4|1|A1|U|1346"
"9QF4|1|A1|A|895","cWW","9QF4|1|A1|U|1342"
"9QF4|1|A1|A|895","cSW","9QF4|1|A1|C|1345"
"9QF4|1|A1|C|896","cWW","9QF4|1|A1|G|1341"
"9QF4|1|A1|C|896","cSW","9QF4|1|A1|C|1344"
"9QF4|1|A1|A|898","cSS","9QF4|1|A1|U|1338"
"9QF4|1|A1|G|899","cSS","9QF4|1|A1|A|1337"
"9QF4|1|A1|G|899","cWW","9QF4|1|A1|C|1306"
"9QF4|1|A1|G|900","cWW","9QF4|1|A1|C|1305"
"9QF4|1|A1|OMG|901","cWW","9QF4|1|A1|C|1304"
"9QF4|1|A1|G|902","cWW","9QF4|1|A1|U|1303"
"9QF4|1|A1|U|903","cWW","9QF4|1|A1|A|1302"
"9QF4|1|A1|G|904","tSH","9QF4|1|A1|A|1301"
"9QF4|1|A1|G|905","cWW","9QF4|1|A1|A|1198"
"9QF4|1|A1|A|906","cWW","9QF4|1|A1|U|1197"
"9QF4|1|A1|A|906","cSS","9QF4|1|A1|A|1295"
"9QF4|1|A1|G|907","cWW","9QF4|1|A1|C|1196"
"9QF4|1|A1|C|908","cWW","9QF4|1|A1|G|1195"
"9QF4|1|A1|G|909","cWW","9QF4|1|A1|OMC|1194"
"9QF4|1|A1|U|910","cWW","9QF4|1|A1|G|1193"
"9QF4|1|A1|G|911","cSS","9QF4|1|A1|C|930"
"9QF4|1|A1|G|911","cWW","9QF4|1|A1|C|1192"
"9QF4|1|A1|C|912","cWW","9QF4|1|A1|G|1191"
"9QF4|1|A1|G|913","cWW","9QF4|1|A1|5MC|1190"
"9QF4|1|A1|G|914","cWW","9QF4|1|A1|C|1188"
"9QF4|1|A1|U|915","cWW","9QF4|1|A1|A|1187"
"9QF4|1|A1|U|916","tWW","9QF4|1|A1|U|920"
"9QF4|1|A1|A|919","tSS","9QF4|1|A1|G|1183"
"9QF4|1|A1|U|920","tWW","9QF4|1|A1|U|916"
"9QF4|1|A1|G|922","cWW","9QF4|1|A1|C|933"
"9QF4|1|A1|G|923","cWW","9QF4|1|A1|C|932"
"9QF4|1|A1|C|930","cSS","9QF4|1|A1|G|911"
"9QF4|1|A1|C|932","cWW","9QF4|1|A1|G|923"
"9QF4|1|A1|C|933","cWW","9QF4|1|A1|G|922"
"9QF4|1|A1|A|938","tWS","9QF4|1|A1|G|1278"
"9QF4|1|A1|C|944","cWW","9QF4|1|A1|G|1183"
"9QF4|1|A1|4AC|945","cWW","9QF4|1|A1|G|1182"
"9QF4|1|A1|G|946","cWW","9QF4|1|A1|4AC|1181"
"9QF4|1|A1|G|947","cWW","9QF4|1|A1|C|1180"
"9QF4|1|A1|G|948","cWW","9QF4|1|A1|C|1179"
"9QF4|1|A1|G|949","cWW","9QF4|1|A1|C|1178"
"9QF4|1|A1|G|950","cWW","9QF4|1|A1|C|1177"
"9QF4|1|A1|5MC|951","tWH","9QF4|1|A1|A|1175"
"9QF4|1|A1|A|953","tHS","9QF4|1|A1|A|997"
"9QF4|1|A1|C|954","cWW","9QF4|1|A1|G|996"
"9QF4|1|A1|G|955","cWW","9QF4|1|A1|C|995"
"9QF4|1|A1|G|956","cWW","9QF4|1|A1|C|994"
"9QF4|1|A1|C|957","cWW","9QF4|1|A1|G|993"
"9QF4|1|A1|A|958","tHS","9QF4|1|A1|G|991"
"9QF4|1|A1|G|959","cWW","9QF4|1|A1|C|990"
"9QF4|1|A1|G|963","tSH","9QF4|1|A1|A|989"
"9QF4|1|A1|G|966","cWW","9QF4|1|A1|C|986"
"9QF4|1|A1|G|967","cWW","9QF4|1|A1|C|985"
"9QF4|1|A1|C|968","cWW","9QF4|1|A1|G|984"
"9QF4|1|A1|A|970","cWW","9QF4|1|A1|U|982"
"9QF4|1|A1|G|971","cWW","9QF4|1|A1|C|981"
"9QF4|1|A1|G|972","cWW","9QF4|1|A1|U|980"
"9QF4|1|A1|C|973","cWW","9QF4|1|A1|G|979"
"9QF4|1|A1|G|978","tWW","9QF4|1|A1|U|983"
"9QF4|1|A1|G|979","cWW","9QF4|1|A1|C|973"
"9QF4|1|A1|U|980","cWW","9QF4|1|A1|G|972"
"9QF4|1|A1|C|981","cWW","9QF4|1|A1|G|971"
"9QF4|1|A1|U|982","cWW","9QF4|1|A1|A|970"
"9QF4|1|A1|U|983","tWW","9QF4|1|A1|G|978"
"9QF4|1|A1|G|984","cWW","9QF4|1|A1|C|968"
"9QF4|1|A1|C|985","cWW","9QF4|1|A1|G|967"
"9QF4|1|A1|C|986","cWW","9QF4|1|A1|G|966"
"9QF4|1|A1|A|989","tHS","9QF4|1|A1|G|963"
"9QF4|1|A1|C|990","cWW","9QF4|1|A1|G|959"
"9QF4|1|A1|G|991","tSH","9QF4|1|A1|A|958"
"9QF4|1|A1|G|993","cWW","9QF4|1|A1|C|957"
"9QF4|1|A1|C|994","cWW","9QF4|1|A1|G|956"
"9QF4|1|A1|C|995","cWW","9QF4|1|A1|G|955"
"9QF4|1|A1|G|996","cWW","9QF4|1|A1|C|954"
"9QF4|1|A1|A|997","tSH","9QF4|1|A1|A|953"
"9QF4|1|A1|A|999","tHS","9QF4|1|A1|G|1173"
"9QF4|1|A1|G|1000","cWW","9QF4|1|A1|C|1172"
"9QF4|1|A1|G|1001","cWW","9QF4|1|A1|C|1171"
"9QF4|1|A1|OMG|1003","cWW","9QF4|1|A1|C|1170"
"9QF4|1|A1|2MG|1004","cWW","9QF4|1|A1|C|1169"
"9QF4|1|A1|U|1005","cWW","9QF4|1|A1|G|1168"
"9QF4|1|A1|G|1006","cWH","9QF4|1|A1|G|1010"
"9QF4|1|A1|A|1008","tHW","9QF4|1|A1|C|1162"
"9QF4|1|A1|U|1009","cWW","9QF4|1|A1|A|1166"
"9QF4|1|A1|G|1010","cHW","9QF4|1|A1|G|1006"
"9QF4|1|A1|G|1011","cWW","9QF4|1|A1|U|1161"
"9QF4|1|A1|5MC|1012","cWW","9QF4|1|A1|G|1160"
"9QF4|1|A1|5MC|1013","cWW","9QF4|1|A1|G|1159"
"9QF4|1|A1|G|1014","cWW","9QF4|1|A1|U|1157"
"9QF4|1|A1|C|1015","cWW","9QF4|1|A1|G|1156"
"9QF4|1|A1|4AC|1016","cWW","9QF4|1|A1|G|1155"
"9QF4|1|A1|G|1017","tSS","9QF4|1|A1|G|1152"
"9QF4|1|A1|G|1021","cWW","9QF4|1|A1|C|1060"
"9QF4|1|A1|C|1022","cWW","9QF4|1|A1|G|1059"
"9QF4|1|A1|U|1023","cWW","9QF4|1|A1|A|1058"
"9QF4|1|A1|C|1024","cWW","9QF4|1|A1|G|1057"
"9QF4|1|A1|C|1024","tHH","9QF4|1|A1|U|1038"
"9QF4|1|A1|G|1025","cWW","9QF4|1|A1|C|1056"
"9QF4|1|A1|G|1025","tHS","9QF4|1|A1|G|1037"
"9QF4|1|A1|U|1026","cWW","9QF4|1|A1|A|1055"
"9QF4|1|A1|A|1027","cWW","9QF4|1|A1|C|1036"
"9QF4|1|A1|OMC|1028","cWW","9QF4|1|A1|G|1035"
"9QF4|1|A1|LHH|1029","cWW","9QF4|1|A1|G|1034"
"9QF4|1|A1|G|1032","cSS","9QF4|1|A1|U|12"
"9QF4|1|A1|A|1033","tSS","9QF4|1|A1|A|878"
"9QF4|1|A1|G|1034","cWW","9QF4|1|A1|LHH|1029"
"9QF4|1|A1|G|1035","cWW","9QF4|1|A1|OMC|1028"
"9QF4|1|A1|C|1036","cWW","9QF4|1|A1|A|1027"
"9QF4|1|A1|G|1037","tSH","9QF4|1|A1|G|1025"
"9QF4|1|A1|U|1038","tHH","9QF4|1|A1|C|1024"
"9QF4|1|A1|C|1039","cWW","9QF4|1|A1|G|1052"
"9QF4|1|A1|C|1040","cWW","9QF4|1|A1|G|1051"
"9QF4|1|A1|A|1041","cWW","9QF4|1|A1|U|1050"
"9QF4|1|A1|C|1042","cWW","9QF4|1|A1|G|1049"
"9QF4|1|A1|U|1043","cWW","9QF4|1|A1|U|1048"
"9QF4|1|A1|U|1048","cWW","9QF4|1|A1|U|1043"
"9QF4|1|A1|G|1049","cWW","9QF4|1|A1|C|1042"
"9QF4|1|A1|G|1049","cSS","9QF4|1|A1|A|1132"
"9QF4|1|A1|U|1050","cSS","9QF4|1|A1|A|1131"
"9QF4|1|A1|U|1050","cWW","9QF4|1|A1|A|1041"
"9QF4|1|A1|G|1051","cWW","9QF4|1|A1|C|1040"
"9QF4|1|A1|G|1052","cWW","9QF4|1|A1|C|1039"
"9QF4|1|A1|A|1055","cWW","9QF4|1|A1|U|1026"
"9QF4|1|A1|C|1056","cWW","9QF4|1|A1|G|1025"
"9QF4|1|A1|G|1057","cWW","9QF4|1|A1|C|1024"
"9QF4|1|A1|A|1058","cWW","9QF4|1|A1|U|1023"
"9QF4|1|A1|G|1059","cWW","9QF4|1|A1|C|1022"
"9QF4|1|A1|C|1060","cWW","9QF4|1|A1|G|1021"
"9QF4|1|A1|C|1065","cWW","9QF4|1|A1|G|1150"
"9QF4|1|A1|C|1066","cWW","9QF4|1|A1|G|1149"
"9QF4|1|A1|4AC|1067","cWW","9QF4|1|A1|G|1148"
"9QF4|1|A1|G|1068","cWW","9QF4|1|A1|C|1147"
"9QF4|1|A1|C|1069","cWW","9QF4|1|A1|G|1146"
"9QF4|1|A1|C|1071","cWW","9QF4|1|A1|G|1117"
"9QF4|1|A1|C|1072","cWW","9QF4|1|A1|G|1116"
"9QF4|1|A1|C|1073","cWW","9QF4|1|A1|G|1115"
"9QF4|1|A1|C|1074","cWW","9QF4|1|A1|G|1114"
"9QF4|1|A1|C|1075","cWW","9QF4|1|A1|G|1113"
"9QF4|1|A1|A|1076","cWW","9QF4|1|A1|U|1112"
"9QF4|1|A1|G|1077","cSH","9QF4|1|A1|U|1078"
"9QF4|1|A1|G|1077","cWW","9QF4|1|A1|C|1111"
"9QF4|1|A1|U|1078","cHS","9QF4|1|A1|G|1077"
"9QF4|1|A1|G|1080","cWW","9QF4|1|A1|C|1107"
"9QF4|1|A1|G|1080","tSH","9QF4|1|A1|OMU|1110"
"9QF4|1|A1|C|1081","cWW","9QF4|1|A1|G|1106"
"9QF4|1|A1|C|1082","cWW","9QF4|1|A1|G|1105"
"9QF4|1|A1|C|1086","cWW","9QF4|1|A1|G|1103"
"9QF4|1|A1|C|1087","cWW","9QF4|1|A1|G|1102"
"9QF4|1|A1|C|1088","cWW","9QF4|1|A1|G|1101"
"9QF4|1|A1|U|1089","cWW","9QF4|1|A1|A|1100"
"9QF4|1|A1|C|1090","cWW","9QF4|1|A1|G|1099"
"9QF4|1|A1|C|1091","cWW","9QF4|1|A1|G|1098"
"9QF4|1|A1|C|1092","cWW","9QF4|1|A1|G|1097"
"9QF4|1|A1|U|1095","cSH","9QF4|1|A1|C|1096"
"9QF4|1|A1|C|1096","cHS","9QF4|1|A1|U|1095"
"9QF4|1|A1|G|1097","cWW","9QF4|1|A1|C|1092"
"9QF4|1|A1|G|1098","cWW","9QF4|1|A1|C|1091"
"9QF4|1|A1|G|1099","cWW","9QF4|1|A1|C|1090"
"9QF4|1|A1|A|1100","cWW","9QF4|1|A1|U|1089"
"9QF4|1|A1|G|1101","cWW","9QF4|1|A1|C|1088"
"9QF4|1|A1|G|1102","cWW","9QF4|1|A1|C|1087"
"9QF4|1|A1|G|1103","cWW","9QF4|1|A1|C|1086"
"9QF4|1|A1|G|1105","cWW","9QF4|1|A1|C|1082"
"9QF4|1|A1|G|1106","cSH","9QF4|1|A1|A|1108"
"9QF4|1|A1|G|1106","cWW","9QF4|1|A1|C|1081"
"9QF4|1|A1|C|1107","cWW","9QF4|1|A1|G|1080"
"9QF4|1|A1|A|1108","cHS","9QF4|1|A1|G|1106"
"9QF4|1|A1|OMU|1110","tHS","9QF4|1|A1|G|1080"
"9QF4|1|A1|C|1111","cWW","9QF4|1|A1|G|1077"
"9QF4|1|A1|U|1112","cWW","9QF4|1|A1|A|1076"
"9QF4|1|A1|G|1113","cWW","9QF4|1|A1|C|1075"
"9QF4|1|A1|G|1114","cWW","9QF4|1|A1|C|1074"
"9QF4|1|A1|G|1115","cWW","9QF4|1|A1|C|1073"
"9QF4|1|A1|G|1116","cWW","9QF4|1|A1|C|1072"
"9QF4|1|A1|G|1117","cWW","9QF4|1|A1|C|1071"
"9QF4|1|A1|G|1118","tSW","9QF4|1|A1|A|1141"
"9QF4|1|A1|A|1119","tWS","9QF4|1|A1|G|1140"
"9QF4|1|A1|C|1120","cWW","9QF4|1|A1|G|1143"
"9QF4|1|A1|U|1121","cSH","9QF4|1|A1|5MC|1123"
"9QF4|1|A1|G|1122","cHW","9QF4|1|A1|G|1144"
"9QF4|1|A1|5MC|1123","cWW","9QF4|1|A1|G|1137"
"9QF4|1|A1|5MC|1123","cHS","9QF4|1|A1|U|1121"
"9QF4|1|A1|C|1124","cWW","9QF4|1|A1|G|1136"
"9QF4|1|A1|G|1125","cWW","9QF4|1|A1|4AC|1135"
"9QF4|1|A1|G|1126","cWW","9QF4|1|A1|C|1134"
"9QF4|1|A1|C|1127","cWW","9QF4|1|A1|G|1133"
"9QF4|1|A1|G|1128","tSH","9QF4|1|A1|A|1132"
"9QF4|1|A1|A|1131","cSS","9QF4|1|A1|U|1050"
"9QF4|1|A1|A|1132","tHS","9QF4|1|A1|G|1128"
"9QF4|1|A1|A|1132","cSS","9QF4|1|A1|G|1049"
"9QF4|1|A1|G|1133","cWW","9QF4|1|A1|C|1127"
"9QF4|1|A1|C|1134","cWW","9QF4|1|A1|G|1126"
"9QF4|1|A1|4AC|1135","cWW","9QF4|1|A1|G|1125"
"9QF4|1|A1|G|1136","cWW","9QF4|1|A1|C|1124"
"9QF4|1|A1|G|1137","cWW","9QF4|1|A1|5MC|1123"
"9QF4|1|A1|G|1140","tSW","9QF4|1|A1|A|1119"
"9QF4|1|A1|A|1141","tWS","9QF4|1|A1|G|1118"
"9QF4|1|A1|G|1143","cWW","9QF4|1|A1|C|1120"
"9QF4|1|A1|G|1144","cWH","9QF4|1|A1|G|1122"
"9QF4|1|A1|G|1146","cWW","9QF4|1|A1|C|1069"
"9QF4|1|A1|C|1147","cWW","9QF4|1|A1|G|1068"
"9QF4|1|A1|G|1148","cWW","9QF4|1|A1|4AC|1067"
"9QF4|1|A1|G|1149","cWW","9QF4|1|A1|C|1066"
"9QF4|1|A1|G|1150","cWW","9QF4|1|A1|C|1065"
"9QF4|1|A1|G|1152","tSS","9QF4|1|A1|G|1017"
"9QF4|1|A1|G|1155","cWW","9QF4|1|A1|4AC|1016"
"9QF4|1|A1|G|1156","cWW","9QF4|1|A1|C|1015"
"9QF4|1|A1|U|1157","cWW","9QF4|1|A1|G|1014"
"9QF4|1|A1|G|1159","cWW","9QF4|1|A1|5MC|1013"
"9QF4|1|A1|G|1160","cWW","9QF4|1|A1|5MC|1012"
"9QF4|1|A1|U|1161","cWW","9QF4|1|A1|G|1011"
"9QF4|1|A1|C|1162","tWH","9QF4|1|A1|A|1008"
"9QF4|1|A1|A|1166","cWW","9QF4|1|A1|U|1009"
"9QF4|1|A1|G|1168","tSW","9QF4|1|A1|A|486"
"9QF4|1|A1|G|1168","cWW","9QF4|1|A1|U|1005"
"9QF4|1|A1|C|1169","cWW","9QF4|1|A1|2MG|1004"
"9QF4|1|A1|C|1170","cWW","9QF4|1|A1|OMG|1003"
"9QF4|1|A1|C|1171","cWW","9QF4|1|A1|G|1001"
"9QF4|1|A1|C|1172","cWW","9QF4|1|A1|G|1000"
"9QF4|1|A1|G|1173","tSH","9QF4|1|A1|A|999"
"9QF4|1|A1|A|1175","tHW","9QF4|1|A1|5MC|951"
"9QF4|1|A1|C|1177","cWW","9QF4|1|A1|G|950"
"9QF4|1|A1|C|1178","cWW","9QF4|1|A1|G|949"
"9QF4|1|A1|C|1179","cWW","9QF4|1|A1|G|948"
"9QF4|1|A1|C|1180","cWW","9QF4|1|A1|G|947"
"9QF4|1|A1|4AC|1181","cWW","9QF4|1|A1|G|946"
"9QF4|1|A1|G|1182","cWW","9QF4|1|A1|4AC|945"
"9QF4|1|A1|G|1183","cWW","9QF4|1|A1|C|944"
"9QF4|1|A1|G|1183","tSS","9QF4|1|A1|A|919"
"9QF4|1|A1|A|1187","cWW","9QF4|1|A1|U|915"
"9QF4|1|A1|C|1188","cWW","9QF4|1|A1|G|914"
"9QF4|1|A1|5MC|1190","cWW","9QF4|1|A1|G|913"
"9QF4|1|A1|G|1191","cWW","9QF4|1|A1|C|912"
"9QF4|1|A1|C|1192","cWW","9QF4|1|A1|G|911"
"9QF4|1|A1|G|1193","cWW","9QF4|1|A1|U|910"
"9QF4|1|A1|OMC|1194","cWW","9QF4|1|A1|G|909"
"9QF4|1|A1|G|1195","cWW","9QF4|1|A1|C|908"
"9QF4|1|A1|C|1196","cWW","9QF4|1|A1|G|907"
"9QF4|1|A1|U|1197","cWW","9QF4|1|A1|A|906"
"9QF4|1|A1|A|1198","cWW","9QF4|1|A1|G|905"
"9QF4|1|A1|C|1199","cWW","9QF4|1|A1|G|1299"
"9QF4|1|A1|A|1200","cSS","9QF4|1|A1|G|1203"
"9QF4|1|A1|A|1201","tHW","9QF4|1|A1|A|1261"
"9QF4|1|A1|G|1203","cSS","9QF4|1|A1|A|1200"
"9QF4|1|A1|G|1203","cWW","9QF4|1|A1|C|1258"
"9QF4|1|A1|G|1204","cWW","9QF4|1|A1|C|1257"
"9QF4|1|A1|G|1205","cWW","9QF4|1|A1|C|1256"
"9QF4|1|A1|C|1206","cWW","9QF4|1|A1|G|1255"
"9QF4|1|A1|G|1207","cWW","9QF4|1|A1|4AC|1254"
"9QF4|1|A1|G|1208","cWW","9QF4|1|A1|C|1253"
"9QF4|1|A1|G|1209","cWW","9QF4|1|A1|C|1252"
"9QF4|1|A1|A|1210","tWH","9QF4|1|A1|A|1251"
"9QF4|1|A1|C|1211","tWH","9QF4|1|A1|A|1250"
"9QF4|1|A1|A|1213","tSS","9QF4|1|A1|C|1316"
"9QF4|1|A1|G|1215","cWW","9QF4|1|A1|C|1246"
"9QF4|1|A1|G|1216","cWW","9QF4|1|A1|C|1245"
"9QF4|1|A1|G|1217","cWW","9QF4|1|A1|C|1244"
"9QF4|1|A1|C|1220","cWW","9QF4|1|A1|G|1239"
"9QF4|1|A1|4AC|1221","cWW","9QF4|1|A1|G|1238"
"9QF4|1|A1|G|1222","tSH","9QF4|1|A1|A|1237"
"9QF4|1|A1|A|1223","tHS","9QF4|1|A1|A|1236"
"9QF4|1|A1|C|1224","cWW","9QF4|1|A1|G|1235"
"9QF4|1|A1|C|1225","cWW","9QF4|1|A1|G|1234"
"9QF4|1|A1|OMC|1226","cWW","9QF4|1|A1|G|1233"
"9QF4|1|A1|4AC|1227","cWW","9QF4|1|A1|G|1232"
"9QF4|1|A1|A|1230","cSS","9QF4|1|A1|4AC|1288"
"9QF4|1|A1|A|1231","tSS","9QF4|1|A1|G|1274"
"9QF4|1|A1|A|1231","cSS","9QF4|1|A1|C|1287"
"9QF4|1|A1|G|1232","cWW","9QF4|1|A1|4AC|1227"
"9QF4|1|A1|G|1233","cWW","9QF4|1|A1|OMC|1226"
"9QF4|1|A1|G|1234","cWW","9QF4|1|A1|C|1225"
"9QF4|1|A1|G|1235","cWW","9QF4|1|A1|C|1224"
"9QF4|1|A1|A|1236","tSH","9QF4|1|A1|A|1223"
"9QF4|1|A1|A|1237","tHS","9QF4|1|A1|G|1222"
"9QF4|1|A1|G|1238","cWW","9QF4|1|A1|4AC|1221"
"9QF4|1|A1|G|1238","cSS","9QF4|1|A1|C|1244"
"9QF4|1|A1|G|1239","cWW","9QF4|1|A1|C|1220"
"9QF4|1|A1|C|1244","cWW","9QF4|1|A1|G|1217"
"9QF4|1|A1|C|1244","cSS","9QF4|1|A1|G|1238"
"9QF4|1|A1|C|1245","cWW","9QF4|1|A1|G|1216"
"9QF4|1|A1|C|1246","cWW","9QF4|1|A1|G|1215"
"9QF4|1|A1|A|1250","tHW","9QF4|1|A1|C|1211"
"9QF4|1|A1|A|1251","tHW","9QF4|1|A1|A|1210"
"9QF4|1|A1|C|1252","cWW","9QF4|1|A1|G|1209"
"9QF4|1|A1|C|1253","cWW","9QF4|1|A1|G|1208"
"9QF4|1|A1|4AC|1254","cWW","9QF4|1|A1|G|1207"
"9QF4|1|A1|G|1255","cWW","9QF4|1|A1|C|1206"
"9QF4|1|A1|C|1256","cWW","9QF4|1|A1|G|1205"
"9QF4|1|A1|C|1257","cWW","9QF4|1|A1|G|1204"
"9QF4|1|A1|C|1258","cWW","9QF4|1|A1|G|1203"
"9QF4|1|A1|A|1261","tWH","9QF4|1|A1|A|1201"
"9QF4|1|A1|G|1262","cSH","9QF4|1|A1|U|1263"
"9QF4|1|A1|U|1263","cHS","9QF4|1|A1|G|1262"
"9QF4|1|A1|C|1265","cWW","9QF4|1|A1|G|1296"
"9QF4|1|A1|G|1266","tSH","9QF4|1|A1|A|1295"
"9QF4|1|A1|G|1267","tSH","9QF4|1|A1|A|1294"
"9QF4|1|A1|A|1268","tHS","9QF4|1|A1|G|1293"
"9QF4|1|A1|C|1270","cWW","9QF4|1|A1|G|1291"
"9QF4|1|A1|G|1271","cWW","9QF4|1|A1|C|1290"
"9QF4|1|A1|C|1272","cWW","9QF4|1|A1|G|1289"
"9QF4|1|A1|G|1273","cWW","9QF4|1|A1|4AC|1288"
"9QF4|1|A1|G|1274","tSS","9QF4|1|A1|A|1231"
"9QF4|1|A1|G|1274","cWW","9QF4|1|A1|C|1287"
"9QF4|1|A1|G|1275","cWW","9QF4|1|A1|C|1286"
"9QF4|1|A1|C|1276","cWW","9QF4|1|A1|G|1285"
"9QF4|1|A1|U|1277","cSS","9QF4|1|A1|A|1322"
"9QF4|1|A1|U|1277","tWH","9QF4|1|A1|A|1281"
"9QF4|1|A1|G|1278","tSW","9QF4|1|A1|A|938"
"9QF4|1|A1|A|1281","tHW","9QF4|1|A1|U|1277"
"9QF4|1|A1|G|1285","cWW","9QF4|1|A1|C|1276"
"9QF4|1|A1|C|1286","cWW","9QF4|1|A1|G|1275"
"9QF4|1|A1|C|1287","cSS","9QF4|1|A1|A|1231"
"9QF4|1|A1|C|1287","cWW","9QF4|1|A1|G|1274"
"9QF4|1|A1|4AC|1288","cSS","9QF4|1|A1|A|1230"
"9QF4|1|A1|4AC|1288","cWW","9QF4|1|A1|G|1273"
"9QF4|1|A1|G|1289","cWW","9QF4|1|A1|C|1272"
"9QF4|1|A1|C|1290","cWW","9QF4|1|A1|G|1271"
"9QF4|1|A1|G|1291","cWW","9QF4|1|A1|C|1270"
"9QF4|1|A1|G|1293","tSH","9QF4|1|A1|A|1268"
"9QF4|1|A1|A|1294","tHS","9QF4|1|A1|G|1267"
"9QF4|1|A1|A|1295","tHS","9QF4|1|A1|G|1266"
"9QF4|1|A1|A|1295","cSS","9QF4|1|A1|A|906"
"9QF4|1|A1|G|1296","cWW","9QF4|1|A1|C|1265"
"9QF4|1|A1|G|1299","cWW","9QF4|1|A1|C|1199"
"9QF4|1|A1|A|1301","tHS","9QF4|1|A1|G|904"
"9QF4|1|A1|A|1302","cWW","9QF4|1|A1|U|903"
"9QF4|1|A1|U|1303","cWW","9QF4|1|A1|G|902"
"9QF4|1|A1|C|1304","cWW","9QF4|1|A1|OMG|901"
"9QF4|1|A1|C|1305","cWW","9QF4|1|A1|G|900"
"9QF4|1|A1|C|1306","cWW","9QF4|1|A1|G|899"
"9QF4|1|A1|U|1307","tWW","9QF4|1|A1|U|1338"
"9QF4|1|A1|A|1308","tHH","9QF4|1|A1|A|1337"
"9QF4|1|A1|G|1309","cSH","9QF4|1|A1|U|1310"
"9QF4|1|A1|U|1310","cHS","9QF4|1|A1|G|1309"
"9QF4|1|A1|U|1310","tWH","9QF4|1|A1|A|1336"
"9QF4|1|A1|A|1311","tHS","9QF4|1|A1|G|1335"
"9QF4|1|A1|C|1313","cWW","9QF4|1|A1|G|1333"
"9QF4|1|A1|4AC|1314","cWW","9QF4|1|A1|G|1332"
"9QF4|1|A1|G|1315","cWW","9QF4|1|A1|C|1331"
"9QF4|1|A1|C|1316","cWW","9QF4|1|A1|G|1330"
"9QF4|1|A1|C|1316","tSS","9QF4|1|A1|A|1213"
"9QF4|1|A1|G|1317","cWW","9QF4|1|A1|C|1329"
"9QF4|1|A1|U|1318","cWW","9QF4|1|A1|G|1328"
"9QF4|1|A1|G|1319","cWW","9QF4|1|A1|C|1327"
"9QF4|1|A1|U|1320","tWH","9QF4|1|A1|A|1325"
"9QF4|1|A1|A|1322","cSS","9QF4|1|A1|U|1277"
"9QF4|1|A1|A|1325","tHW","9QF4|1|A1|U|1320"
"9QF4|1|A1|C|1327","cWW","9QF4|1|A1|G|1319"
"9QF4|1|A1|G|1328","cWW","9QF4|1|A1|U|1318"
"9QF4|1|A1|C|1329","cWW","9QF4|1|A1|G|1317"
"9QF4|1|A1|G|1330","cWW","9QF4|1|A1|C|1316"
"9QF4|1|A1|C|1331","cWW","9QF4|1|A1|G|1315"
"9QF4|1|A1|G|1332","cWW","9QF4|1|A1|4AC|1314"
"9QF4|1|A1|G|1333","cWW","9QF4|1|A1|C|1313"
"9QF4|1|A1|G|1335","tSH","9QF4|1|A1|A|1311"
"9QF4|1|A1|A|1336","tHW","9QF4|1|A1|U|1310"
"9QF4|1|A1|A|1337","tHH","9QF4|1|A1|A|1308"
"9QF4|1|A1|A|1337","cSS","9QF4|1|A1|G|899"
"9QF4|1|A1|U|1338","tWW","9QF4|1|A1|U|1307"
"9QF4|1|A1|U|1338","cSS","9QF4|1|A1|A|898"
"9QF4|1|A1|G|1341","cWW","9QF4|1|A1|C|896"
"9QF4|1|A1|U|1342","cWW","9QF4|1|A1|A|895"
"9QF4|1|A1|U|1342","cSH","9QF4|1|A1|C|1344"
"9QF4|1|A1|C|1343","cSH","9QF4|1|A1|C|1345"
"9QF4|1|A1|C|1344","cHS","9QF4|1|A1|U|1342"
"9QF4|1|A1|C|1344","cWS","9QF4|1|A1|C|896"
"9QF4|1|A1|C|1345","cHS","9QF4|1|A1|C|1343"
"9QF4|1|A1|C|1345","cWS","9QF4|1|A1|A|895"
"9QF4|1|A1|U|1346","cWW","9QF4|1|A1|A|892"
"9QF4|1|A1|G|1347","cWW","9QF4|1|A1|C|891"
"9QF4|1|A1|C|1348","cWW","9QF4|1|A1|G|890"
"9QF4|1|A1|U|1349","cWW","9QF4|1|A1|A|889"
"9QF4|1|A1|C|1350","cWW","9QF4|1|A1|G|888"
"9QF4|1|A1|C|1351","cWW","9QF4|1|A1|G|887"
"9QF4|1|A1|U|1352","cWW","9QF4|1|A1|G|886"
"9QF4|1|A1|U|1353","cWW","9QF4|1|A1|G|884"
"9QF4|1|A1|G|1354","cWW","9QF4|1|A1|C|883"
"9QF4|1|A1|C|1355","cWW","9QF4|1|A1|G|882"
"9QF4|1|A1|C|1357","cSS","9QF4|1|A1|A|1360"
"9QF4|1|A1|C|1357","cWW","9QF4|1|A1|G|881"
"9QF4|1|A1|A|1358","cWW","9QF4|1|A1|U|880"
"9QF4|1|A1|A|1360","cSS","9QF4|1|A1|C|1357"
"9QF4|1|A1|A|1360","tSS","9QF4|1|A1|G|881"
"9QF4|1|A1|C|1361","cWW","9QF4|1|A1|G|1461"
"9QF4|1|A1|G|1363","cWW","9QF4|1|A1|C|1458"
"9QF4|1|A1|C|1365","cSW","9QF4|1|A1|A|1456"
"9QF4|1|A1|5MC|1366","cWW","9QF4|1|A1|G|1454"
"9QF4|1|A1|5MC|1366","cSS","9QF4|1|A1|MA6|1476"
"9QF4|1|A1|G|1367","cWW","9QF4|1|A1|C|1453"
"9QF4|1|A1|C|1369","cWW","9QF4|1|A1|G|1451"
"9QF4|1|A1|A|1370","cWW","9QF4|1|B1|C|2039"
"9QF4|1|A1|OMC|1371","cWW","9QF4|1|A1|G|1448"
"9QF4|1|A1|U|1372","cWW","9QF4|1|A1|A|1447"
"9QF4|1|A1|C|1373","cWW","9QF4|1|A1|G|1446"
"9QF4|1|A1|C|1374","cWW","9QF4|1|A1|G|1445"
"9QF4|1|A1|A|1375","cWW","9QF4|1|A1|G|1444"
"9QF4|1|A1|C|1376","cWW","9QF4|1|A1|G|1443"
"9QF4|1|A1|C|1377","cWW","9QF4|1|A1|G|1442"
"9QF4|1|A1|C|1378","cWW","9QF4|1|A1|G|1441"
"9QF4|1|A1|G|1379","tSH","9QF4|1|A1|A|1440"
"9QF4|1|A1|A|1380","tHS","9QF4|1|A1|G|1439"
"9QF4|1|A1|G|1381","cWW","9QF4|1|A1|U|1438"
"9QF4|1|A1|C|1382","cWW","9QF4|1|A1|G|1437"
"9QF4|1|A1|G|1383","cWW","9QF4|1|A1|C|1436"
"9QF4|1|A1|G|1384","cWW","9QF4|1|A1|C|1435"
"9QF4|1|A1|A|1385","cWW","9QF4|1|A1|U|1434"
"9QF4|1|A1|G|1386","cWW","9QF4|1|A1|C|1433"
"9QF4|1|A1|U|1387","cWW","9QF4|1|A1|G|1432"
"9QF4|1|A1|C|1388","cWW","9QF4|1|A1|G|1431"
"9QF4|1|A1|C|1389","cWW","9QF4|1|A1|G|1430"
"9QF4|1|A1|G|1390","cWW","9QF4|1|A1|C|1429"
"9QF4|1|A1|G|1391","cWW","9QF4|1|A1|C|1428"
"9QF4|1|A1|G|1392","cWW","9QF4|1|A1|C|1427"
"9QF4|1|A1|U|1393","cWW","9QF4|1|A1|G|1426"
"9QF4|1|A1|G|1394","tSH","9QF4|1|A1|A|1425"
"9QF4|1|A1|A|1395","tHS","9QF4|1|A1|G|1424"
"9QF4|1|A1|A|1395","cSS","9QF4|1|A1|C|332"
"9QF4|1|A1|G|1396","cWW","9QF4|1|A1|C|1423"
"9QF4|1|A1|G|1397","cWW","9QF4|1|A1|U|1422"
"9QF4|1|A1|C|1398","cWW","9QF4|1|A1|G|1421"
"9QF4|1|A1|C|1399","cWW","9QF4|1|A1|OMG|1420"
"9QF4|1|A1|U|1400","cWW","9QF4|1|A1|A|1419"
"9QF4|1|A1|G|1401","cWW","9QF4|1|A1|C|1418"
"9QF4|1|A1|A|1402","cWW","9QF4|1|A1|U|1417"
"9QF4|1|A1|U|1403","cWW","9QF4|1|A1|G|1416"
"9QF4|1|A1|C|1404","cWW","9QF4|1|A1|G|1415"
"9QF4|1|A1|U|1405","cWW","9QF4|1|A1|A|1414"
"9QF4|1|A1|C|1406","cWW","9QF4|1|A1|G|1413"
"9QF4|1|A1|C|1407","cWW","9QF4|1|A1|G|1412"
"9QF4|1|A1|U|1408","tSW","9QF4|1|A1|G|1411"
"9QF4|1|A1|G|1411","tWS","9QF4|1|A1|U|1408"
"9QF4|1|A1|G|1412","cWW","9QF4|1|A1|C|1407"
"9QF4|1|A1|G|1413","cWW","9QF4|1|A1|C|1406"
"9QF4|1|A1|A|1414","cWW","9QF4|1|A1|U|1405"
"9QF4|1|A1|G|1415","cWW","9QF4|1|A1|C|1404"
"9QF4|1|A1|G|1416","cWW","9QF4|1|A1|U|1403"
"9QF4|1|A1|U|1417","cWW","9QF4|1|A1|A|1402"
"9QF4|1|A1|C|1418","cWW","9QF4|1|A1|G|1401"
"9QF4|1|A1|A|1419","cWW","9QF4|1|A1|U|1400"
"9QF4|1|A1|OMG|1420","cWW","9QF4|1|A1|C|1399"
"9QF4|1|A1|G|1421","cWW","9QF4|1|A1|C|1398"
"9QF4|1|A1|U|1422","cWW","9QF4|1|A1|G|1397"
"9QF4|1|A1|C|1423","cWW","9QF4|1|A1|G|1396"
"9QF4|1|A1|G|1424","tSH","9QF4|1|A1|A|1395"
"9QF4|1|A1|A|1425","tHS","9QF4|1|A1|G|1394"
"9QF4|1|A1|G|1426","cWW","9QF4|1|A1|U|1393"
"9QF4|1|A1|C|1427","cWW","9QF4|1|A1|G|1392"
"9QF4|1|A1|C|1428","cWW","9QF4|1|A1|G|1391"
"9QF4|1|A1|C|1429","cWW","9QF4|1|A1|G|1390"
"9QF4|1|A1|G|1430","cWW","9QF4|1|A1|C|1389"
"9QF4|1|A1|G|1431","cWW","9QF4|1|A1|C|1388"
"9QF4|1|A1|G|1432","cWW","9QF4|1|A1|U|1387"
"9QF4|1|A1|C|1433","cWW","9QF4|1|A1|G|1386"
"9QF4|1|A1|U|1434","cWW","9QF4|1|A1|A|1385"
"9QF4|1|A1|C|1435","cWW","9QF4|1|A1|G|1384"
"9QF4|1|A1|C|1436","cWW","9QF4|1|A1|G|1383"
"9QF4|1|A1|G|1437","cWW","9QF4|1|A1|C|1382"
"9QF4|1|A1|U|1438","cWW","9QF4|1|A1|G|1381"
"9QF4|1|A1|G|1439","tSH","9QF4|1|A1|A|1380"
"9QF4|1|A1|A|1440","tSS","9QF4|1|B1|G|2084"
"9QF4|1|A1|A|1440","cSS","9QF4|1|B1|C|2072"
"9QF4|1|A1|A|1440","tHS","9QF4|1|A1|G|1379"
"9QF4|1|A1|G|1441","cWW","9QF4|1|A1|C|1378"
"9QF4|1|A1|G|1442","cWW","9QF4|1|A1|C|1377"
"9QF4|1|A1|G|1443","cWW","9QF4|1|A1|C|1376"
"9QF4|1|A1|G|1444","cWW","9QF4|1|A1|A|1375"
"9QF4|1|A1|G|1445","cWW","9QF4|1|A1|C|1374"
"9QF4|1|A1|G|1446","cWW","9QF4|1|A1|C|1373"
"9QF4|1|A1|A|1447","cWW","9QF4|1|A1|U|1372"
"9QF4|1|A1|G|1448","cWW","9QF4|1|A1|OMC|1371"
"9QF4|1|A1|G|1451","cWW","9QF4|1|A1|C|1369"
"9QF4|1|A1|C|1453","cWW","9QF4|1|A1|G|1367"
"9QF4|1|A1|G|1454","cWW","9QF4|1|A1|5MC|1366"
"9QF4|1|A1|U|1455","cSH","9QF4|1|A1|A|1456"
"9QF4|1|A1|A|1456","cHS","9QF4|1|A1|U|1455"
"9QF4|1|A1|A|1456","cWS","9QF4|1|A1|C|1365"
"9QF4|1|A1|C|1458","cWW","9QF4|1|A1|G|1363"
"9QF4|1|A1|A|1459","tSS","9QF4|1|A1|C|883"
"9QF4|1|A1|G|1461","cWW","9QF4|1|A1|C|1361"
"9QF4|1|A1|A|1464","cWW","9QF4|1|A1|U|1485"
"9QF4|1|A1|G|1465","cWW","9QF4|1|A1|5MC|1484"
"9QF4|1|A1|C|1466","cWW","9QF4|1|A1|G|1483"
"9QF4|1|A1|4AC|1467","cWW","9QF4|1|A1|G|1482"
"9QF4|1|A1|G|1468","cSS","9QF4|1|A1|U|768"
"9QF4|1|A1|G|1468","cWW","9QF4|1|A1|C|1481"
"9QF4|1|A1|U|1469","cWW","9QF4|1|A1|A|1480"
"9QF4|1|A1|A|1470","cWW","9QF4|1|A1|U|1479"
"9QF4|1|A1|G|1471","cWW","9QF4|1|A1|C|1478"
"9QF4|1|A1|G|1472","cWW","9QF4|1|A1|C|1477"
"9QF4|1|A1|MA6|1476","cSS","9QF4|1|A1|5MC|1366"
"9QF4|1|A1|C|1477","cWW","9QF4|1|A1|G|1472"
"9QF4|1|A1|C|1478","cWW","9QF4|1|A1|G|1471"
"9QF4|1|A1|U|1479","cWW","9QF4|1|A1|A|1470"
"9QF4|1|A1|A|1480","cWW","9QF4|1|A1|U|1469"
"9QF4|1|A1|C|1481","cWW","9QF4|1|A1|G|1468"
"9QF4|1|A1|G|1482","cSS","9QF4|1|A1|A|721"
"9QF4|1|A1|G|1482","cWW","9QF4|1|A1|4AC|1467"
"9QF4|1|A1|G|1483","cWW","9QF4|1|A1|C|1466"
"9QF4|1|A1|5MC|1484","cWW","9QF4|1|A1|G|1465"
"9QF4|1|A1|U|1485","cWW","9QF4|1|A1|A|1464"
"9QF4|1|A1|5MC|1486","cWW","9QF4|1|A1|G|772"
"9QF4|1|B1|U|14","tWH","9QF4|1|B1|A|564"
"9QF4|1|B1|A|16","tHS","9QF4|1|B1|G|563"
"9QF4|1|B1|G|17","cWW","9QF4|1|B1|C|562"
"9QF4|1|B1|C|18","cWW","9QF4|1|B1|G|561"
"9QF4|1|B1|4AC|19","cWW","9QF4|1|B1|G|560"
"9QF4|1|B1|G|20","cWW","9QF4|1|B1|C|559"
"9QF4|1|B1|C|21","cWW","9QF4|1|B1|G|558"
"9QF4|1|B1|C|22","cWW","9QF4|1|B1|G|557"
"9QF4|1|B1|4AC|23","cWW","9QF4|1|B1|G|556"
"9QF4|1|B1|G|24","cWW","9QF4|1|B1|C|555"
"9QF4|1|B1|G|25","cWW","9QF4|1|B1|C|554"
"9QF4|1|B1|G|27","tSH","9QF4|1|B1|A|552"
"9QF4|1|B1|G|28","tSH","9QF4|1|B1|A|551"
"9QF4|1|B1|U|30","cSS","9QF4|1|B1|G|1358"
"9QF4|1|B1|U|30","cWW","9QF4|1|B1|U|549"
"9QF4|1|B1|G|31","cWW","9QF4|1|B1|C|548"
"9QF4|1|B1|G|32","cWW","9QF4|1|B1|C|514"
"9QF4|1|B1|C|33","cWW","9QF4|1|B1|G|513"
"9QF4|1|B1|U|34","tWH","9QF4|1|B1|A|487"
"9QF4|1|B1|G|36","cWW","9QF4|1|B1|4AC|485"
"9QF4|1|B1|G|36","tSS","9QF4|1|B1|G|490"
"9QF4|1|B1|G|37","cWW","9QF4|1|B1|C|484"
"9QF4|1|B1|C|38","cWW","9QF4|1|B1|G|482"
"9QF4|1|B1|U|39","cWW","9QF4|1|B1|A|481"
"9QF4|1|B1|C|40","cSW","9QF4|1|B1|A|710"
"9QF4|1|B1|C|40","cWW","9QF4|1|B1|G|480"
"9QF4|1|B1|G|42","cWW","9QF4|1|B1|C|479"
"9QF4|1|B1|G|43","cWW","9QF4|1|B1|C|478"
"9QF4|1|B1|G|44","cWW","9QF4|1|B1|C|477"
"9QF4|1|B1|C|45","cWW","9QF4|1|B1|G|475"
"9QF4|1|B1|G|46","cWW","9QF4|1|B1|C|474"
"9QF4|1|B1|OMC|47","cWW","9QF4|1|B1|G|169"
"9QF4|1|B1|4AC|48","cWW","9QF4|1|B1|G|168"
"9QF4|1|B1|G|52","tSH","9QF4|1|B1|A|118"
"9QF4|1|B1|A|53","tHH","9QF4|1|B1|A|119"
"9QF4|1|B1|A|54","tHS","9QF4|1|B1|G|117"
"9QF4|1|B1|OMG|55","cWW","9QF4|1|B1|4AC|116"
"9QF4|1|B1|G|56","tSW","9QF4|1|B1|U|127"
"9QF4|1|B1|G|56","cWW","9QF4|1|B1|C|115"
"9QF4|1|B1|G|57","cWW","9QF4|1|B1|C|114"
"9QF4|1|B1|C|58","cWW","9QF4|1|B1|G|71"
"9QF4|1|B1|G|59","cWW","9QF4|1|B1|C|70"
"9QF4|1|B1|G|59","tSS","9QF4|1|B1|A|74"
"9QF4|1|B1|U|60","cWW","9QF4|1|B1|G|69"
"9QF4|1|B1|G|61","cWH","9QF4|1|B1|G|89"
"9QF4|1|B1|G|62","cWW","9QF4|1|B1|C|94"
"9QF4|1|B1|C|63","cWW","9QF4|1|B1|G|93"
"9QF4|1|B1|A|64","cSH","9QF4|1|B1|A|65"
"9QF4|1|B1|A|65","cHS","9QF4|1|B1|A|64"
"9QF4|1|B1|G|66","cWW","9QF4|1|B1|C|90"
"9QF4|1|B1|C|67","cWW","9QF4|1|B1|G|89"
"9QF4|1|B1|U|68","cWH","9QF4|1|B1|A|75"
"9QF4|1|B1|G|69","cWW","9QF4|1|B1|U|60"
"9QF4|1|B1|C|70","cWW","9QF4|1|B1|G|59"
"9QF4|1|B1|G|71","cWW","9QF4|1|B1|C|58"
"9QF4|1|B1|A|74","tSS","9QF4|1|B1|G|59"
"9QF4|1|B1|A|75","cHW","9QF4|1|B1|U|68"
"9QF4|1|B1|C|77","cWW","9QF4|1|B1|G|110"
"9QF4|1|B1|C|78","cWW","9QF4|1|B1|G|109"
"9QF4|1|B1|C|79","cWW","9QF4|1|B1|G|108"
"9QF4|1|B1|4AC|80","cWW","9QF4|1|B1|G|107"
"9QF4|1|B1|G|81","cWW","9QF4|1|B1|4AC|106"
"9QF4|1|B1|G|81","tSS","9QF4|1|B1|A|334"
"9QF4|1|B1|G|82","cWW","9QF4|1|B1|C|105"
"9QF4|1|B1|G|86","cWW","9QF4|1|B1|4AC|98"
"9QF4|1|B1|G|87","cWW","9QF4|1|B1|5MC|97"
"9QF4|1|B1|C|88","cWW","9QF4|1|B1|G|96"
"9QF4|1|B1|G|89","cHW","9QF4|1|B1|G|61"
"9QF4|1|B1|G|89","cWW","9QF4|1|B1|C|67"
"9QF4|1|B1|C|90","cWW","9QF4|1|B1|G|66"
"9QF4|1|B1|G|93","cWW","9QF4|1|B1|C|63"
"9QF4|1|B1|C|94","cWW","9QF4|1|B1|G|62"
"9QF4|1|B1|G|96","cWW","9QF4|1|B1|C|88"
"9QF4|1|B1|5MC|97","cWW","9QF4|1|B1|G|87"
"9QF4|1|B1|4AC|98","cWW","9QF4|1|B1|G|86"
"9QF4|1|B1|C|105","cWW","9QF4|1|B1|G|82"
"9QF4|1|B1|4AC|106","cWW","9QF4|1|B1|G|81"
"9QF4|1|B1|G|107","cWW","9QF4|1|B1|4AC|80"
"9QF4|1|B1|G|108","cWW","9QF4|1|B1|C|79"
"9QF4|1|B1|G|109","cWW","9QF4|1|B1|C|78"
"9QF4|1|B1|G|110","cWW","9QF4|1|B1|C|77"
"9QF4|1|B1|C|114","cWW","9QF4|1|B1|G|57"
"9QF4|1|B1|C|115","cWW","9QF4|1|B1|G|56"
"9QF4|1|B1|4AC|116","cWW","9QF4|1|B1|OMG|55"
"9QF4|1|B1|G|117","tSH","9QF4|1|B1|A|54"
"9QF4|1|B1|A|118","tHS","9QF4|1|B1|G|52"
"9QF4|1|B1|A|119","tHH","9QF4|1|B1|A|53"
"9QF4|1|B1|G|121","cWW","9QF4|1|B1|4AC|130"
"9QF4|1|B1|G|122","cWW","9QF4|1|B1|C|129"
"9QF4|1|B1|G|123","cWW","9QF4|1|B1|C|128"
"9QF4|1|B1|U|127","tWS","9QF4|1|B1|G|56"
"9QF4|1|B1|C|128","cWW","9QF4|1|B1|G|123"
"9QF4|1|B1|C|129","cWW","9QF4|1|B1|G|122"
"9QF4|1|B1|4AC|130","cWW","9QF4|1|B1|G|121"
"9QF4|1|B1|G|131","cWW","9QF4|1|B1|C|144"
"9QF4|1|B1|C|132","cWW","9QF4|1|B1|G|143"
"9QF4|1|B1|G|133","cWW","9QF4|1|B1|4AC|142"
"9QF4|1|B1|G|134","cWW","9QF4|1|B1|C|141"
"9QF4|1|B1|C|135","cWW","9QF4|1|B1|G|140"
"9QF4|1|B1|G|140","cWW","9QF4|1|B1|C|135"
"9QF4|1|B1|C|141","cWW","9QF4|1|B1|G|134"
"9QF4|1|B1|4AC|142","cWW","9QF4|1|B1|G|133"
"9QF4|1|B1|G|143","cWW","9QF4|1|B1|C|132"
"9QF4|1|B1|C|144","cWW","9QF4|1|B1|G|131"
"9QF4|1|B1|C|146","cWW","9QF4|1|B1|G|166"
"9QF4|1|B1|U|147","cWW","9QF4|1|B1|A|165"
"9QF4|1|B1|C|148","cWW","9QF4|1|B1|G|164"
"9QF4|1|B1|C|149","cWW","9QF4|1|B1|G|163"
"9QF4|1|B1|G|150","cWW","9QF4|1|B1|4AC|162"
"9QF4|1|B1|G|151","cWW","9QF4|1|B1|C|161"
"9QF4|1|B1|G|152","cWW","9QF4|1|B1|C|160"
"9QF4|1|B1|G|153","cWW","9QF4|1|B1|C|159"
"9QF4|1|B1|C|159","cWW","9QF4|1|B1|G|153"
"9QF4|1|B1|C|160","cWW","9QF4|1|B1|G|152"
"9QF4|1|B1|C|161","cWW","9QF4|1|B1|G|151"
"9QF4|1|B1|4AC|162","cWW","9QF4|1|B1|G|150"
"9QF4|1|B1|G|163","cWW","9QF4|1|B1|C|149"
"9QF4|1|B1|G|164","cWW","9QF4|1|B1|C|148"
"9QF4|1|B1|A|165","cWW","9QF4|1|B1|U|147"
"9QF4|1|B1|G|166","cWW","9QF4|1|B1|C|146"
"9QF4|1|B1|G|168","cWW","9QF4|1|B1|4AC|48"
"9QF4|1|B1|G|169","cWW","9QF4|1|B1|OMC|47"
"9QF4|1|B1|A|172","cWW","9QF4|1|B1|G|205"
"9QF4|1|B1|A|172","cSS","9QF4|1|B1|C|474"
"9QF4|1|B1|C|173","cSS","9QF4|1|B1|A|473"
"9QF4|1|B1|C|173","cWW","9QF4|1|B1|G|204"
"9QF4|1|B1|G|174","cWW","9QF4|1|B1|C|202"
"9QF4|1|B1|C|175","cWW","9QF4|1|B1|G|201"
"9QF4|1|B1|G|176","cWW","9QF4|1|B1|4AC|200"
"9QF4|1|B1|G|177","cWW","9QF4|1|B1|C|199"
"9QF4|1|B1|G|178","cWW","9QF4|1|B1|C|198"
"9QF4|1|B1|G|179","tSH","9QF4|1|B1|A|197"
"9QF4|1|B1|A|180","tHW","9QF4|1|B1|U|196"
"9QF4|1|B1|A|181","tSS","9QF4|1|B1|G|935"
"9QF4|1|B1|A|181","tHH","9QF4|1|B1|A|194"
"9QF4|1|B1|A|181","cSS","9QF4|1|B1|C|812"
"9QF4|1|B1|U|183","cWW","9QF4|1|B1|U|192"
"9QF4|1|B1|G|184","cWW","9QF4|1|B1|C|191"
"9QF4|1|B1|A|185","tSH","9QF4|1|B1|U|190"
"9QF4|1|B1|A|186","tWS","9QF4|1|B1|G|967"
"9QF4|1|B1|C|188","cWW","9QF4|1|B1|G|238"
"9QF4|1|B1|U|190","tHS","9QF4|1|B1|A|185"
"9QF4|1|B1|C|191","cWW","9QF4|1|B1|G|184"
"9QF4|1|B1|U|192","cWW","9QF4|1|B1|U|183"
"9QF4|1|B1|A|194","tHH","9QF4|1|B1|A|181"
"9QF4|1|B1|G|195","cSH","9QF4|1|B1|U|196"
"9QF4|1|B1|U|196","cHS","9QF4|1|B1|G|195"
"9QF4|1|B1|U|196","tWH","9QF4|1|B1|A|180"
"9QF4|1|B1|A|197","tHS","9QF4|1|B1|G|179"
"9QF4|1|B1|C|198","cWW","9QF4|1|B1|G|178"
"9QF4|1|B1|C|199","cWW","9QF4|1|B1|G|177"
"9QF4|1|B1|4AC|200","cWW","9QF4|1|B1|G|176"
"9QF4|1|B1|G|201","cWW","9QF4|1|B1|C|175"
"9QF4|1|B1|C|202","cWW","9QF4|1|B1|G|174"
"9QF4|1|B1|G|204","cWW","9QF4|1|B1|C|173"
"9QF4|1|B1|G|205","cWW","9QF4|1|B1|A|172"
"9QF4|1|B1|A|206","tHW","9QF4|1|B1|U|472"
"9QF4|1|B1|A|209","cSS","9QF4|1|B1|U|224"
"9QF4|1|B1|G|210","cSS","9QF4|1|B1|A|223"
"9QF4|1|B1|A|211","tHW","9QF4|1|B1|U|468"
"9QF4|1|B1|A|212","tHS","9QF4|1|B1|G|222"
"9QF4|1|B1|A|213","tSS","9QF4|1|B1|G|447"
"9QF4|1|B1|OMG|214","cWW","9QF4|1|B1|C|221"
"9QF4|1|B1|C|215","cWW","9QF4|1|B1|G|220"
"9QF4|1|B1|A|216","cSW","9QF4|1|B1|A|219"
"9QF4|1|B1|A|216","cWS","9QF4|1|B1|U|459"
"9QF4|1|B1|A|217","cWS","9QF4|1|B1|G|450"
"9QF4|1|B1|A|219","cWS","9QF4|1|B1|A|216"
"9QF4|1|B1|G|220","cWW","9QF4|1|B1|C|215"
"9QF4|1|B1|C|221","cWW","9QF4|1|B1|OMG|214"
"9QF4|1|B1|G|222","tSH","9QF4|1|B1|A|212"
"9QF4|1|B1|A|223","cSS","9QF4|1|B1|G|210"
"9QF4|1|B1|A|223","tWW","9QF4|1|B1|A|470"
"9QF4|1|B1|U|224","cSS","9QF4|1|B1|A|209"
"9QF4|1|B1|U|224","tWW","9QF4|1|B1|A|471"
"9QF4|1|B1|U|224","tHS","9QF4|1|B1|A|253"
"9QF4|1|B1|G|225","cWW","9QF4|1|B1|5MC|252"
"9QF4|1|B1|C|226","cWW","9QF4|1|B1|G|251"
"9QF4|1|B1|4AC|227","cSS","9QF4|1|B1|A|701"
"9QF4|1|B1|4AC|227","cWW","9QF4|1|B1|G|250"
"9QF4|1|B1|G|228","cWW","9QF4|1|B1|C|249"
"9QF4|1|B1|G|228","tSS","9QF4|1|B1|A|718"
"9QF4|1|B1|G|230","tSH","9QF4|1|B1|A|247"
"9QF4|1|B1|A|231","tHH","9QF4|1|B1|A|246"
"9QF4|1|B1|G|232","cSH","9QF4|1|B1|U|233"
"9QF4|1|B1|U|233","tWH","9QF4|1|B1|A|245"
"9QF4|1|B1|U|233","cHS","9QF4|1|B1|G|232"
"9QF4|1|B1|A|234","tHS","9QF4|1|B1|G|244"
"9QF4|1|B1|G|235","cWW","9QF4|1|B1|4AC|243"
"9QF4|1|B1|G|236","cWW","9QF4|1|B1|C|242"
"9QF4|1|B1|G|237","tSH","9QF4|1|B1|A|241"
"9QF4|1|B1|G|238","cWW","9QF4|1|B1|C|188"
"9QF4|1|B1|A|241","tHS","9QF4|1|B1|G|237"
"9QF4|1|B1|C|242","cWW","9QF4|1|B1|G|236"
"9QF4|1|B1|4AC|243","cWW","9QF4|1|B1|G|235"
"9QF4|1|B1|G|244","tSH","9QF4|1|B1|A|234"
"9QF4|1|B1|A|245","tHW","9QF4|1|B1|U|233"
"9QF4|1|B1|A|246","tHH","9QF4|1|B1|A|231"
"9QF4|1|B1|A|247","tHS","9QF4|1|B1|G|230"
"9QF4|1|B1|C|249","cWW","9QF4|1|B1|G|228"
"9QF4|1|B1|C|249","cSS","9QF4|1|B1|A|718"
"9QF4|1|B1|G|250","cWW","9QF4|1|B1|4AC|227"
"9QF4|1|B1|G|251","cWW","9QF4|1|B1|C|226"
"9QF4|1|B1|5MC|252","cWW","9QF4|1|B1|G|225"
"9QF4|1|B1|A|253","tSH","9QF4|1|B1|U|224"
"9QF4|1|B1|A|255","tSS","9QF4|1|B1|U|468"
"9QF4|1|B1|G|256","cWW","9QF4|1|B1|C|467"
"9QF4|1|B1|G|257","cWW","9QF4|1|B1|C|466"
"9QF4|1|B1|G|258","cWW","9QF4|1|B1|C|465"
"9QF4|1|B1|C|259","cWW","9QF4|1|B1|G|413"
"9QF4|1|B1|A|260","tHW","9QF4|1|B1|U|300"
"9QF4|1|B1|A|261","tHS","9QF4|1|B1|G|299"
"9QF4|1|B1|A|262","tSS","9QF4|1|B1|G|306"
"9QF4|1|B1|C|263","cWW","9QF4|1|B1|G|297"
"9QF4|1|B1|U|264","cWW","9QF4|1|B1|G|296"
"9QF4|1|B1|G|265","tSH","9QF4|1|B1|U|295"
"9QF4|1|B1|A|267","cWW","9QF4|1|B1|U|295"
"9QF4|1|B1|C|268","cWW","9QF4|1|B1|G|290"
"9QF4|1|B1|C|269","cWW","9QF4|1|B1|G|289"
"9QF4|1|B1|C|270","cWW","9QF4|1|B1|G|288"
"9QF4|1|B1|4AC|271","cWW","9QF4|1|B1|G|287"
"9QF4|1|B1|G|272","cWW","9QF4|1|B1|C|286"
"9QF4|1|B1|G|273","cWW","9QF4|1|B1|U|285"
"9QF4|1|B1|G|274","cWW","9QF4|1|B1|U|284"
"9QF4|1|B1|C|275","cWW","9QF4|1|B1|G|283"
"9QF4|1|B1|LHH|276","cWW","9QF4|1|B1|G|282"
"9QF4|1|B1|G|277","tSH","9QF4|1|B1|A|281"
"9QF4|1|B1|G|280","cSS","9QF4|1|B1|C|323"
"9QF4|1|B1|A|281","tHS","9QF4|1|B1|G|277"
"9QF4|1|B1|A|281","cSS","9QF4|1|B1|C|322"
"9QF4|1|B1|G|282","cWW","9QF4|1|B1|LHH|276"
"9QF4|1|B1|G|283","cWW","9QF4|1|B1|C|275"
"9QF4|1|B1|U|284","cWW","9QF4|1|B1|G|274"
"9QF4|1|B1|U|285","cWW","9QF4|1|B1|G|273"
"9QF4|1|B1|C|286","cWW","9QF4|1|B1|G|272"
"9QF4|1|B1|G|287","cWW","9QF4|1|B1|4AC|271"
"9QF4|1|B1|G|288","cWW","9QF4|1|B1|C|270"
"9QF4|1|B1|G|289","cWW","9QF4|1|B1|C|269"
"9QF4|1|B1|G|290","cWW","9QF4|1|B1|C|268"
"9QF4|1|B1|U|295","tHS","9QF4|1|B1|G|265"
"9QF4|1|B1|U|295","cWW","9QF4|1|B1|A|267"
"9QF4|1|B1|G|296","cWW","9QF4|1|B1|U|264"
"9QF4|1|B1|G|297","cWW","9QF4|1|B1|C|263"
"9QF4|1|B1|G|299","tSH","9QF4|1|B1|A|261"
"9QF4|1|B1|U|300","tWH","9QF4|1|B1|A|260"
"9QF4|1|B1|U|300","cSH","9QF4|1|B1|U|301"
"9QF4|1|B1|U|301","tWS","9QF4|1|B1|U|412"
"9QF4|1|B1|U|301","cHS","9QF4|1|B1|U|300"
"9QF4|1|B1|G|302","cWW","9QF4|1|B1|C|444"
"9QF4|1|B1|A|304","cWW","9QF4|1|B1|U|412"
"9QF4|1|B1|G|305","cWW","9QF4|1|B1|C|411"
"9QF4|1|B1|G|306","cWW","9QF4|1|B1|C|410"
"9QF4|1|B1|G|306","tSS","9QF4|1|B1|A|262"
"9QF4|1|B1|G|307","cWW","9QF4|1|B1|C|409"
"9QF4|1|B1|C|308","cWW","9QF4|1|B1|G|407"
"9QF4|1|B1|C|309","cWW","9QF4|1|B1|G|406"
"9QF4|1|B1|C|310","cWW","9QF4|1|B1|G|405"
"9QF4|1|B1|C|311","cWW","9QF4|1|B1|G|404"
"9QF4|1|B1|C|312","cWW","9QF4|1|B1|G|403"
"9QF4|1|B1|G|317","cWW","9QF4|1|B1|C|402"
"9QF4|1|B1|A|318","cWW","9QF4|1|B1|U|401"
"9QF4|1|B1|G|319","cWW","9QF4|1|B1|C|400"
"9QF4|1|B1|A|320","cWW","9QF4|1|B1|U|399"
"9QF4|1|B1|C|321","cWW","9QF4|1|B1|G|398"
"9QF4|1|B1|C|322","cSS","9QF4|1|B1|A|281"
"9QF4|1|B1|C|322","cWW","9QF4|1|B1|G|397"
"9QF4|1|B1|C|323","cSS","9QF4|1|B1|G|280"
"9QF4|1|B1|C|323","cWW","9QF4|1|B1|G|396"
"9QF4|1|B1|U|324","cSH","9QF4|1|B1|C|325"
"9QF4|1|B1|U|324","cWW","9QF4|1|B1|A|395"
"9QF4|1|B1|C|325","cHS","9QF4|1|B1|U|324"
"9QF4|1|B1|G|326","cWW","9QF4|1|B1|C|394"
"9QF4|1|B1|C|327","cWW","9QF4|1|B1|G|393"
"9QF4|1|B1|G|328","cWW","9QF4|1|B1|C|392"
"9QF4|1|B1|G|329","cWW","9QF4|1|B1|C|391"
"9QF4|1|B1|G|330","cWW","9QF4|1|B1|C|390"
"9QF4|1|B1|U|331","cWW","9QF4|1|B1|G|389"
"9QF4|1|B1|G|332","tSH","9QF4|1|B1|A|388"
"9QF4|1|B1|A|334","tSS","9QF4|1|B1|G|81"
"9QF4|1|B1|G|335","cWW","9QF4|1|B1|C|384"
"9QF4|1|B1|5MC|336","cWW","9QF4|1|B1|G|383"
"9QF4|1|B1|4AC|337","cWW","9QF4|1|B1|G|382"
"9QF4|1|B1|G|338","tSH","9QF4|1|B1|A|381"
"9QF4|1|B1|A|339","cHH","9QF4|1|B1|G|379"
"9QF4|1|B1|A|340","tSS","9QF4|1|B1|G|374"
"9QF4|1|B1|G|341","cWW","9QF4|1|B1|C|357"
"9QF4|1|B1|C|343","cWW","9QF4|1|B1|G|356"
"9QF4|1|B1|4AC|344","cWW","9QF4|1|B1|G|355"
"9QF4|1|B1|G|345","cWW","9QF4|1|B1|C|354"
"9QF4|1|B1|C|346","cWW","9QF4|1|B1|G|353"
"9QF4|1|B1|U|347","tWH","9QF4|1|B1|A|351"
"9QF4|1|B1|G|348","tSW","9QF4|1|B1|A|371"
"9QF4|1|B1|G|349","tSS","9QF4|1|B1|G|370"
"9QF4|1|B1|A|351","tHW","9QF4|1|B1|U|347"
"9QF4|1|B1|G|353","cWW","9QF4|1|B1|C|346"
"9QF4|1|B1|C|354","cWW","9QF4|1|B1|G|345"
"9QF4|1|B1|G|355","cWW","9QF4|1|B1|4AC|344"
"9QF4|1|B1|G|356","cWW","9QF4|1|B1|C|343"
"9QF4|1|B1|C|357","cWW","9QF4|1|B1|G|341"
"9QF4|1|B1|G|358","cWW","9QF4|1|B1|C|375"
"9QF4|1|B1|C|359","cWW","9QF4|1|B1|G|374"
"9QF4|1|B1|4AC|360","cWW","9QF4|1|B1|G|364"
"9QF4|1|B1|A|363","cSW","9QF4|1|B1|U|380"
"9QF4|1|B1|G|364","cWW","9QF4|1|B1|4AC|360"
"9QF4|1|B1|A|365","tHS","9QF4|1|B1|G|379"
"9QF4|1|B1|G|366","cWW","9QF4|1|B1|4AC|378"
"9QF4|1|B1|G|367","cWW","9QF4|1|B1|C|377"
"9QF4|1|B1|G|368","cWW","9QF4|1|B1|C|376"
"9QF4|1|B1|U|369","tWH","9QF4|1|B1|A|373"
"9QF4|1|B1|G|370","tSS","9QF4|1|B1|G|349"
"9QF4|1|B1|A|371","tWS","9QF4|1|B1|G|348"
"9QF4|1|B1|A|373","tHW","9QF4|1|B1|U|369"
"9QF4|1|B1|G|374","cWW","9QF4|1|B1|C|359"
"9QF4|1|B1|G|374","tSS","9QF4|1|B1|A|340"
"9QF4|1|B1|C|375","cWW","9QF4|1|B1|G|358"
"9QF4|1|B1|C|376","cWW","9QF4|1|B1|G|368"
"9QF4|1|B1|C|377","cWW","9QF4|1|B1|G|367"
"9QF4|1|B1|4AC|378","cWW","9QF4|1|B1|G|366"
"9QF4|1|B1|G|379","tSH","9QF4|1|B1|A|365"
"9QF4|1|B1|G|379","cHH","9QF4|1|B1|A|339"
"9QF4|1|B1|U|380","cWS","9QF4|1|B1|A|363"
"9QF4|1|B1|A|381","tHS","9QF4|1|B1|G|338"
"9QF4|1|B1|G|382","cWW","9QF4|1|B1|4AC|337"
"9QF4|1|B1|G|383","cWW","9QF4|1|B1|5MC|336"
"9QF4|1|B1|C|384","cWW","9QF4|1|B1|G|335"
"9QF4|1|B1|A|388","tHS","9QF4|1|B1|G|332"
"9QF4|1|B1|G|389","cWW","9QF4|1|B1|U|331"
"9QF4|1|B1|C|390","cWW","9QF4|1|B1|G|330"
"9QF4|1|B1|C|391","cWW","9QF4|1|B1|G|329"
"9QF4|1|B1|C|392","cWW","9QF4|1|B1|G|328"
"9QF4|1|B1|G|393","cWW","9QF4|1|B1|C|327"
"9QF4|1|B1|C|394","cWW","9QF4|1|B1|G|326"
"9QF4|1|B1|A|395","cWW","9QF4|1|B1|U|324"
"9QF4|1|B1|G|396","cWW","9QF4|1|B1|C|323"
"9QF4|1|B1|G|397","cWW","9QF4|1|B1|C|322"
"9QF4|1|B1|G|398","cWW","9QF4|1|B1|C|321"
"9QF4|1|B1|U|399","cWW","9QF4|1|B1|A|320"
"9QF4|1|B1|C|400","cWW","9QF4|1|B1|G|319"
"9QF4|1|B1|U|401","cWW","9QF4|1|B1|A|318"
"9QF4|1|B1|C|402","cWW","9QF4|1|B1|G|317"
"9QF4|1|B1|G|403","cWW","9QF4|1|B1|C|312"
"9QF4|1|B1|G|404","cWW","9QF4|1|B1|C|311"
"9QF4|1|B1|G|405","cWW","9QF4|1|B1|C|310"
"9QF4|1|B1|G|406","cWW","9QF4|1|B1|C|309"
"9QF4|1|B1|G|407","cWW","9QF4|1|B1|C|308"
"9QF4|1|B1|C|409","cWW","9QF4|1|B1|G|307"
"9QF4|1|B1|C|410","cWW","9QF4|1|B1|G|306"
"9QF4|1|B1|C|411","cWW","9QF4|1|B1|G|305"
"9QF4|1|B1|U|412","cWW","9QF4|1|B1|A|304"
"9QF4|1|B1|U|412","tSW","9QF4|1|B1|U|301"
"9QF4|1|B1|G|413","cWW","9QF4|1|B1|C|259"
"9QF4|1|B1|A|414","tHH","9QF4|1|B1|A|442"
"9QF4|1|B1|A|417","tHS","9QF4|1|B1|G|440"
"9QF4|1|B1|C|418","cWW","9QF4|1|B1|G|439"
"9QF4|1|B1|4AC|419","cWW","9QF4|1|B1|G|438"
"9QF4|1|B1|G|420","cWW","9QF4|1|B1|C|437"
"9QF4|1|B1|U|421","cWW","9QF4|1|B1|G|436"
"9QF4|1|B1|C|422","cWW","9QF4|1|B1|G|435"
"9QF4|1|B1|G|423","cWW","9QF4|1|B1|4AC|434"
"9QF4|1|B1|G|424","cWW","9QF4|1|B1|C|433"
"9QF4|1|B1|U|425","cWW","9QF4|1|B1|U|432"
"9QF4|1|B1|U|432","cWW","9QF4|1|B1|U|425"
"9QF4|1|B1|C|433","cWW","9QF4|1|B1|G|424"
"9QF4|1|B1|4AC|434","cWW","9QF4|1|B1|G|423"
"9QF4|1|B1|G|435","cWW","9QF4|1|B1|C|422"
"9QF4|1|B1|G|436","cWW","9QF4|1|B1|U|421"
"9QF4|1|B1|C|437","cWW","9QF4|1|B1|G|420"
"9QF4|1|B1|G|438","cWW","9QF4|1|B1|4AC|419"
"9QF4|1|B1|G|439","cWW","9QF4|1|B1|C|418"
"9QF4|1|B1|G|440","tSH","9QF4|1|B1|A|417"
"9QF4|1|B1|A|442","tHH","9QF4|1|B1|A|414"
"9QF4|1|B1|C|444","cWW","9QF4|1|B1|G|302"
"9QF4|1|B1|G|446","cWW","9QF4|1|B1|C|462"
"9QF4|1|B1|G|447","cWW","9QF4|1|B1|C|461"
"9QF4|1|B1|G|447","tSS","9QF4|1|B1|A|213"
"9QF4|1|B1|G|448","cWW","9QF4|1|B1|C|460"
"9QF4|1|B1|A|449","cWW","9QF4|1|B1|U|459"
"9QF4|1|B1|G|450","cWW","9QF4|1|B1|C|458"
"9QF4|1|B1|G|450","cSW","9QF4|1|B1|A|217"
"9QF4|1|B1|C|452","cWW","9QF4|1|B1|G|2530"
"9QF4|1|B1|A|453","cWW","9QF4|1|B1|U|2529"
"9QF4|1|B1|OMU|454","cWW","9QF4|1|B1|G|2528"
"9QF4|1|B1|C|455","cWW","9QF4|1|B1|G|2527"
"9QF4|1|B1|G|456","cWW","9QF4|1|B1|4AC|2526"
"9QF4|1|B1|G|457","cWW","9QF4|1|B1|C|2525"
"9QF4|1|B1|C|458","cWW","9QF4|1|B1|G|450"
"9QF4|1|B1|U|459","cWW","9QF4|1|B1|A|449"
"9QF4|1|B1|U|459","cSW","9QF4|1|B1|A|216"
"9QF4|1|B1|C|460","cWW","9QF4|1|B1|G|448"
"9QF4|1|B1|C|461","cWW","9QF4|1|B1|G|447"
"9QF4|1|B1|C|462","cWW","9QF4|1|B1|G|446"
"9QF4|1|B1|C|465","cWW","9QF4|1|B1|G|258"
"9QF4|1|B1|C|466","cWW","9QF4|1|B1|G|257"
"9QF4|1|B1|C|467","cWW","9QF4|1|B1|G|256"
"9QF4|1|B1|U|468","tWH","9QF4|1|B1|A|211"
"9QF4|1|B1|U|468","tSS","9QF4|1|B1|A|255"
"9QF4|1|B1|A|470","tWW","9QF4|1|B1|A|223"
"9QF4|1|B1|A|471","tWW","9QF4|1|B1|U|224"
"9QF4|1|B1|U|472","tWH","9QF4|1|B1|A|206"
"9QF4|1|B1|A|473","cSS","9QF4|1|B1|C|173"
"9QF4|1|B1|C|474","cSS","9QF4|1|B1|A|172"
"9QF4|1|B1|C|474","cWW","9QF4|1|B1|G|46"
"9QF4|1|B1|G|475","cWW","9QF4|1|B1|C|45"
"9QF4|1|B1|G|475","cSH","9QF4|1|B1|U|476"
"9QF4|1|B1|U|476","cHS","9QF4|1|B1|G|475"
"9QF4|1|B1|C|477","cWW","9QF4|1|B1|G|44"
"9QF4|1|B1|C|478","cWW","9QF4|1|B1|G|43"
"9QF4|1|B1|C|479","cWW","9QF4|1|B1|G|42"
"9QF4|1|B1|G|480","cWW","9QF4|1|B1|C|40"
"9QF4|1|B1|A|481","cWW","9QF4|1|B1|U|39"
"9QF4|1|B1|G|482","cWW","9QF4|1|B1|C|38"
"9QF4|1|B1|A|483","tSS","9QF4|1|B1|G|1388"
"9QF4|1|B1|C|484","cWW","9QF4|1|B1|G|37"
"9QF4|1|B1|4AC|485","cSS","9QF4|1|B1|A|489"
"9QF4|1|B1|4AC|485","cWW","9QF4|1|B1|G|36"
"9QF4|1|B1|A|487","tHW","9QF4|1|B1|U|34"
"9QF4|1|B1|U|488","cWS","9QF4|1|B1|U|1401"
"9QF4|1|B1|A|489","tWH","9QF4|1|B1|A|494"
"9QF4|1|B1|A|489","cSS","9QF4|1|B1|4AC|485"
"9QF4|1|B1|G|490","tSS","9QF4|1|B1|G|36"
"9QF4|1|B1|G|492","tSS","9QF4|1|B1|A|497"
"9QF4|1|B1|A|494","tHW","9QF4|1|B1|A|489"
"9QF4|1|B1|A|497","tHH","9QF4|1|B1|A|511"
"9QF4|1|B1|A|497","tSS","9QF4|1|B1|G|492"
"9QF4|1|B1|G|498","cSH","9QF4|1|B1|U|499"
"9QF4|1|B1|U|499","cHS","9QF4|1|B1|G|498"
"9QF4|1|B1|U|499","tWH","9QF4|1|B1|A|510"
"9QF4|1|B1|A|500","tHS","9QF4|1|B1|G|509"
"9QF4|1|B1|OMC|501","cWW","9QF4|1|B1|G|508"
"9QF4|1|B1|LHH|502","cWW","9QF4|1|B1|G|507"
"9QF4|1|B1|A2M|506","tSS","9QF4|1|B1|G|931"
"9QF4|1|B1|G|507","cWW","9QF4|1|B1|LHH|502"
"9QF4|1|B1|G|508","cWW","9QF4|1|B1|OMC|501"
"9QF4|1|B1|G|509","tSH","9QF4|1|B1|A|500"
"9QF4|1|B1|A|510","tHW","9QF4|1|B1|U|499"
"9QF4|1|B1|A|511","tHH","9QF4|1|B1|A|497"
"9QF4|1|B1|G|513","cWW","9QF4|1|B1|C|33"
"9QF4|1|B1|C|514","cWW","9QF4|1|B1|G|32"
"9QF4|1|B1|U|515","tWH","9QF4|1|B1|A|519"
"9QF4|1|B1|G|516","tSH","9QF4|1|B1|A|520"
"9QF4|1|B1|A|517","tHH","9QF4|1|B1|A|540"
"9QF4|1|B1|A|519","tWW","9QF4|1|B1|A|542"
"9QF4|1|B1|A|519","tHW","9QF4|1|B1|U|515"
"9QF4|1|B1|A|520","tHS","9QF4|1|B1|G|516"
"9QF4|1|B1|G|521","cWW","9QF4|1|B1|C|547"
"9QF4|1|B1|C|522","cSW","9QF4|1|B1|G|536"
"9QF4|1|B1|A|523","tHS","9QF4|1|B1|G|536"
"9QF4|1|B1|C|524","cWW","9QF4|1|B1|G|535"
"9QF4|1|B1|C|525","cWW","9QF4|1|B1|G|534"
"9QF4|1|B1|C|526","cWW","9QF4|1|B1|G|533"
"9QF4|1|B1|LHH|527","cWW","9QF4|1|B1|G|532"
"9QF4|1|B1|G|532","cWW","9QF4|1|B1|LHH|527"
"9QF4|1|B1|G|533","cWW","9QF4|1|B1|C|526"
"9QF4|1|B1|G|534","cWW","9QF4|1|B1|C|525"
"9QF4|1|B1|G|535","cWW","9QF4|1|B1|C|524"
"9QF4|1|B1|G|536","tSH","9QF4|1|B1|A|523"
"9QF4|1|B1|G|536","cWS","9QF4|1|B1|C|522"
"9QF4|1|B1|U|538","tWH","9QF4|1|B1|A|542"
"9QF4|1|B1|G|539","tSH","9QF4|1|B1|A|543"
"9QF4|1|B1|A|540","tHH","9QF4|1|B1|A|517"
"9QF4|1|B1|A|542","tWW","9QF4|1|B1|A|519"
"9QF4|1|B1|A|542","tHW","9QF4|1|B1|U|538"
"9QF4|1|B1|A|543","tHS","9QF4|1|B1|G|539"
"9QF4|1|B1|C|547","cWW","9QF4|1|B1|G|521"
"9QF4|1|B1|C|548","cWW","9QF4|1|B1|G|31"
"9QF4|1|B1|U|549","cWW","9QF4|1|B1|U|30"
"9QF4|1|B1|A|551","tHS","9QF4|1|B1|G|28"
"9QF4|1|B1|A|552","tHS","9QF4|1|B1|G|27"
"9QF4|1|B1|A|552","cSS","9QF4|1|B1|C|673"
"9QF4|1|B1|C|554","cWW","9QF4|1|B1|G|25"
"9QF4|1|B1|C|555","cWW","9QF4|1|B1|G|24"
"9QF4|1|B1|G|556","cWW","9QF4|1|B1|4AC|23"
"9QF4|1|B1|G|557","cWW","9QF4|1|B1|C|22"
"9QF4|1|B1|G|558","cWW","9QF4|1|B1|C|21"
"9QF4|1|B1|C|559","cWW","9QF4|1|B1|G|20"
"9QF4|1|B1|G|560","cWW","9QF4|1|B1|4AC|19"
"9QF4|1|B1|G|561","cWW","9QF4|1|B1|C|18"
"9QF4|1|B1|C|562","cWW","9QF4|1|B1|G|17"
"9QF4|1|B1|G|563","tSH","9QF4|1|B1|A|16"
"9QF4|1|B1|A|564","tHW","9QF4|1|B1|U|14"
"9QF4|1|B1|G|567","tHW","9QF4|1|B1|G|2165"
"9QF4|1|B1|A|569","cWW","9QF4|1|B1|U|2143"
"9QF4|1|B1|G|571","cWW","9QF4|1|B1|4AC|652"
"9QF4|1|B1|G|572","cWW","9QF4|1|B1|C|651"
"9QF4|1|B1|U|573","cWW","9QF4|1|B1|A|650"
"9QF4|1|B1|G|574","cWW","9QF4|1|B1|C|649"
"9QF4|1|B1|C|575","cWW","9QF4|1|B1|G|648"
"9QF4|1|B1|G|576","cWW","9QF4|1|B1|U|647"
"9QF4|1|B1|G|577","cWW","9QF4|1|B1|U|646"
"9QF4|1|B1|C|578","cWW","9QF4|1|B1|G|645"
"9QF4|1|B1|C|579","cWW","9QF4|1|B1|G|644"
"9QF4|1|B1|4AC|580","cWW","9QF4|1|B1|G|643"
"9QF4|1|B1|G|581","tSH","9QF4|1|B1|G|642"
"9QF4|1|B1|A|584","tSS","9QF4|1|B1|G|1362"
"9QF4|1|B1|G|585","cWW","9QF4|1|B1|4AC|641"
"9QF4|1|B1|G|586","cWW","9QF4|1|B1|C|640"
"9QF4|1|B1|G|590","tSH","9QF4|1|B1|A|639"
"9QF4|1|B1|A|591","tHS","9QF4|1|B1|G|638"
"9QF4|1|B1|G|592","tHS","9QF4|1|B1|G|637"
"9QF4|1|B1|C|593","cWW","9QF4|1|B1|G|636"
"9QF4|1|B1|C|594","cWW","9QF4|1|B1|G|635"
"9QF4|1|B1|U|595","cWW","9QF4|1|B1|A|634"
"9QF4|1|B1|C|596","cWW","9QF4|1|B1|G|633"
"9QF4|1|B1|C|597","cWW","9QF4|1|B1|G|632"
"9QF4|1|B1|C|598","cWW","9QF4|1|B1|G|631"
"9QF4|1|B1|4AC|599","cWW","9QF4|1|B1|G|630"
"9QF4|1|B1|G|600","tSH","9QF4|1|B1|A|629"
"9QF4|1|B1|A|601","cSS","9QF4|1|B1|C|1300"
"9QF4|1|B1|A|602","tHS","9QF4|1|B1|G|628"
"9QF4|1|B1|A|602","cSS","9QF4|1|B1|C|1299"
"9QF4|1|B1|G|603","cWW","9QF4|1|B1|C|627"
"9QF4|1|B1|G|604","tSH","9QF4|1|B1|A|626"
"9QF4|1|B1|A|605","tHW","9QF4|1|B1|U|625"
"9QF4|1|B1|A|606","tHH","9QF4|1|B1|A|623"
"9QF4|1|B1|A|607","tHS","9QF4|1|B1|G|622"
"9QF4|1|B1|C|608","cWW","9QF4|1|B1|G|621"
"9QF4|1|B1|4AC|609","cWW","9QF4|1|B1|G|620"
"9QF4|1|B1|G|610","cWW","9QF4|1|B1|C|619"
"9QF4|1|B1|C|611","cWW","9QF4|1|B1|G|618"
"9QF4|1|B1|G|612","cWW","9QF4|1|B1|C|617"
"9QF4|1|B1|G|615","cSS","9QF4|1|B1|C|1149"
"9QF4|1|B1|A|616","tSS","9QF4|1|B1|C|1289"
"9QF4|1|B1|A|616","cSS","9QF4|1|B1|G|1148"
"9QF4|1|B1|C|617","cWW","9QF4|1|B1|G|612"
"9QF4|1|B1|G|618","cWW","9QF4|1|B1|C|611"
"9QF4|1|B1|C|619","cWW","9QF4|1|B1|G|610"
"9QF4|1|B1|G|620","cWW","9QF4|1|B1|4AC|609"
"9QF4|1|B1|G|621","cWW","9QF4|1|B1|C|608"
"9QF4|1|B1|G|622","tSH","9QF4|1|B1|A|607"
"9QF4|1|B1|A|623","tHH","9QF4|1|B1|A|606"
"9QF4|1|B1|G|624","cSH","9QF4|1|B1|U|625"
"9QF4|1|B1|U|625","tWH","9QF4|1|B1|A|605"
"9QF4|1|B1|U|625","cHS","9QF4|1|B1|G|624"
"9QF4|1|B1|A|626","tHS","9QF4|1|B1|G|604"
"9QF4|1|B1|C|627","cWW","9QF4|1|B1|G|603"
"9QF4|1|B1|G|628","tSH","9QF4|1|B1|A|602"
"9QF4|1|B1|A|629","tHS","9QF4|1|B1|G|600"
"9QF4|1|B1|G|630","cWW","9QF4|1|B1|4AC|599"
"9QF4|1|B1|G|631","cWW","9QF4|1|B1|C|598"
"9QF4|1|B1|G|632","cWW","9QF4|1|B1|C|597"
"9QF4|1|B1|G|633","cWW","9QF4|1|B1|C|596"
"9QF4|1|B1|A|634","cWW","9QF4|1|B1|U|595"
"9QF4|1|B1|G|635","cWW","9QF4|1|B1|C|594"
"9QF4|1|B1|G|636","cWW","9QF4|1|B1|C|593"
"9QF4|1|B1|G|637","tSH","9QF4|1|B1|G|592"
"9QF4|1|B1|G|638","tSH","9QF4|1|B1|A|591"
"9QF4|1|B1|A|639","tHS","9QF4|1|B1|G|590"
"9QF4|1|B1|C|640","cWW","9QF4|1|B1|G|586"
"9QF4|1|B1|4AC|641","cWW","9QF4|1|B1|G|585"
"9QF4|1|B1|G|642","tHS","9QF4|1|B1|G|581"
"9QF4|1|B1|G|643","cWW","9QF4|1|B1|4AC|580"
"9QF4|1|B1|G|644","cWW","9QF4|1|B1|C|579"
"9QF4|1|B1|G|645","cWW","9QF4|1|B1|C|578"
"9QF4|1|B1|U|646","cWW","9QF4|1|B1|G|577"
"9QF4|1|B1|U|647","cWW","9QF4|1|B1|G|576"
"9QF4|1|B1|G|648","cWW","9QF4|1|B1|C|575"
"9QF4|1|B1|C|649","cWW","9QF4|1|B1|G|574"
"9QF4|1|B1|A|650","cWW","9QF4|1|B1|U|573"
"9QF4|1|B1|C|651","cWW","9QF4|1|B1|G|572"
"9QF4|1|B1|4AC|652","cWW","9QF4|1|B1|G|571"
"9QF4|1|B1|U|654","cWW","9QF4|1|B1|A|2157"
"9QF4|1|B1|C|655","cWW","9QF4|1|B1|G|670"
"9QF4|1|B1|C|656","cWW","9QF4|1|B1|G|669"
"9QF4|1|B1|G|657","cWW","9QF4|1|B1|C|668"
"9QF4|1|B1|U|658","cWW","9QF4|1|B1|A|667"
"9QF4|1|B1|U|661","cSW","9QF4|1|B1|A|1119"
"9QF4|1|B1|A|664","tWS","9QF4|1|B1|G|2153"
"9QF4|1|B1|A|667","cWW","9QF4|1|B1|U|658"
"9QF4|1|B1|C|668","cWW","9QF4|1|B1|G|657"
"9QF4|1|B1|G|669","cWW","9QF4|1|B1|C|656"
"9QF4|1|B1|G|670","cWW","9QF4|1|B1|C|655"
"9QF4|1|B1|G|671","cWW","9QF4|1|B1|C|1404"
"9QF4|1|B1|G|672","cWW","9QF4|1|B1|C|1403"
"9QF4|1|B1|C|673","cWW","9QF4|1|B1|G|1402"
"9QF4|1|B1|C|673","cSS","9QF4|1|B1|A|552"
"9QF4|1|B1|A|674","cWW","9QF4|1|B1|U|1401"
"9QF4|1|B1|OMG|675","cWW","9QF4|1|B1|C|1400"
"9QF4|1|B1|G|676","cWW","9QF4|1|B1|C|1399"
"9QF4|1|B1|G|677","tSH","9QF4|1|B1|A|1397"
"9QF4|1|B1|A|678","tSS","9QF4|1|B1|G|945"
"9QF4|1|B1|U|680","tWS","9QF4|1|B1|A|804"
"9QF4|1|B1|U|681","cWW","9QF4|1|B1|A|802"
"9QF4|1|B1|C|682","cWW","9QF4|1|B1|G|801"
"9QF4|1|B1|G|683","cWW","9QF4|1|B1|C|800"
"9QF4|1|B1|C|684","cWW","9QF4|1|B1|G|799"
"9QF4|1|B1|G|685","cWW","9QF4|1|B1|C|798"
"9QF4|1|B1|G|686","cWW","9QF4|1|B1|C|797"
"9QF4|1|B1|C|687","cWW","9QF4|1|B1|G|796"
"9QF4|1|B1|4AC|688","cWW","9QF4|1|B1|G|795"
"9QF4|1|B1|G|689","cWW","9QF4|1|B1|C|794"
"9QF4|1|B1|U|690","cWW","9QF4|1|B1|A|793"
"9QF4|1|B1|G|691","cWW","9QF4|1|B1|C|792"
"9QF4|1|B1|G|692","cWW","9QF4|1|B1|U|791"
"9QF4|1|B1|C|693","cWW","9QF4|1|B1|G|790"
"9QF4|1|B1|G|696","cWW","9QF4|1|B1|4AC|721"
"9QF4|1|B1|G|697","cWW","9QF4|1|B1|C|720"
"9QF4|1|B1|U|698","cWW","9QF4|1|B1|G|719"
"9QF4|1|B1|U|699","tWH","9QF4|1|B1|A|718"
"9QF4|1|B1|A|701","cSS","9QF4|1|B1|4AC|227"
"9QF4|1|B1|A|701","tHS","9QF4|1|B1|G|716"
"9QF4|1|B1|G|702","cWW","9QF4|1|B1|4AC|715"
"9QF4|1|B1|G|703","cWW","9QF4|1|B1|C|714"
"9QF4|1|B1|G|704","cWW","9QF4|1|B1|C|713"
"9QF4|1|B1|G|705","cWW","9QF4|1|B1|C|712"
"9QF4|1|B1|G|706","tSH","9QF4|1|B1|G|711"
"9QF4|1|B1|A|710","cWS","9QF4|1|B1|C|40"
"9QF4|1|B1|G|711","tHS","9QF4|1|B1|G|706"
"9QF4|1|B1|C|712","cWW","9QF4|1|B1|G|705"
"9QF4|1|B1|C|713","cWW","9QF4|1|B1|G|704"
"9QF4|1|B1|C|714","cWW","9QF4|1|B1|G|703"
"9QF4|1|B1|4AC|715","cWW","9QF4|1|B1|G|702"
"9QF4|1|B1|G|716","tSH","9QF4|1|B1|A|701"
"9QF4|1|B1|A|718","cSS","9QF4|1|B1|C|249"
"9QF4|1|B1|A|718","tSS","9QF4|1|B1|G|228"
"9QF4|1|B1|A|718","tHW","9QF4|1|B1|U|699"
"9QF4|1|B1|G|719","cWW","9QF4|1|B1|U|698"
"9QF4|1|B1|C|720","cWW","9QF4|1|B1|G|697"
"9QF4|1|B1|4AC|721","cWW","9QF4|1|B1|G|696"
"9QF4|1|B1|G|725","cWW","9QF4|1|B1|4AC|732"
"9QF4|1|B1|G|726","cWW","9QF4|1|B1|C|731"
"9QF4|1|B1|C|731","cWW","9QF4|1|B1|G|726"
"9QF4|1|B1|4AC|732","cWW","9QF4|1|B1|G|725"
"9QF4|1|B1|A|734","tSS","9QF4|1|B1|C|785"
"9QF4|1|B1|C|735","cWW","9QF4|1|B1|G|770"
"9QF4|1|B1|G|738","cHW","9QF4|1|B1|G|787"
"9QF4|1|B1|G|738","cWW","9QF4|1|B1|C|769"
"9QF4|1|B1|C|739","cWW","9QF4|1|B1|G|768"
"9QF4|1|B1|C|740","cWW","9QF4|1|B1|G|767"
"9QF4|1|B1|C|741","cWW","9QF4|1|B1|G|766"
"9QF4|1|B1|G|742","tSH","9QF4|1|B1|G|765"
"9QF4|1|B1|C|743","tWH","9QF4|1|B1|A|764"
"9QF4|1|B1|A|744","tHS","9QF4|1|B1|G|763"
"9QF4|1|B1|G|745","cWW","9QF4|1|B1|U|762"
"9QF4|1|B1|C|746","cWW","9QF4|1|B1|G|761"
"9QF4|1|B1|C|747","cWW","9QF4|1|B1|G|760"
"9QF4|1|B1|G|748","cWW","9QF4|1|B1|C|759"
"9QF4|1|B1|G|749","cWW","9QF4|1|B1|C|758"
"9QF4|1|B1|G|750","cWW","9QF4|1|B1|C|757"
"9QF4|1|B1|C|751","cWW","9QF4|1|B1|G|756"
"9QF4|1|B1|G|756","cWW","9QF4|1|B1|C|751"
"9QF4|1|B1|C|757","cWW","9QF4|1|B1|G|750"
"9QF4|1|B1|C|758","cWW","9QF4|1|B1|G|749"
"9QF4|1|B1|C|759","cWW","9QF4|1|B1|G|748"
"9QF4|1|B1|G|760","cWW","9QF4|1|B1|C|747"
"9QF4|1|B1|G|761","cWW","9QF4|1|B1|C|746"
"9QF4|1|B1|U|762","cWW","9QF4|1|B1|G|745"
"9QF4|1|B1|G|763","tSH","9QF4|1|B1|A|744"
"9QF4|1|B1|A|764","tHW","9QF4|1|B1|C|743"
"9QF4|1|B1|G|765","tHS","9QF4|1|B1|G|742"
"9QF4|1|B1|G|766","cWW","9QF4|1|B1|C|741"
"9QF4|1|B1|G|767","cWW","9QF4|1|B1|C|740"
"9QF4|1|B1|G|768","cWW","9QF4|1|B1|C|739"
"9QF4|1|B1|C|769","cWW","9QF4|1|B1|G|738"
"9QF4|1|B1|G|770","cWW","9QF4|1|B1|C|735"
"9QF4|1|B1|G|771","cWW","9QF4|1|B1|4AC|786"
"9QF4|1|B1|G|772","cWW","9QF4|1|B1|C|785"
"9QF4|1|B1|G|773","cWW","9QF4|1|B1|C|784"
"9QF4|1|B1|U|774","cWW","9QF4|1|B1|G|783"
"9QF4|1|B1|G|775","cWW","9QF4|1|B1|C|782"
"9QF4|1|B1|C|776","cWW","9QF4|1|B1|G|781"
"9QF4|1|B1|A|778","cWS","9QF4|1|B1|A|2487"
"9QF4|1|B1|A|779","tWS","9QF4|1|B1|G|2464"
"9QF4|1|B1|G|781","cWW","9QF4|1|B1|C|776"
"9QF4|1|B1|C|782","cWW","9QF4|1|B1|G|775"
"9QF4|1|B1|G|783","cWW","9QF4|1|B1|U|774"
"9QF4|1|B1|C|784","cWW","9QF4|1|B1|G|773"
"9QF4|1|B1|C|785","cWW","9QF4|1|B1|G|772"
"9QF4|1|B1|C|785","tSS","9QF4|1|B1|A|734"
"9QF4|1|B1|4AC|786","cWW","9QF4|1|B1|G|771"
"9QF4|1|B1|G|787","cWH","9QF4|1|B1|G|738"
"9QF4|1|B1|G|790","cWW","9QF4|1|B1|C|693"
"9QF4|1|B1|U|791","cWW","9QF4|1|B1|G|692"
"9QF4|1|B1|C|792","cWW","9QF4|1|B1|G|691"
"9QF4|1|B1|A|793","cWW","9QF4|1|B1|U|690"
"9QF4|1|B1|C|794","cWW","9QF4|1|B1|G|689"
"9QF4|1|B1|G|795","cWW","9QF4|1|B1|4AC|688"
"9QF4|1|B1|G|796","cWW","9QF4|1|B1|C|687"
"9QF4|1|B1|C|797","cWW","9QF4|1|B1|G|686"
"9QF4|1|B1|C|798","cWW","9QF4|1|B1|G|685"
"9QF4|1|B1|G|799","cWW","9QF4|1|B1|C|684"
"9QF4|1|B1|C|800","cWW","9QF4|1|B1|G|683"
"9QF4|1|B1|G|801","cWW","9QF4|1|B1|C|682"
"9QF4|1|B1|A|802","cWW","9QF4|1|B1|U|681"
"9QF4|1|B1|A|804","tSW","9QF4|1|B1|U|680"
"9QF4|1|B1|C|805","cWW","9QF4|1|B1|G|945"
"9QF4|1|B1|C|806","cWW","9QF4|1|B1|G|944"
"9QF4|1|B1|4AC|807","cWW","9QF4|1|B1|U|943"
"9QF4|1|B1|OMG|808","cWW","9QF4|1|B1|C|942"
"9QF4|1|B1|A|809","cSS","9QF4|1|B1|U|2559"
"9QF4|1|B1|A|809","tHW","9QF4|1|B1|U|939"
"9QF4|1|B1|A|810","tHW","9QF4|1|B1|A|938"
"9QF4|1|B1|A|810","tSS","9QF4|1|B1|G|2193"
"9QF4|1|B1|A|811","tWW","9QF4|1|B1|A|936"
"9QF4|1|B1|C|812","cSS","9QF4|1|B1|A|181"
"9QF4|1|B1|C|812","cWW","9QF4|1|B1|G|935"
"9QF4|1|B1|4AC|813","cWW","9QF4|1|B1|G|934"
"9QF4|1|B1|G|814","cWW","9QF4|1|B1|4AC|933"
"9QF4|1|B1|G|815","cWW","9QF4|1|B1|5MC|932"
"9QF4|1|B1|U|816","cWW","9QF4|1|B1|G|931"
"9QF4|1|B1|C|817","cWW","9QF4|1|B1|G|930"
"9QF4|1|B1|G|818","tWH","9QF4|1|B1|G|911"
"9QF4|1|B1|A|819","tWS","9QF4|1|B1|G|914"
"9QF4|1|B1|A|819","tSW","9QF4|1|B1|U|822"
"9QF4|1|B1|C|821","cSW","9QF4|1|B1|A|1920"
"9QF4|1|B1|U|822","tWS","9QF4|1|B1|A|819"
"9QF4|1|B1|A|823","cWW","9QF4|1|B1|U|909"
"9QF4|1|B1|G|824","cWW","9QF4|1|B1|C|908"
"9QF4|1|B1|C|825","cWW","9QF4|1|B1|G|907"
"9QF4|1|B1|C|826","cWW","9QF4|1|B1|G|906"
"9QF4|1|B1|C|826","cSS","9QF4|1|B1|A|1497"
"9QF4|1|B1|4AC|827","cWW","9QF4|1|B1|G|905"
"9QF4|1|B1|4AC|827","cSS","9QF4|1|B1|A|1496"
"9QF4|1|B1|G|828","cWW","9QF4|1|B1|OMC|904"
"9QF4|1|B1|G|829","cWW","9QF4|1|B1|C|903"
"9QF4|1|B1|G|830","cWW","9QF4|1|B1|C|902"
"9QF4|1|B1|G|831","cWW","9QF4|1|B1|C|901"
"9QF4|1|B1|C|832","cWW","9QF4|1|B1|G|899"
"9QF4|1|B1|A|833","cSS","9QF4|1|B1|G|1791"
"9QF4|1|B1|A|833","tHS","9QF4|1|B1|G|867"
"9QF4|1|B1|G|834","cSS","9QF4|1|B1|A|1790"
"9QF4|1|B1|G|834","cWW","9QF4|1|B1|4AC|866"
"9QF4|1|B1|G|835","cWW","9QF4|1|B1|C|865"
"9QF4|1|B1|G|836","cWW","9QF4|1|B1|C|864"
"9QF4|1|B1|U|837","cWW","9QF4|1|B1|G|862"
"9QF4|1|B1|G|838","tSH","9QF4|1|B1|A|861"
"9QF4|1|B1|A|839","tHS","9QF4|1|B1|G|860"
"9QF4|1|B1|A|840","tHS","9QF4|1|B1|G|859"
"9QF4|1|B1|G|841","cWW","9QF4|1|B1|U|858"
"9QF4|1|B1|U|842","cWW","9QF4|1|B1|A2M|857"
"9QF4|1|B1|C|843","cWW","9QF4|1|B1|G|856"
"9QF4|1|B1|C|844","cWW","9QF4|1|B1|G|855"
"9QF4|1|B1|C|845","cWW","9QF4|1|B1|G|854"
"9QF4|1|B1|U|846","cWW","9QF4|1|B1|A|853"
"9QF4|1|B1|C|847","cWW","9QF4|1|B1|G|852"
"9QF4|1|B1|G|852","cWW","9QF4|1|B1|C|847"
"9QF4|1|B1|A|853","cWW","9QF4|1|B1|U|846"
"9QF4|1|B1|G|854","cWW","9QF4|1|B1|C|845"
"9QF4|1|B1|G|855","cWW","9QF4|1|B1|C|844"
"9QF4|1|B1|G|856","cWW","9QF4|1|B1|C|843"
"9QF4|1|B1|A2M|857","cWW","9QF4|1|B1|U|842"
"9QF4|1|B1|U|858","cWW","9QF4|1|B1|G|841"
"9QF4|1|B1|G|859","tSH","9QF4|1|B1|A|840"
"9QF4|1|B1|G|860","tSH","9QF4|1|B1|A|839"
"9QF4|1|B1|A|861","tHS","9QF4|1|B1|G|838"
"9QF4|1|B1|G|862","cWW","9QF4|1|B1|U|837"
"9QF4|1|B1|G|863","cWW","9QF4|1|B1|OMC|1914"
"9QF4|1|B1|C|864","cWW","9QF4|1|B1|G|836"
"9QF4|1|B1|C|865","cWW","9QF4|1|B1|G|835"
"9QF4|1|B1|4AC|866","cWW","9QF4|1|B1|G|834"
"9QF4|1|B1|G|867","tSH","9QF4|1|B1|A|833"
"9QF4|1|B1|A|870","tHS","9QF4|1|B1|G|897"
"9QF4|1|B1|G|871","cWW","9QF4|1|B1|4AC|896"
"9QF4|1|B1|G|872","cWW","9QF4|1|B1|C|895"
"9QF4|1|B1|G|873","cWW","9QF4|1|B1|C|894"
"9QF4|1|B1|G|874","cSH","9QF4|1|B1|U|875"
"9QF4|1|B1|U|875","cWW","9QF4|1|B1|U|893"
"9QF4|1|B1|U|875","cHS","9QF4|1|B1|G|874"
"9QF4|1|B1|G|876","cWW","9QF4|1|B1|C|892"
"9QF4|1|B1|5MC|877","cWW","9QF4|1|B1|G|891"
"9QF4|1|B1|G|879","cWW","9QF4|1|B1|C|890"
"9QF4|1|B1|A2M|880","cWW","9QF4|1|B1|U|889"
"9QF4|1|B1|U|881","tSW","9QF4|1|B1|A|886"
"9QF4|1|B1|5MU|883","cWS","9QF4|1|B1|A|2139"
"9QF4|1|B1|C|885","cWS","9QF4|1|B1|U|889"
"9QF4|1|B1|A|886","tWS","9QF4|1|B1|U|881"
"9QF4|1|B1|U|889","cWW","9QF4|1|B1|A2M|880"
"9QF4|1|B1|U|889","cSW","9QF4|1|B1|C|885"
"9QF4|1|B1|C|890","cWW","9QF4|1|B1|G|879"
"9QF4|1|B1|G|891","cWW","9QF4|1|B1|5MC|877"
"9QF4|1|B1|C|892","cWW","9QF4|1|B1|G|876"
"9QF4|1|B1|U|893","cWW","9QF4|1|B1|U|875"
"9QF4|1|B1|C|894","cSS","9QF4|1|B1|A|2106"
"9QF4|1|B1|C|894","cWW","9QF4|1|B1|G|873"
"9QF4|1|B1|C|895","cWW","9QF4|1|B1|G|872"
"9QF4|1|B1|4AC|896","cWW","9QF4|1|B1|G|871"
"9QF4|1|B1|G|897","tSH","9QF4|1|B1|A|870"
"9QF4|1|B1|G|899","cWW","9QF4|1|B1|C|832"
"9QF4|1|B1|A|900","cWS","9QF4|1|B1|A|1929"
"9QF4|1|B1|A|900","cHW","9QF4|1|B1|U|1915"
"9QF4|1|B1|C|901","cWW","9QF4|1|B1|G|831"
"9QF4|1|B1|C|902","cWW","9QF4|1|B1|G|830"
"9QF4|1|B1|C|903","cWW","9QF4|1|B1|G|829"
"9QF4|1|B1|OMC|904","cWW","9QF4|1|B1|G|828"
"9QF4|1|B1|G|905","cWW","9QF4|1|B1|4AC|827"
"9QF4|1|B1|G|906","cWW","9QF4|1|B1|C|826"
"9QF4|1|B1|G|906","tSS","9QF4|1|B1|A|1497"
"9QF4|1|B1|G|907","cWW","9QF4|1|B1|C|825"
"9QF4|1|B1|C|908","cWW","9QF4|1|B1|G|824"
"9QF4|1|B1|U|909","cWW","9QF4|1|B1|A|823"
"9QF4|1|B1|A|910","tSS","9QF4|1|B1|C|923"
"9QF4|1|B1|G|911","tHW","9QF4|1|B1|G|818"
"9QF4|1|B1|G|911","cWW","9QF4|1|B1|C|927"
"9QF4|1|B1|G|913","cWW","9QF4|1|B1|C|923"
"9QF4|1|B1|G|914","tSW","9QF4|1|B1|A|819"
"9QF4|1|B1|G|914","cWW","9QF4|1|B1|C|922"
"9QF4|1|B1|G|916","tSW","9QF4|1|B1|A|919"
"9QF4|1|B1|A|917","tSS","9QF4|1|B1|G|1916"
"9QF4|1|B1|A|919","tWS","9QF4|1|B1|G|916"
"9QF4|1|B1|C|922","cWW","9QF4|1|B1|G|914"
"9QF4|1|B1|C|923","tSS","9QF4|1|B1|A|910"
"9QF4|1|B1|C|923","cWW","9QF4|1|B1|G|913"
"9QF4|1|B1|C|927","cWW","9QF4|1|B1|G|911"
"9QF4|1|B1|G|930","cWW","9QF4|1|B1|C|817"
"9QF4|1|B1|G|931","tSS","9QF4|1|B1|A2M|506"
"9QF4|1|B1|G|931","cWW","9QF4|1|B1|U|816"
"9QF4|1|B1|5MC|932","cWW","9QF4|1|B1|G|815"
"9QF4|1|B1|4AC|933","cWW","9QF4|1|B1|G|814"
"9QF4|1|B1|G|934","cWW","9QF4|1|B1|4AC|813"
"9QF4|1|B1|G|935","tSS","9QF4|1|B1|A|181"
"9QF4|1|B1|G|935","cWW","9QF4|1|B1|C|812"
"9QF4|1|B1|A|936","tWW","9QF4|1|B1|A|811"
"9QF4|1|B1|A|938","tWH","9QF4|1|B1|A|810"
"9QF4|1|B1|U|939","tWH","9QF4|1|B1|A|809"
"9QF4|1|B1|C|942","cWW","9QF4|1|B1|OMG|808"
"9QF4|1|B1|U|943","cWW","9QF4|1|B1|4AC|807"
"9QF4|1|B1|G|944","cWW","9QF4|1|B1|C|806"
"9QF4|1|B1|G|944","cSS","9QF4|1|B1|A|1397"
"9QF4|1|B1|G|945","tSS","9QF4|1|B1|A|678"
"9QF4|1|B1|G|945","cWW","9QF4|1|B1|C|805"
"9QF4|1|B1|C|948","cSS","9QF4|1|B1|A|1369"
"9QF4|1|B1|C|948","cWW","9QF4|1|B1|G|1339"
"9QF4|1|B1|C|949","cWW","9QF4|1|B1|G|1338"
"9QF4|1|B1|4AC|950","cWW","9QF4|1|B1|G|1337"
"9QF4|1|B1|G|951","cWW","9QF4|1|B1|C|1336"
"9QF4|1|B1|C|952","cWW","9QF4|1|B1|G|1335"
"9QF4|1|B1|4AC|953","cWW","9QF4|1|B1|G|1334"
"9QF4|1|B1|G|954","tSH","9QF4|1|B1|A|1333"
"9QF4|1|B1|A|955","tHW","9QF4|1|B1|U|1332"
"9QF4|1|B1|A|956","tHH","9QF4|1|B1|A|1109"
"9QF4|1|B1|U|957","tHS","9QF4|1|B1|G|1108"
"9QF4|1|B1|C|958","cWW","9QF4|1|B1|G|971"
"9QF4|1|B1|A|959","cWW","9QF4|1|B1|U|970"
"9QF4|1|B1|U|960","cWW","9QF4|1|B1|A|969"
"9QF4|1|B1|C|961","cWW","9QF4|1|B1|G|968"
"9QF4|1|B1|C|962","cWW","9QF4|1|B1|G|967"
"9QF4|1|B1|A|966","cWS","9QF4|1|B1|G|2561"
"9QF4|1|B1|G|967","tSW","9QF4|1|B1|A|186"
"9QF4|1|B1|G|967","cWW","9QF4|1|B1|C|962"
"9QF4|1|B1|G|968","cWW","9QF4|1|B1|C|961"
"9QF4|1|B1|A|969","cWW","9QF4|1|B1|U|960"
"9QF4|1|B1|U|970","tHH","9QF4|1|B1|A|1083"
"9QF4|1|B1|U|970","cWW","9QF4|1|B1|A|959"
"9QF4|1|B1|G|971","cWW","9QF4|1|B1|C|958"
"9QF4|1|B1|G|972","cWW","9QF4|1|B1|U|1082"
"9QF4|1|B1|C|973","cWW","9QF4|1|B1|G|1081"
"9QF4|1|B1|C|974","cWW","9QF4|1|B1|G|1079"
"9QF4|1|B1|U|975","cWW","9QF4|1|B1|G|1078"
"9QF4|1|B1|C|976","cWW","9QF4|1|B1|G|1077"
"9QF4|1|B1|C|977","cWW","9QF4|1|B1|G|1076"
"9QF4|1|B1|C|978","cWW","9QF4|1|B1|G|1075"
"9QF4|1|B1|4AC|979","cWW","9QF4|1|B1|G|1074"
"9QF4|1|B1|A|982","tHS","9QF4|1|B1|G|1071"
"9QF4|1|B1|G|983","cWW","9QF4|1|B1|4AC|1067"
"9QF4|1|B1|G|984","cWW","9QF4|1|B1|C|1066"
"9QF4|1|B1|U|985","cWW","9QF4|1|B1|G|1065"
"9QF4|1|B1|G|987","cWW","9QF4|1|B1|4AC|1064"
"9QF4|1|B1|G|988","cWW","9QF4|1|B1|C|1063"
"9QF4|1|B1|C|989","cWW","9QF4|1|B1|G|1062"
"9QF4|1|B1|G|990","cWW","9QF4|1|B1|4AC|1061"
"9QF4|1|B1|G|991","cWW","9QF4|1|B1|C|1060"
"9QF4|1|B1|U|992","cWW","9QF4|1|B1|A|1059"
"9QF4|1|B1|G|993","cWW","9QF4|1|B1|C|1058"
"9QF4|1|B1|G|994","cWW","9QF4|1|B1|C|1057"
"9QF4|1|B1|G|995","cWW","9QF4|1|B1|C|1056"
"9QF4|1|B1|G|996","cSH","9QF4|1|B1|U|997"
"9QF4|1|B1|U|997","tWH","9QF4|1|B1|A|1054"
"9QF4|1|B1|U|997","cHS","9QF4|1|B1|G|996"
"9QF4|1|B1|A|998","tHS","9QF4|1|B1|G|1053"
"9QF4|1|B1|G|999","cWW","9QF4|1|B1|4AC|1052"
"9QF4|1|B1|A|1000","cWW","9QF4|1|B1|U|1050"
"9QF4|1|B1|G|1001","cWW","9QF4|1|B1|C|1049"
"9QF4|1|B1|C|1002","tWH","9QF4|1|B1|A|1046"
"9QF4|1|B1|C|1004","cWS","9QF4|1|B1|C|1049"
"9QF4|1|B1|U|1005","cWW","9QF4|1|B1|A|1046"
"9QF4|1|B1|G|1006","cWW","9QF4|1|B1|C|1045"
"9QF4|1|B1|A|1007","cWW","9QF4|1|B1|U|1044"
"9QF4|1|B1|U|1008","cSW","9QF4|1|B1|G|1043"
"9QF4|1|B1|U|1009","cWW","9QF4|1|B1|U|1042"
"9QF4|1|B1|G|1010","cWW","9QF4|1|B1|C|1041"
"9QF4|1|B1|G|1011","cWW","9QF4|1|B1|C|1040"
"9QF4|1|B1|A|1012","cWW","9QF4|1|B1|U|1039"
"9QF4|1|B1|G|1013","cWW","9QF4|1|B1|C|1038"
"9QF4|1|B1|G|1014","cWW","9QF4|1|B1|C|1037"
"9QF4|1|B1|U|1015","cWW","9QF4|1|B1|G|1036"
"9QF4|1|B1|C|1017","cWW","9QF4|1|B1|G|1035"
"9QF4|1|B1|G|1020","cWW","9QF4|1|B1|C|1033"
"9QF4|1|B1|G|1021","cWW","9QF4|1|B1|C|1032"
"9QF4|1|B1|G|1022","cWW","9QF4|1|B1|C|1031"
"9QF4|1|B1|G|1023","cWW","9QF4|1|B1|C|1030"
"9QF4|1|B1|G|1025","tSW","9QF4|1|B1|A|1028"
"9QF4|1|B1|A|1028","tWS","9QF4|1|B1|G|1025"
"9QF4|1|B1|C|1030","cWW","9QF4|1|B1|G|1023"
"9QF4|1|B1|C|1031","cWW","9QF4|1|B1|G|1022"
"9QF4|1|B1|C|1032","cWW","9QF4|1|B1|G|1021"
"9QF4|1|B1|C|1033","cWW","9QF4|1|B1|G|1020"
"9QF4|1|B1|G|1035","cWW","9QF4|1|B1|C|1017"
"9QF4|1|B1|G|1036","cWW","9QF4|1|B1|U|1015"
"9QF4|1|B1|C|1037","cWW","9QF4|1|B1|G|1014"
"9QF4|1|B1|C|1038","cWW","9QF4|1|B1|G|1013"
"9QF4|1|B1|U|1039","cWW","9QF4|1|B1|A|1012"
"9QF4|1|B1|C|1040","cWW","9QF4|1|B1|G|1011"
"9QF4|1|B1|C|1041","cWW","9QF4|1|B1|G|1010"
"9QF4|1|B1|U|1042","cWW","9QF4|1|B1|U|1009"
"9QF4|1|B1|G|1043","cWS","9QF4|1|B1|U|1008"
"9QF4|1|B1|U|1044","cWW","9QF4|1|B1|A|1007"
"9QF4|1|B1|C|1045","cWW","9QF4|1|B1|G|1006"
"9QF4|1|B1|A|1046","cWW","9QF4|1|B1|U|1005"
"9QF4|1|B1|A|1046","tHW","9QF4|1|B1|C|1002"
"9QF4|1|B1|A|1047","cSS","9QF4|1|B1|4AC|2379"
"9QF4|1|B1|A|1048","tSS","9QF4|1|B1|G|2392"
"9QF4|1|B1|C|1049","cWW","9QF4|1|B1|G|1001"
"9QF4|1|B1|C|1049","cSW","9QF4|1|B1|C|1004"
"9QF4|1|B1|U|1050","cWW","9QF4|1|B1|A|1000"
"9QF4|1|B1|U|1050","cSH","9QF4|1|B1|C|1051"
"9QF4|1|B1|C|1051","cHS","9QF4|1|B1|U|1050"
"9QF4|1|B1|4AC|1052","cWW","9QF4|1|B1|G|999"
"9QF4|1|B1|G|1053","tSH","9QF4|1|B1|A|998"
"9QF4|1|B1|A|1054","tHW","9QF4|1|B1|U|997"
"9QF4|1|B1|A|1055","tHH","9QF4|1|B1|A|2383"
"9QF4|1|B1|C|1056","cWW","9QF4|1|B1|G|995"
"9QF4|1|B1|C|1057","cWW","9QF4|1|B1|G|994"
"9QF4|1|B1|C|1058","cWW","9QF4|1|B1|G|993"
"9QF4|1|B1|A|1059","cWW","9QF4|1|B1|U|992"
"9QF4|1|B1|C|1060","cWW","9QF4|1|B1|G|991"
"9QF4|1|B1|4AC|1061","cWW","9QF4|1|B1|G|990"
"9QF4|1|B1|G|1062","cWW","9QF4|1|B1|C|989"
"9QF4|1|B1|C|1063","cWW","9QF4|1|B1|G|988"
"9QF4|1|B1|4AC|1064","cWW","9QF4|1|B1|G|987"
"9QF4|1|B1|G|1065","cWW","9QF4|1|B1|U|985"
"9QF4|1|B1|C|1066","cWW","9QF4|1|B1|G|984"
"9QF4|1|B1|4AC|1067","cWW","9QF4|1|B1|G|983"
"9QF4|1|B1|A|1070","cSS","9QF4|1|B1|C|1308"
"9QF4|1|B1|G|1071","tSH","9QF4|1|B1|A|982"
"9QF4|1|B1|G|1074","cWW","9QF4|1|B1|4AC|979"
"9QF4|1|B1|G|1075","cWW","9QF4|1|B1|C|978"
"9QF4|1|B1|G|1076","cWW","9QF4|1|B1|C|977"
"9QF4|1|B1|G|1077","cWW","9QF4|1|B1|C|976"
"9QF4|1|B1|G|1078","cWW","9QF4|1|B1|U|975"
"9QF4|1|B1|G|1079","cWW","9QF4|1|B1|C|974"
"9QF4|1|B1|G|1081","cWW","9QF4|1|B1|C|973"
"9QF4|1|B1|U|1082","cWW","9QF4|1|B1|G|972"
"9QF4|1|B1|A|1083","tHH","9QF4|1|B1|U|970"
"9QF4|1|B1|G|1085","cWW","9QF4|1|B1|4AC|1107"
"9QF4|1|B1|G|1086","cWW","9QF4|1|B1|C|1106"
"9QF4|1|B1|G|1086","tSS","9QF4|1|B1|A|1120"
"9QF4|1|B1|U|1087","cWW","9QF4|1|B1|A|1105"
"9QF4|1|B1|G|1089","cWW","9QF4|1|B1|U|1102"
"9QF4|1|B1|C|1090","cWW","9QF4|1|B1|G|1101"
"9QF4|1|B1|G|1091","cWW","9QF4|1|B1|4AC|1100"
"9QF4|1|B1|G|1092","cWW","9QF4|1|B1|OMC|1099"
"9QF4|1|B1|U|1093","cWW","9QF4|1|B1|G|1098"
"9QF4|1|B1|A|1096","cSS","9QF4|1|B1|U|2573"
"9QF4|1|B1|A|1097","cSS","9QF4|1|B1|G|2572"
"9QF4|1|B1|G|1098","cSH","9QF4|1|B1|G|2364"
"9QF4|1|B1|G|1098","cWW","9QF4|1|B1|U|1093"
"9QF4|1|B1|OMC|1099","cWW","9QF4|1|B1|G|1092"
"9QF4|1|B1|4AC|1100","cSS","9QF4|1|B1|A|2388"
"9QF4|1|B1|4AC|1100","cWW","9QF4|1|B1|G|1091"
"9QF4|1|B1|G|1101","cWW","9QF4|1|B1|C|1090"
"9QF4|1|B1|U|1102","cWW","9QF4|1|B1|G|1089"
"9QF4|1|B1|C|1104","cSH","9QF4|1|B1|C|1106"
"9QF4|1|B1|A|1105","cWW","9QF4|1|B1|U|1087"
"9QF4|1|B1|C|1106","cHS","9QF4|1|B1|C|1104"
"9QF4|1|B1|C|1106","cWW","9QF4|1|B1|G|1086"
"9QF4|1|B1|4AC|1107","cSS","9QF4|1|B1|A|1119"
"9QF4|1|B1|4AC|1107","cWW","9QF4|1|B1|G|1085"
"9QF4|1|B1|G|1108","tSH","9QF4|1|B1|U|957"
"9QF4|1|B1|A|1109","tHH","9QF4|1|B1|A|956"
"9QF4|1|B1|G|1110","tSH","9QF4|1|B1|A|1126"
"9QF4|1|B1|G|1112","cSS","9QF4|1|B1|A|1295"
"9QF4|1|B1|G|1112","cWW","9QF4|1|B1|C|1123"
"9QF4|1|B1|G|1113","cWW","9QF4|1|B1|C|1122"
"9QF4|1|B1|G|1114","cWW","9QF4|1|B1|C|1121"
"9QF4|1|B1|G|1115","tSW","9QF4|1|B1|C|1163"
"9QF4|1|B1|A|1116","cSS","9QF4|1|B1|C|2161"
"9QF4|1|B1|A|1117","tSS","9QF4|1|B1|G|2151"
"9QF4|1|B1|C|1118","cWW","9QF4|1|B1|U|1164"
"9QF4|1|B1|A|1119","cSS","9QF4|1|B1|4AC|1107"
"9QF4|1|B1|A|1119","cWS","9QF4|1|B1|U|661"
"9QF4|1|B1|A|1120","tSS","9QF4|1|B1|G|1086"
"9QF4|1|B1|C|1121","cWW","9QF4|1|B1|G|1114"
"9QF4|1|B1|C|1121","cSW","9QF4|1|B1|A|1162"
"9QF4|1|B1|C|1122","cSS","9QF4|1|B1|A|1136"
"9QF4|1|B1|C|1122","cWW","9QF4|1|B1|G|1113"
"9QF4|1|B1|C|1123","cSS","9QF4|1|B1|A|1135"
"9QF4|1|B1|C|1123","cWW","9QF4|1|B1|G|1112"
"9QF4|1|B1|A|1126","tHS","9QF4|1|B1|G|1110"
"9QF4|1|B1|C|1127","cWW","9QF4|1|B1|G|1303"
"9QF4|1|B1|4AC|1128","cWW","9QF4|1|B1|G|1302"
"9QF4|1|B1|G|1129","cWW","9QF4|1|B1|4AC|1301"
"9QF4|1|B1|G|1130","cWW","9QF4|1|B1|C|1300"
"9QF4|1|B1|G|1131","cWW","9QF4|1|B1|C|1299"
"9QF4|1|B1|G|1132","cWW","9QF4|1|B1|C|1298"
"9QF4|1|B1|U|1133","cWW","9QF4|1|B1|A|1297"
"9QF4|1|B1|U|1134","tWH","9QF4|1|B1|A|1295"
"9QF4|1|B1|A|1135","cSS","9QF4|1|B1|C|1123"
"9QF4|1|B1|A|1136","cSS","9QF4|1|B1|C|1122"
"9QF4|1|B1|A|1136","tHS","9QF4|1|B1|G|1294"
"9QF4|1|B1|G|1137","cWW","9QF4|1|B1|4AC|1293"
"9QF4|1|B1|G|1138","cWW","9QF4|1|B1|C|1292"
"9QF4|1|B1|G|1138","tSS","9QF4|1|B1|A|1145"
"9QF4|1|B1|C|1139","cWW","9QF4|1|B1|G|1291"
"9QF4|1|B1|C|1140","cWW","9QF4|1|B1|G|1277"
"9QF4|1|B1|C|1141","cWW","9QF4|1|B1|G|1276"
"9QF4|1|B1|C|1142","cWW","9QF4|1|B1|G|1275"
"9QF4|1|B1|A|1145","tSS","9QF4|1|B1|G|1138"
"9QF4|1|B1|G|1146","cWW","9QF4|1|B1|4AC|1290"
"9QF4|1|B1|G|1148","cWW","9QF4|1|B1|C|1289"
"9QF4|1|B1|G|1148","cSS","9QF4|1|B1|A|616"
"9QF4|1|B1|C|1149","cSS","9QF4|1|B1|G|615"
"9QF4|1|B1|C|1149","cWW","9QF4|1|B1|G|1288"
"9QF4|1|B1|4AC|1150","cWW","9QF4|1|B1|G|1287"
"9QF4|1|B1|G|1151","cWW","9QF4|1|B1|4AC|1286"
"9QF4|1|B1|G|1152","cWW","9QF4|1|B1|C|1285"
"9QF4|1|B1|C|1153","cWW","9QF4|1|B1|G|1284"
"9QF4|1|B1|U|1154","tWW","9QF4|1|B1|A|1282"
"9QF4|1|B1|A|1156","tWW","9QF4|1|B1|U|1280"
"9QF4|1|B1|G|1157","cSH","9QF4|1|B1|U|1158"
"9QF4|1|B1|U|1158","cHS","9QF4|1|B1|G|1157"
"9QF4|1|B1|G|1159","cWW","9QF4|1|B1|C|1279"
"9QF4|1|B1|U|1160","cWW","9QF4|1|B1|G|1278"
"9QF4|1|B1|A|1162","cWS","9QF4|1|B1|C|1121"
"9QF4|1|B1|C|1163","tWS","9QF4|1|B1|G|1115"
"9QF4|1|B1|U|1164","cWW","9QF4|1|B1|C|1118"
"9QF4|1|B1|A|1168","cSS","9QF4|1|B1|4AC|2602"
"9QF4|1|B1|A|1169","tHS","9QF4|1|B1|G|1265"
"9QF4|1|B1|G|1170","cWW","9QF4|1|B1|4AC|1264"
"9QF4|1|B1|G|1171","cWW","9QF4|1|B1|C|1263"
"9QF4|1|B1|G|1172","cWW","9QF4|1|B1|C|1262"
"9QF4|1|B1|G|1174","cWW","9QF4|1|B1|C|1261"
"9QF4|1|B1|U|1175","cWW","9QF4|1|B1|G|1260"
"9QF4|1|B1|C|1176","cWW","9QF4|1|B1|G|1259"
"9QF4|1|B1|C|1177","cWW","9QF4|1|B1|G|1258"
"9QF4|1|B1|4AC|1178","cWW","9QF4|1|B1|G|1257"
"9QF4|1|B1|G|1179","cWW","9QF4|1|B1|C|1256"
"9QF4|1|B1|G|1180","cWW","9QF4|1|B1|C|1255"
"9QF4|1|B1|G|1181","cWW","9QF4|1|B1|U|1254"
"9QF4|1|B1|C|1182","cWW","9QF4|1|B1|G|1253"
"9QF4|1|B1|C|1183","cWW","9QF4|1|B1|G|1252"
"9QF4|1|B1|C|1189","cWW","9QF4|1|B1|G|2865"
"9QF4|1|B1|G|1191","cWW","9QF4|1|B1|U|1248"
"9QF4|1|B1|U|1248","cWW","9QF4|1|B1|G|1191"
"9QF4|1|B1|G|1252","cWW","9QF4|1|B1|C|1183"
"9QF4|1|B1|G|1253","cWW","9QF4|1|B1|C|1182"
"9QF4|1|B1|U|1254","cWW","9QF4|1|B1|G|1181"
"9QF4|1|B1|C|1255","cWW","9QF4|1|B1|G|1180"
"9QF4|1|B1|C|1256","cWW","9QF4|1|B1|G|1179"
"9QF4|1|B1|G|1257","cWW","9QF4|1|B1|4AC|1178"
"9QF4|1|B1|G|1258","cWW","9QF4|1|B1|C|1177"
"9QF4|1|B1|G|1259","cWW","9QF4|1|B1|C|1176"
"9QF4|1|B1|G|1260","cWW","9QF4|1|B1|U|1175"
"9QF4|1|B1|C|1261","cWW","9QF4|1|B1|G|1174"
"9QF4|1|B1|C|1262","cWW","9QF4|1|B1|G|1172"
"9QF4|1|B1|C|1263","cWW","9QF4|1|B1|G|1171"
"9QF4|1|B1|4AC|1264","cWW","9QF4|1|B1|G|1170"
"9QF4|1|B1|G|1265","tSH","9QF4|1|B1|A|1169"
"9QF4|1|B1|A|1269","tSS","9QF4|1|B1|G|2685"
"9QF4|1|B1|G|1275","cWW","9QF4|1|B1|C|1142"
"9QF4|1|B1|G|1276","cWW","9QF4|1|B1|C|1141"
"9QF4|1|B1|G|1277","cWW","9QF4|1|B1|C|1140"
"9QF4|1|B1|G|1278","cWW","9QF4|1|B1|U|1160"
"9QF4|1|B1|G|1278","tSS","9QF4|1|B1|A|1283"
"9QF4|1|B1|C|1279","cWW","9QF4|1|B1|G|1159"
"9QF4|1|B1|U|1280","tWW","9QF4|1|B1|A|1156"
"9QF4|1|B1|A|1282","tWW","9QF4|1|B1|U|1154"
"9QF4|1|B1|A|1283","tSS","9QF4|1|B1|G|1278"
"9QF4|1|B1|G|1284","cWW","9QF4|1|B1|C|1153"
"9QF4|1|B1|C|1285","cWW","9QF4|1|B1|G|1152"
"9QF4|1|B1|4AC|1286","cWW","9QF4|1|B1|G|1151"
"9QF4|1|B1|G|1287","cWW","9QF4|1|B1|4AC|1150"
"9QF4|1|B1|G|1288","cWW","9QF4|1|B1|C|1149"
"9QF4|1|B1|C|1289","tSS","9QF4|1|B1|A|616"
"9QF4|1|B1|C|1289","cWW","9QF4|1|B1|G|1148"
"9QF4|1|B1|4AC|1290","cWW","9QF4|1|B1|G|1146"
"9QF4|1|B1|G|1291","cWW","9QF4|1|B1|C|1139"
"9QF4|1|B1|C|1292","cWW","9QF4|1|B1|G|1138"
"9QF4|1|B1|4AC|1293","cWW","9QF4|1|B1|G|1137"
"9QF4|1|B1|G|1294","tSH","9QF4|1|B1|A|1136"
"9QF4|1|B1|A|1295","cSS","9QF4|1|B1|G|1112"
"9QF4|1|B1|A|1295","tHW","9QF4|1|B1|U|1134"
"9QF4|1|B1|A|1297","cWW","9QF4|1|B1|U|1133"
"9QF4|1|B1|C|1298","cWW","9QF4|1|B1|G|1132"
"9QF4|1|B1|C|1299","cSS","9QF4|1|B1|A|602"
"9QF4|1|B1|C|1299","cWW","9QF4|1|B1|G|1131"
"9QF4|1|B1|C|1300","cSS","9QF4|1|B1|A|601"
"9QF4|1|B1|C|1300","cWW","9QF4|1|B1|G|1130"
"9QF4|1|B1|4AC|1301","cWW","9QF4|1|B1|G|1129"
"9QF4|1|B1|G|1302","cWW","9QF4|1|B1|4AC|1128"
"9QF4|1|B1|G|1303","cWW","9QF4|1|B1|C|1127"
"9QF4|1|B1|C|1304","cWW","9QF4|1|B1|G|1329"
"9QF4|1|B1|G|1305","cWW","9QF4|1|B1|C|1328"
"9QF4|1|B1|C|1306","cWW","9QF4|1|B1|G|1325"
"9QF4|1|B1|A|1307","cWW","9QF4|1|B1|U|1324"
"9QF4|1|B1|C|1308","cWW","9QF4|1|B1|G|1323"
"9QF4|1|B1|C|1308","cSS","9QF4|1|B1|A|1070"
"9QF4|1|B1|G|1309","cWW","9QF4|1|B1|4AC|1322"
"9QF4|1|B1|G|1310","cWW","9QF4|1|B1|C|1321"
"9QF4|1|B1|A|1311","cWW","9QF4|1|B1|U|1320"
"9QF4|1|B1|C|1312","cWW","9QF4|1|B1|G|1319"
"9QF4|1|B1|4AC|1313","cWW","9QF4|1|B1|G|1318"
"9QF4|1|B1|G|1318","cWW","9QF4|1|B1|4AC|1313"
"9QF4|1|B1|G|1319","cWW","9QF4|1|B1|C|1312"
"9QF4|1|B1|U|1320","cWW","9QF4|1|B1|A|1311"
"9QF4|1|B1|C|1321","cWW","9QF4|1|B1|G|1310"
"9QF4|1|B1|4AC|1322","cWW","9QF4|1|B1|G|1309"
"9QF4|1|B1|G|1323","cWW","9QF4|1|B1|C|1308"
"9QF4|1|B1|U|1324","cWW","9QF4|1|B1|A|1307"
"9QF4|1|B1|G|1325","cWW","9QF4|1|B1|C|1306"
"9QF4|1|B1|C|1328","cWW","9QF4|1|B1|G|1305"
"9QF4|1|B1|G|1329","cWW","9QF4|1|B1|C|1304"
"9QF4|1|B1|G|1331","cSH","9QF4|1|B1|U|1332"
"9QF4|1|B1|U|1332","tWH","9QF4|1|B1|A|955"
"9QF4|1|B1|U|1332","cHS","9QF4|1|B1|G|1331"
"9QF4|1|B1|A|1333","tHS","9QF4|1|B1|G|954"
"9QF4|1|B1|G|1334","cWW","9QF4|1|B1|4AC|953"
"9QF4|1|B1|G|1335","cWW","9QF4|1|B1|C|952"
"9QF4|1|B1|C|1336","cWW","9QF4|1|B1|G|951"
"9QF4|1|B1|G|1337","cWW","9QF4|1|B1|4AC|950"
"9QF4|1|B1|G|1338","cWW","9QF4|1|B1|C|949"
"9QF4|1|B1|G|1339","tSS","9QF4|1|B1|A|1369"
"9QF4|1|B1|G|1339","cWW","9QF4|1|B1|C|948"
"9QF4|1|B1|C|1340","cWW","9QF4|1|B1|G|1393"
"9QF4|1|B1|G|1341","cWS","9QF4|1|B1|C|1392"
"9QF4|1|B1|U|1342","cWW","9QF4|1|B1|A|1390"
"9QF4|1|B1|G|1343","cWW","9QF4|1|B1|U|1389"
"9QF4|1|B1|5MC|1344","cWW","9QF4|1|B1|G|1388"
"9QF4|1|B1|4AC|1345","cWW","9QF4|1|B1|G|1387"
"9QF4|1|B1|G|1346","cWW","9QF4|1|B1|C|1386"
"9QF4|1|B1|G|1347","cWW","9QF4|1|B1|C|1385"
"9QF4|1|B1|U|1348","cWW","9QF4|1|B1|G|1384"
"9QF4|1|B1|G|1349","cWW","9QF4|1|B1|4AC|1383"
"9QF4|1|B1|G|1350","cWW","9QF4|1|B1|C|1382"
"9QF4|1|B1|C|1351","cWW","9QF4|1|B1|G|1381"
"9QF4|1|B1|G|1355","tSH","9QF4|1|B1|A|1380"
"9QF4|1|B1|A|1357","tHS","9QF4|1|B1|G|1378"
"9QF4|1|B1|G|1358","cSS","9QF4|1|B1|U|30"
"9QF4|1|B1|G|1358","cWW","9QF4|1|B1|U|1377"
"9QF4|1|B1|C|1359","cWW","9QF4|1|B1|G|1376"
"9QF4|1|B1|C|1360","cWW","9QF4|1|B1|G|1375"
"9QF4|1|B1|G|1361","cWW","9QF4|1|B1|4AC|1374"
"9QF4|1|B1|G|1362","tSS","9QF4|1|B1|A|584"
"9QF4|1|B1|G|1362","cWW","9QF4|1|B1|C|1373"
"9QF4|1|B1|G|1363","cWW","9QF4|1|B1|U|1372"
"9QF4|1|B1|C|1364","cWW","9QF4|1|B1|G|1371"
"9QF4|1|B1|C|1365","cWW","9QF4|1|B1|G|1370"
"9QF4|1|B1|A|1369","cSS","9QF4|1|B1|C|948"
"9QF4|1|B1|A|1369","tSS","9QF4|1|B1|G|1339"
"9QF4|1|B1|G|1370","cWW","9QF4|1|B1|C|1365"
"9QF4|1|B1|G|1371","cWW","9QF4|1|B1|C|1364"
"9QF4|1|B1|U|1372","cWW","9QF4|1|B1|G|1363"
"9QF4|1|B1|C|1373","cWW","9QF4|1|B1|G|1362"
"9QF4|1|B1|4AC|1374","cWW","9QF4|1|B1|G|1361"
"9QF4|1|B1|G|1375","cWW","9QF4|1|B1|C|1360"
"9QF4|1|B1|G|1376","cWW","9QF4|1|B1|C|1359"
"9QF4|1|B1|U|1377","cWW","9QF4|1|B1|G|1358"
"9QF4|1|B1|G|1378","tSH","9QF4|1|B1|A|1357"
"9QF4|1|B1|A|1380","tHS","9QF4|1|B1|G|1355"
"9QF4|1|B1|G|1381","cWW","9QF4|1|B1|C|1351"
"9QF4|1|B1|C|1382","cWW","9QF4|1|B1|G|1350"
"9QF4|1|B1|4AC|1383","cWW","9QF4|1|B1|G|1349"
"9QF4|1|B1|G|1384","cWW","9QF4|1|B1|U|1348"
"9QF4|1|B1|C|1385","cWW","9QF4|1|B1|G|1347"
"9QF4|1|B1|C|1386","cWW","9QF4|1|B1|G|1346"
"9QF4|1|B1|G|1387","cWW","9QF4|1|B1|4AC|1345"
"9QF4|1|B1|G|1388","tSS","9QF4|1|B1|A|483"
"9QF4|1|B1|G|1388","cWW","9QF4|1|B1|5MC|1344"
"9QF4|1|B1|U|1389","cWW","9QF4|1|B1|G|1343"
"9QF4|1|B1|A|1390","cWW","9QF4|1|B1|U|1342"
"9QF4|1|B1|C|1392","cSW","9QF4|1|B1|G|1341"
"9QF4|1|B1|G|1393","cWW","9QF4|1|B1|C|1340"
"9QF4|1|B1|A|1397","cSS","9QF4|1|B1|G|944"
"9QF4|1|B1|A|1397","tHS","9QF4|1|B1|G|677"
"9QF4|1|B1|C|1399","cWW","9QF4|1|B1|G|676"
"9QF4|1|B1|C|1400","cWW","9QF4|1|B1|OMG|675"
"9QF4|1|B1|U|1401","cWW","9QF4|1|B1|A|674"
"9QF4|1|B1|U|1401","cSW","9QF4|1|B1|U|488"
"9QF4|1|B1|G|1402","cWW","9QF4|1|B1|C|673"
"9QF4|1|B1|C|1403","cWW","9QF4|1|B1|G|672"
"9QF4|1|B1|C|1404","cWW","9QF4|1|B1|G|671"
"9QF4|1|B1|G|1405","cWW","9QF4|1|B1|C|2142"
"9QF4|1|B1|G|1406","cWW","9QF4|1|B1|C|2141"
"9QF4|1|B1|G|1407","tSH","9QF4|1|B1|A|2140"
"9QF4|1|B1|A|1408","tHH","9QF4|1|B1|A|2139"
"9QF4|1|B1|G|1409","cSH","9QF4|1|B1|U|1410"
"9QF4|1|B1|U|1410","tWH","9QF4|1|B1|A|2138"
"9QF4|1|B1|U|1410","cHS","9QF4|1|B1|G|1409"
"9QF4|1|B1|A|1411","tHS","9QF4|1|B1|G|2137"
"9QF4|1|B1|G|1412","cWW","9QF4|1|B1|C|2136"
"9QF4|1|B1|C|1413","cWW","9QF4|1|B1|G|2135"
"9QF4|1|B1|C|1416","tWW","9QF4|1|B1|G|1765"
"9QF4|1|B1|G|1420","cWW","9QF4|1|B1|C|1438"
"9QF4|1|B1|U|1421","cWW","9QF4|1|B1|A|1437"
"9QF4|1|B1|C|1422","cWW","9QF4|1|B1|G|1436"
"9QF4|1|B1|G|1423","cWW","9QF4|1|B1|4AC|1435"
"9QF4|1|B1|G|1424","cWW","9QF4|1|B1|C|1434"
"9QF4|1|B1|G|1425","cWW","9QF4|1|B1|C|1433"
"9QF4|1|B1|U|1426","tWH","9QF4|1|B1|A|1430"
"9QF4|1|B1|G|1427","cSW","9QF4|1|B1|U|1473"
"9QF4|1|B1|A|1430","tHW","9QF4|1|B1|U|1426"
"9QF4|1|B1|A|1431","cWS","9QF4|1|B1|C|1807"
"9QF4|1|B1|U|1432","tWW","9QF4|1|B1|U|1470"
"9QF4|1|B1|C|1433","cWW","9QF4|1|B1|G|1425"
"9QF4|1|B1|C|1434","cWW","9QF4|1|B1|G|1424"
"9QF4|1|B1|4AC|1435","cWW","9QF4|1|B1|G|1423"
"9QF4|1|B1|G|1436","cWW","9QF4|1|B1|C|1422"
"9QF4|1|B1|A|1437","cWW","9QF4|1|B1|U|1421"
"9QF4|1|B1|C|1438","cWW","9QF4|1|B1|G|1420"
"9QF4|1|B1|4AC|1439","cWW","9QF4|1|B1|G|1803"
"9QF4|1|B1|G|1440","cWW","9QF4|1|B1|C|1802"
"9QF4|1|B1|C|1441","cWW","9QF4|1|B1|G|1801"
"9QF4|1|B1|4AC|1442","cWW","9QF4|1|B1|G|1800"
"9QF4|1|B1|G|1443","tSH","9QF4|1|B1|A|1799"
"9QF4|1|B1|G|1447","cWW","9QF4|1|B1|C|1783"
"9QF4|1|B1|G|1448","cWW","9QF4|1|B1|C|1782"
"9QF4|1|B1|G|1449","cWW","9QF4|1|B1|C|1781"
"9QF4|1|B1|C|1450","tWW","9QF4|1|B1|G|1779"
"9QF4|1|B1|G|1453","cWW","9QF4|1|B1|4AC|1762"
"9QF4|1|B1|G|1454","cWW","9QF4|1|B1|C|1761"
"9QF4|1|B1|U|1457","cWW","9QF4|1|B1|A|1760"
"9QF4|1|B1|C|1458","cWW","9QF4|1|B1|G|1482"
"9QF4|1|B1|C|1459","cSS","9QF4|1|B1|U|1538"
"9QF4|1|B1|C|1459","cWW","9QF4|1|B1|G|1481"
"9QF4|1|B1|A|1460","cWW","9QF4|1|B1|U|1480"
"9QF4|1|B1|C|1461","cWW","9QF4|1|B1|G|1479"
"9QF4|1|B1|G|1462","cWW","9QF4|1|B1|4AC|1478"
"9QF4|1|B1|G|1463","cWW","9QF4|1|B1|C|1477"
"9QF4|1|B1|C|1464","tWH","9QF4|1|B1|A|1475"
"9QF4|1|B1|A|1466","cWS","9QF4|1|B1|C|1477"
"9QF4|1|B1|U|1467","cWW","9QF4|1|B1|A|1475"
"9QF4|1|B1|G|1468","cWW","9QF4|1|B1|C|1474"
"9QF4|1|B1|U|1470","tWW","9QF4|1|B1|U|1432"
"9QF4|1|B1|U|1473","cWS","9QF4|1|B1|G|1427"
"9QF4|1|B1|C|1474","cWW","9QF4|1|B1|G|1468"
"9QF4|1|B1|A|1475","cWW","9QF4|1|B1|U|1467"
"9QF4|1|B1|A|1475","tHW","9QF4|1|B1|C|1464"
"9QF4|1|B1|C|1477","cSW","9QF4|1|B1|A|1466"
"9QF4|1|B1|C|1477","cWW","9QF4|1|B1|G|1463"
"9QF4|1|B1|4AC|1478","cWW","9QF4|1|B1|G|1462"
"9QF4|1|B1|G|1479","cWW","9QF4|1|B1|C|1461"
"9QF4|1|B1|U|1480","cWW","9QF4|1|B1|A|1460"
"9QF4|1|B1|G|1481","cWW","9QF4|1|B1|C|1459"
"9QF4|1|B1|G|1482","cWW","9QF4|1|B1|C|1458"
"9QF4|1|B1|G|1482","tSS","9QF4|1|B1|A|1539"
"9QF4|1|B1|A|1486","tHW","9QF4|1|B1|U|1759"
"9QF4|1|B1|G|1487","cWW","9QF4|1|B1|C|1550"
"9QF4|1|B1|OMU|1488","cWW","9QF4|1|B1|A|1549"
"9QF4|1|B1|OMC|1489","cWW","9QF4|1|B1|G|1758"
"9QF4|1|B1|G|1490","cSS","9QF4|1|B1|A|1524"
"9QF4|1|B1|G|1490","cWW","9QF4|1|B1|4AC|1757"
"9QF4|1|B1|G|1491","cWW","9QF4|1|B1|C|1756"
"9QF4|1|B1|C|1493","cWW","9QF4|1|B1|G|1527"
"9QF4|1|B1|C|1494","cWW","9QF4|1|B1|G|1526"
"9QF4|1|B1|U|1495","cSS","9QF4|1|B1|A|1725"
"9QF4|1|B1|U|1495","tWH","9QF4|1|B1|A|1523"
"9QF4|1|B1|A|1496","cSS","9QF4|1|B1|4AC|827"
"9QF4|1|B1|A|1497","tSS","9QF4|1|B1|G|906"
"9QF4|1|B1|A|1497","tHS","9QF4|1|B1|G|1522"
"9QF4|1|B1|A|1497","cSS","9QF4|1|B1|C|826"
"9QF4|1|B1|C|1498","cWW","9QF4|1|B1|G|1521"
"9QF4|1|B1|C|1499","cWW","9QF4|1|B1|G|1520"
"9QF4|1|B1|C|1500","cWW","9QF4|1|B1|G|1519"
"9QF4|1|B1|4AC|1501","cWW","9QF4|1|B1|G|1518"
"9QF4|1|B1|G|1502","cWW","9QF4|1|B1|C|1517"
"9QF4|1|B1|C|1503","cWW","9QF4|1|B1|G|1516"
"9QF4|1|B1|C|1504","cWW","9QF4|1|B1|G|1514"
"9QF4|1|B1|4AC|1505","cWW","9QF4|1|B1|G|1513"
"9QF4|1|B1|G|1506","cWW","9QF4|1|B1|C|1512"
"9QF4|1|B1|G|1506","cSS","9QF4|1|B1|A|1949"
"9QF4|1|B1|C|1512","cWW","9QF4|1|B1|G|1506"
"9QF4|1|B1|G|1513","tSS","9QF4|1|B1|A|1950"
"9QF4|1|B1|G|1513","cWW","9QF4|1|B1|4AC|1505"
"9QF4|1|B1|G|1514","cWW","9QF4|1|B1|C|1504"
"9QF4|1|B1|G|1516","cWW","9QF4|1|B1|C|1503"
"9QF4|1|B1|C|1517","cWW","9QF4|1|B1|G|1502"
"9QF4|1|B1|G|1518","cWW","9QF4|1|B1|4AC|1501"
"9QF4|1|B1|G|1519","cWW","9QF4|1|B1|C|1500"
"9QF4|1|B1|G|1520","cWW","9QF4|1|B1|C|1499"
"9QF4|1|B1|G|1521","cWW","9QF4|1|B1|C|1498"
"9QF4|1|B1|G|1522","tSH","9QF4|1|B1|A|1497"
"9QF4|1|B1|A|1523","tHW","9QF4|1|B1|U|1495"
"9QF4|1|B1|A|1524","cSS","9QF4|1|B1|G|1490"
"9QF4|1|B1|G|1526","cWW","9QF4|1|B1|C|1494"
"9QF4|1|B1|G|1527","cWW","9QF4|1|B1|C|1493"
"9QF4|1|B1|A|1531","cWW","9QF4|1|B1|U|1548"
"9QF4|1|B1|C|1532","cWW","9QF4|1|B1|G|1547"
"9QF4|1|B1|C|1532","cSS","9QF4|1|B1|A|1626"
"9QF4|1|B1|OMG|1533","cWW","9QF4|1|B1|4AC|1546"
"9QF4|1|B1|G|1534","cWW","9QF4|1|B1|C|1545"
"9QF4|1|B1|G|1535","cWW","9QF4|1|B1|C|1544"
"9QF4|1|B1|U|1536","tWH","9QF4|1|B1|A|1541"
"9QF4|1|B1|U|1538","cSS","9QF4|1|B1|C|1459"
"9QF4|1|B1|A|1539","tSS","9QF4|1|B1|G|1482"
"9QF4|1|B1|A|1541","tHW","9QF4|1|B1|U|1536"
"9QF4|1|B1|C|1544","cWW","9QF4|1|B1|G|1535"
"9QF4|1|B1|C|1545","cWW","9QF4|1|B1|G|1534"
"9QF4|1|B1|4AC|1546","cWW","9QF4|1|B1|OMG|1533"
"9QF4|1|B1|G|1547","cWW","9QF4|1|B1|C|1532"
"9QF4|1|B1|U|1548","cWW","9QF4|1|B1|A|1531"
"9QF4|1|B1|A|1549","cWW","9QF4|1|B1|OMU|1488"
"9QF4|1|B1|C|1550","cWW","9QF4|1|B1|G|1487"
"9QF4|1|B1|4AC|1551","cWW","9QF4|1|B1|G|1754"
"9QF4|1|B1|G|1552","cWW","9QF4|1|B1|C|1753"
"9QF4|1|B1|C|1553","cWW","9QF4|1|B1|G|1752"
"9QF4|1|B1|G|1554","cWW","9QF4|1|B1|4AC|1751"
"9QF4|1|B1|G|1555","cWW","9QF4|1|B1|C|1750"
"9QF4|1|B1|G|1556","cWW","9QF4|1|B1|C|1749"
"9QF4|1|B1|G|1557","cWW","9QF4|1|B1|C|1748"
"9QF4|1|B1|G|1558","cWW","9QF4|1|B1|C|1747"
"9QF4|1|B1|U|1559","tSS","9QF4|1|B1|A|1574"
"9QF4|1|B1|U|1559","tWH","9QF4|1|B1|A|1745"
"9QF4|1|B1|A|1560","tHS","9QF4|1|B1|G|1744"
"9QF4|1|B1|G|1561","cWW","9QF4|1|B1|4AC|1743"
"9QF4|1|B1|G|1562","cWW","9QF4|1|B1|C|1742"
"9QF4|1|B1|G|1562","tSS","9QF4|1|B1|A|1739"
"9QF4|1|B1|U|1563","tHW","9QF4|1|B1|U|1740"
"9QF4|1|B1|G|1564","cWW","9QF4|1|B1|C|1573"
"9QF4|1|B1|C|1565","cWW","9QF4|1|B1|G|1572"
"9QF4|1|B1|G|1566","cWW","9QF4|1|B1|C|1571"
"9QF4|1|B1|A|1570","tSS","9QF4|1|B1|G|1666"
"9QF4|1|B1|C|1571","cWW","9QF4|1|B1|G|1566"
"9QF4|1|B1|G|1572","cWW","9QF4|1|B1|C|1565"
"9QF4|1|B1|C|1573","cWW","9QF4|1|B1|G|1564"
"9QF4|1|B1|A|1574","cSW","9QF4|1|B1|A|1745"
"9QF4|1|B1|A|1574","tSS","9QF4|1|B1|U|1559"
"9QF4|1|B1|G|1576","cWW","9QF4|1|B1|A|1738"
"9QF4|1|B1|C|1577","cWW","9QF4|1|B1|G|1737"
"9QF4|1|B1|C|1578","cWW","9QF4|1|B1|G|1736"
"9QF4|1|B1|4AC|1579","cWW","9QF4|1|B1|G|1735"
"9QF4|1|B1|G|1580","cWW","9QF4|1|B1|C|1734"
"9QF4|1|B1|G|1581","cWW","9QF4|1|B1|C|1733"
"9QF4|1|B1|A|1582","cWW","9QF4|1|B1|U|1732"
"9QF4|1|B1|G|1583","cWW","9QF4|1|B1|C|1731"
"9QF4|1|B1|G|1584","cWW","9QF4|1|B1|C|1730"
"9QF4|1|B1|G|1585","cWW","9QF4|1|B1|C|1729"
"9QF4|1|B1|U|1586","cWW","9QF4|1|B1|G|1728"
"9QF4|1|B1|G|1587","tSH","9QF4|1|B1|A|1727"
"9QF4|1|B1|A|1588","tHH","9QF4|1|B1|A|1726"
"9QF4|1|B1|G|1590","cWW","9QF4|1|B1|C|1718"
"9QF4|1|B1|C|1591","cWW","9QF4|1|B1|G|1717"
"9QF4|1|B1|C|1592","cWW","9QF4|1|B1|G|1716"
"9QF4|1|B1|U|1593","cWW","9QF4|1|B1|G|1715"
"9QF4|1|B1|C|1594","cWW","9QF4|1|B1|G|1714"
"9QF4|1|B1|G|1595","cWW","9QF4|1|B1|U|1713"
"9QF4|1|B1|G|1596","cWW","9QF4|1|B1|C|1712"
"9QF4|1|B1|G|1597","tSS","9QF4|1|B1|A|1671"
"9QF4|1|B1|G|1597","cWW","9QF4|1|B1|C|1711"
"9QF4|1|B1|G|1598","cWW","9QF4|1|B1|C|1710"
"9QF4|1|B1|U|1599","tWH","9QF4|1|B1|A|1708"
"9QF4|1|B1|A|1600","tHS","9QF4|1|B1|G|1707"
"9QF4|1|B1|G|1601","cWW","9QF4|1|B1|4AC|1706"
"9QF4|1|B1|G|1602","cWW","9QF4|1|B1|C|1705"
"9QF4|1|B1|C|1603","cWW","9QF4|1|B1|G|1704"
"9QF4|1|B1|G|1604","cWW","9QF4|1|B1|C|1703"
"9QF4|1|B1|G|1605","cWW","9QF4|1|B1|C|1702"
"9QF4|1|B1|A|1606","cWW","9QF4|1|B1|U|1701"
"9QF4|1|B1|C|1607","cWW","9QF4|1|B1|G|1623"
"9QF4|1|B1|4AC|1608","cWW","9QF4|1|B1|G|1622"
"9QF4|1|B1|G|1609","cWW","9QF4|1|B1|C|1621"
"9QF4|1|B1|G|1610","cWW","9QF4|1|B1|C|1620"
"9QF4|1|B1|C|1611","cWW","9QF4|1|B1|G|1619"
"9QF4|1|B1|C|1612","cWW","9QF4|1|B1|G|1618"
"9QF4|1|B1|G|1613","tSH","9QF4|1|B1|A|1617"
"9QF4|1|B1|A|1617","cWW","9QF4|1|B1|U|2818"
"9QF4|1|B1|A|1617","tHS","9QF4|1|B1|G|1613"
"9QF4|1|B1|G|1618","cWW","9QF4|1|B1|C|1612"
"9QF4|1|B1|G|1619","cWW","9QF4|1|B1|C|1611"
"9QF4|1|B1|C|1620","cWW","9QF4|1|B1|G|1610"
"9QF4|1|B1|C|1621","cWW","9QF4|1|B1|G|1609"
"9QF4|1|B1|G|1622","cWW","9QF4|1|B1|4AC|1608"
"9QF4|1|B1|G|1623","cWW","9QF4|1|B1|C|1607"
"9QF4|1|B1|C|1624","cWW","9QF4|1|B1|G|1681"
"9QF4|1|B1|U|1625","tWH","9QF4|1|B1|A|1679"
"9QF4|1|B1|A|1626","tHH","9QF4|1|B1|A|1678"
"9QF4|1|B1|A|1626","cSS","9QF4|1|B1|C|1532"
"9QF4|1|B1|A|1627","tHS","9QF4|1|B1|G|1677"
"9QF4|1|B1|G|1628","cWW","9QF4|1|B1|C|1676"
"9QF4|1|B1|C|1629","cWW","9QF4|1|B1|G|1675"
"9QF4|1|B1|G|1630","cWW","9QF4|1|B1|C|1674"
"9QF4|1|B1|U|1631","cWW","9QF4|1|B1|G|1673"
"9QF4|1|B1|A|1632","tWH","9QF4|1|B1|A|1671"
"9QF4|1|B1|U|1633","tWH","9QF4|1|B1|A|1670"
"9QF4|1|B1|A|1635","tHS","9QF4|1|B1|G|1669"
"9QF4|1|B1|G|1636","cWW","9QF4|1|B1|U|1668"
"9QF4|1|B1|C|1637","cWW","9QF4|1|B1|G|1667"
"9QF4|1|B1|C|1638","cWW","9QF4|1|B1|G|1666"
"9QF4|1|B1|4AC|1639","cWW","9QF4|1|B1|G|1665"
"9QF4|1|B1|G|1640","cWW","9QF4|1|B1|4AC|1664"
"9QF4|1|B1|G|1641","cWW","9QF4|1|B1|C|1663"
"9QF4|1|B1|G|1642","tSH","9QF4|1|B1|A|1662"
"9QF4|1|B1|G|1643","tSH","9QF4|1|B1|A|1661"
"9QF4|1|B1|A|1644","tHS","9QF4|1|B1|G|1660"
"9QF4|1|B1|G|1647","cWW","9QF4|1|B1|C|1657"
"9QF4|1|B1|5MC|1648","cWW","9QF4|1|B1|G|1656"
"9QF4|1|B1|4AC|1649","cWW","9QF4|1|B1|G|1655"
"9QF4|1|B1|G|1655","cWW","9QF4|1|B1|4AC|1649"
"9QF4|1|B1|G|1656","cWW","9QF4|1|B1|5MC|1648"
"9QF4|1|B1|C|1657","cWW","9QF4|1|B1|G|1647"
"9QF4|1|B1|G|1660","tSH","9QF4|1|B1|A|1644"
"9QF4|1|B1|A|1661","tHS","9QF4|1|B1|G|1643"
"9QF4|1|B1|A|1662","tHS","9QF4|1|B1|G|1642"
"9QF4|1|B1|C|1663","cWW","9QF4|1|B1|G|1641"
"9QF4|1|B1|4AC|1664","cWW","9QF4|1|B1|G|1640"
"9QF4|1|B1|G|1665","cWW","9QF4|1|B1|4AC|1639"
"9QF4|1|B1|G|1666","tSS","9QF4|1|B1|A|1570"
"9QF4|1|B1|G|1666","cWW","9QF4|1|B1|C|1638"
"9QF4|1|B1|G|1667","cWW","9QF4|1|B1|C|1637"
"9QF4|1|B1|U|1668","cWW","9QF4|1|B1|G|1636"
"9QF4|1|B1|G|1669","tSH","9QF4|1|B1|A|1635"
"9QF4|1|B1|A|1670","cSS","9QF4|1|B1|C|1712"
"9QF4|1|B1|A|1670","tHW","9QF4|1|B1|U|1633"
"9QF4|1|B1|A|1671","tHW","9QF4|1|B1|A|1632"
"9QF4|1|B1|A|1671","tSS","9QF4|1|B1|G|1597"
"9QF4|1|B1|A|1671","cSS","9QF4|1|B1|C|1711"
"9QF4|1|B1|G|1673","cWW","9QF4|1|B1|U|1631"
"9QF4|1|B1|C|1674","cWW","9QF4|1|B1|G|1630"
"9QF4|1|B1|G|1675","cWW","9QF4|1|B1|C|1629"
"9QF4|1|B1|C|1676","cWW","9QF4|1|B1|G|1628"
"9QF4|1|B1|G|1677","tSH","9QF4|1|B1|A|1627"
"9QF4|1|B1|A|1678","tHH","9QF4|1|B1|A|1626"
"9QF4|1|B1|A|1679","tHW","9QF4|1|B1|U|1625"
"9QF4|1|B1|G|1681","cWW","9QF4|1|B1|C|1624"
"9QF4|1|B1|G|1682","cWW","9QF4|1|B1|U|1700"
"9QF4|1|B1|C|1683","cWW","9QF4|1|B1|G|1699"
"9QF4|1|B1|C|1684","cWW","9QF4|1|B1|G|1698"
"9QF4|1|B1|C|1685","cWW","9QF4|1|B1|G|1697"
"9QF4|1|B1|C|1686","cWW","9QF4|1|B1|G|1696"
"9QF4|1|B1|C|1687","cWW","9QF4|1|B1|G|1695"
"9QF4|1|B1|C|1688","cWW","9QF4|1|B1|G|1694"
"9QF4|1|B1|G|1694","cWW","9QF4|1|B1|C|1688"
"9QF4|1|B1|G|1695","cWW","9QF4|1|B1|C|1687"
"9QF4|1|B1|G|1696","cWW","9QF4|1|B1|C|1686"
"9QF4|1|B1|G|1697","cWW","9QF4|1|B1|C|1685"
"9QF4|1|B1|G|1698","cWW","9QF4|1|B1|C|1684"
"9QF4|1|B1|G|1699","cWW","9QF4|1|B1|C|1683"
"9QF4|1|B1|U|1700","cWW","9QF4|1|B1|G|1682"
"9QF4|1|B1|U|1701","cWW","9QF4|1|B1|A|1606"
"9QF4|1|B1|C|1702","cWW","9QF4|1|B1|G|1605"
"9QF4|1|B1|C|1703","cWW","9QF4|1|B1|G|1604"
"9QF4|1|B1|G|1704","cWW","9QF4|1|B1|C|1603"
"9QF4|1|B1|C|1705","cWW","9QF4|1|B1|G|1602"
"9QF4|1|B1|4AC|1706","cWW","9QF4|1|B1|G|1601"
"9QF4|1|B1|G|1707","tSH","9QF4|1|B1|A|1600"
"9QF4|1|B1|A|1708","tHW","9QF4|1|B1|U|1599"
"9QF4|1|B1|U|1709","tWH","9QF4|1|B1|A|1792"
"9QF4|1|B1|C|1710","cWW","9QF4|1|B1|G|1598"
"9QF4|1|B1|C|1711","cSS","9QF4|1|B1|A|1671"
"9QF4|1|B1|C|1711","cWW","9QF4|1|B1|G|1597"
"9QF4|1|B1|C|1712","cWW","9QF4|1|B1|G|1596"
"9QF4|1|B1|C|1712","cSS","9QF4|1|B1|A|1670"
"9QF4|1|B1|U|1713","cWW","9QF4|1|B1|G|1595"
"9QF4|1|B1|G|1714","cWW","9QF4|1|B1|C|1594"
"9QF4|1|B1|G|1715","cWW","9QF4|1|B1|U|1593"
"9QF4|1|B1|G|1716","cWW","9QF4|1|B1|C|1592"
"9QF4|1|B1|G|1717","cWW","9QF4|1|B1|C|1591"
"9QF4|1|B1|C|1718","cWW","9QF4|1|B1|G|1590"
"9QF4|1|B1|C|1719","cWW","9QF4|1|B1|G|1723"
"9QF4|1|B1|G|1723","cWW","9QF4|1|B1|C|1719"
"9QF4|1|B1|A|1725","cSS","9QF4|1|B1|U|1495"
"9QF4|1|B1|A|1726","tHH","9QF4|1|B1|A|1588"
"9QF4|1|B1|A|1727","tHS","9QF4|1|B1|G|1587"
"9QF4|1|B1|G|1728","cWW","9QF4|1|B1|U|1586"
"9QF4|1|B1|C|1729","cWW","9QF4|1|B1|G|1585"
"9QF4|1|B1|C|1730","cWW","9QF4|1|B1|G|1584"
"9QF4|1|B1|C|1731","cWW","9QF4|1|B1|G|1583"
"9QF4|1|B1|U|1732","cWW","9QF4|1|B1|A|1582"
"9QF4|1|B1|C|1733","cWW","9QF4|1|B1|G|1581"
"9QF4|1|B1|C|1734","cWW","9QF4|1|B1|G|1580"
"9QF4|1|B1|G|1735","cWW","9QF4|1|B1|4AC|1579"
"9QF4|1|B1|G|1736","cWW","9QF4|1|B1|C|1578"
"9QF4|1|B1|G|1737","cWW","9QF4|1|B1|C|1577"
"9QF4|1|B1|A|1738","cWW","9QF4|1|B1|G|1576"
"9QF4|1|B1|A|1739","tSS","9QF4|1|B1|G|1562"
"9QF4|1|B1|U|1740","tWH","9QF4|1|B1|U|1563"
"9QF4|1|B1|C|1742","cWW","9QF4|1|B1|G|1562"
"9QF4|1|B1|4AC|1743","cWW","9QF4|1|B1|G|1561"
"9QF4|1|B1|G|1744","tSH","9QF4|1|B1|A|1560"
"9QF4|1|B1|A|1745","cWS","9QF4|1|B1|A|1574"
"9QF4|1|B1|A|1745","tHW","9QF4|1|B1|U|1559"
"9QF4|1|B1|C|1747","cWW","9QF4|1|B1|G|1558"
"9QF4|1|B1|C|1748","cWW","9QF4|1|B1|G|1557"
"9QF4|1|B1|C|1749","cWW","9QF4|1|B1|G|1556"
"9QF4|1|B1|C|1750","cWW","9QF4|1|B1|G|1555"
"9QF4|1|B1|4AC|1751","cWW","9QF4|1|B1|G|1554"
"9QF4|1|B1|G|1752","cWW","9QF4|1|B1|C|1553"
"9QF4|1|B1|C|1753","cWW","9QF4|1|B1|G|1552"
"9QF4|1|B1|G|1754","cWW","9QF4|1|B1|4AC|1551"
"9QF4|1|B1|C|1756","cWW","9QF4|1|B1|G|1491"
"9QF4|1|B1|4AC|1757","cWW","9QF4|1|B1|G|1490"
"9QF4|1|B1|G|1758","cWW","9QF4|1|B1|OMC|1489"
"9QF4|1|B1|U|1759","tWH","9QF4|1|B1|A|1486"
"9QF4|1|B1|A|1760","cWW","9QF4|1|B1|U|1457"
"9QF4|1|B1|C|1761","cWW","9QF4|1|B1|G|1454"
"9QF4|1|B1|4AC|1762","cWW","9QF4|1|B1|G|1453"
"9QF4|1|B1|A|1764","tHW","9QF4|1|B1|U|1778"
"9QF4|1|B1|G|1765","tWW","9QF4|1|B1|C|1416"
"9QF4|1|B1|A|1766","cHW","9QF4|1|B1|U|1804"
"9QF4|1|B1|C|1768","cWW","9QF4|1|B1|G|1777"
"9QF4|1|B1|4AC|1769","cWW","9QF4|1|B1|G|1776"
"9QF4|1|B1|G|1776","cWW","9QF4|1|B1|4AC|1769"
"9QF4|1|B1|G|1777","cWW","9QF4|1|B1|C|1768"
"9QF4|1|B1|U|1778","tWH","9QF4|1|B1|A|1764"
"9QF4|1|B1|G|1779","tWW","9QF4|1|B1|C|1450"
"9QF4|1|B1|C|1781","cWW","9QF4|1|B1|G|1449"
"9QF4|1|B1|C|1782","cWW","9QF4|1|B1|G|1448"
"9QF4|1|B1|C|1783","cWW","9QF4|1|B1|G|1447"
"9QF4|1|B1|G|1785","cWW","9QF4|1|B1|U|1797"
"9QF4|1|B1|G|1786","cWW","9QF4|1|B1|C|1796"
"9QF4|1|B1|G|1787","cWW","9QF4|1|B1|C|1795"
"9QF4|1|B1|U|1788","cWW","9QF4|1|B1|G|1794"
"9QF4|1|B1|G|1789","tSH","9QF4|1|B1|A|1793"
"9QF4|1|B1|A|1790","cSS","9QF4|1|B1|G|834"
"9QF4|1|B1|G|1791","cSS","9QF4|1|B1|A|833"
"9QF4|1|B1|A|1792","tHW","9QF4|1|B1|U|1709"
"9QF4|1|B1|A|1793","tHS","9QF4|1|B1|G|1789"
"9QF4|1|B1|G|1794","cWW","9QF4|1|B1|U|1788"
"9QF4|1|B1|C|1795","cWW","9QF4|1|B1|G|1787"
"9QF4|1|B1|C|1796","cWW","9QF4|1|B1|G|1786"
"9QF4|1|B1|U|1797","cWW","9QF4|1|B1|G|1785"
"9QF4|1|B1|A|1799","tHS","9QF4|1|B1|G|1443"
"9QF4|1|B1|G|1800","cWW","9QF4|1|B1|4AC|1442"
"9QF4|1|B1|G|1801","cWW","9QF4|1|B1|C|1441"
"9QF4|1|B1|C|1802","cWW","9QF4|1|B1|G|1440"
"9QF4|1|B1|G|1803","cWW","9QF4|1|B1|4AC|1439"
"9QF4|1|B1|U|1804","cWH","9QF4|1|B1|A|1766"
"9QF4|1|B1|C|1807","cSW","9QF4|1|B1|A|1431"
"9QF4|1|B1|C|1807","cWW","9QF4|1|B1|G|2134"
"9QF4|1|B1|G|1808","cWW","9QF4|1|B1|4AC|2133"
"9QF4|1|B1|G|1809","cWW","9QF4|1|B1|C|2132"
"9QF4|1|B1|G|1810","cWW","9QF4|1|B1|C|2131"
"9QF4|1|B1|A|1815","tHS","9QF4|1|B1|G|2130"
"9QF4|1|B1|C|1816","cWW","9QF4|1|B1|G|2129"
"9QF4|1|B1|C|1817","cWW","9QF4|1|B1|G|2128"
"9QF4|1|B1|4AC|1818","cWW","9QF4|1|B1|G|2127"
"9QF4|1|B1|G|1819","cWW","9QF4|1|B1|C|2126"
"9QF4|1|B1|G|1820","cWW","9QF4|1|B1|C|2125"
"9QF4|1|B1|C|1821","cWW","9QF4|1|B1|G|2124"
"9QF4|1|B1|4AC|1822","cWW","9QF4|1|B1|G|2123"
"9QF4|1|B1|G|1823","cWW","9QF4|1|B1|C|2122"
"9QF4|1|B1|G|1825","cWW","9QF4|1|B1|C|2120"
"9QF4|1|B1|G|1826","cWW","9QF4|1|B1|C|2119"
"9QF4|1|B1|G|1827","tSH","9QF4|1|B1|U|2118"
"9QF4|1|B1|A|1828","tHW","9QF4|1|B1|U|2116"
"9QF4|1|B1|A|1829","cWW","9QF4|1|B1|U|2118"
"9QF4|1|B1|G|1834","cWW","9QF4|1|B1|C|2115"
"9QF4|1|B1|G|1842","cWW","9QF4|1|B1|U|1866"
"9QF4|1|B1|C|1843","cWW","9QF4|1|B1|G|1865"
"9QF4|1|B1|C|1844","cWW","9QF4|1|B1|G|1864"
"9QF4|1|B1|C|1845","cWW","9QF4|1|B1|G|1863"
"9QF4|1|B1|4AC|1846","cWW","9QF4|1|B1|G|1862"
"9QF4|1|B1|G|1847","tSH","9QF4|1|B1|A|1861"
"9QF4|1|B1|A|1849","tHH","9QF4|1|B1|A|1858"
"9QF4|1|B1|A|1850","tHS","9QF4|1|B1|G|1857"
"9QF4|1|B1|C|1851","cWW","9QF4|1|B1|G|1856"
"9QF4|1|B1|U|1852","tSW","9QF4|1|B1|G|1855"
"9QF4|1|B1|U|1853","cWW","9QF4|1|B1|A|1969"
"9QF4|1|B1|G|1855","tWS","9QF4|1|B1|U|1852"
"9QF4|1|B1|G|1856","cWW","9QF4|1|B1|C|1851"
"9QF4|1|B1|G|1857","tSH","9QF4|1|B1|A|1850"
"9QF4|1|B1|A|1858","tHH","9QF4|1|B1|A|1849"
"9QF4|1|B1|A|1861","tHS","9QF4|1|B1|G|1847"
"9QF4|1|B1|G|1862","cWW","9QF4|1|B1|4AC|1846"
"9QF4|1|B1|G|1863","cWW","9QF4|1|B1|C|1845"
"9QF4|1|B1|G|1864","cWW","9QF4|1|B1|C|1844"
"9QF4|1|B1|G|1865","cWW","9QF4|1|B1|C|1843"
"9QF4|1|B1|U|1866","cWW","9QF4|1|B1|G|1842"
"9QF4|1|B1|G|1867","cWW","9QF4|1|B1|U|1891"
"9QF4|1|B1|C|1868","cSS","9QF4|1|B1|A|3008"
"9QF4|1|B1|C|1868","cWW","9QF4|1|B1|G|1890"
"9QF4|1|B1|C|1869","tSS","9QF4|1|B1|A|2997"
"9QF4|1|B1|C|1869","cWW","9QF4|1|B1|G|1889"
"9QF4|1|B1|U|1870","cWW","9QF4|1|B1|A|1888"
"9QF4|1|B1|G|1871","cWW","9QF4|1|B1|C|1887"
"9QF4|1|B1|C|1872","cWW","9QF4|1|B1|G|1886"
"9QF4|1|B1|G|1873","cWW","9QF4|1|B1|4AC|1885"
"9QF4|1|B1|G|1874","cWW","9QF4|1|B1|C|1884"
"9QF4|1|B1|G|1875","cWW","9QF4|1|B1|C|1883"
"9QF4|1|B1|U|1876","cWW","9QF4|1|B1|A|1882"
"9QF4|1|B1|G|1877","tSH","9QF4|1|B1|A|1881"
"9QF4|1|B1|A|1881","tHS","9QF4|1|B1|G|1877"
"9QF4|1|B1|A|1882","cWW","9QF4|1|B1|U|1876"
"9QF4|1|B1|C|1883","cWW","9QF4|1|B1|G|1875"
"9QF4|1|B1|C|1884","cWW","9QF4|1|B1|G|1874"
"9QF4|1|B1|4AC|1885","cWW","9QF4|1|B1|G|1873"
"9QF4|1|B1|G|1886","cWW","9QF4|1|B1|C|1872"
"9QF4|1|B1|C|1887","cWW","9QF4|1|B1|G|1871"
"9QF4|1|B1|A|1888","cWW","9QF4|1|B1|U|1870"
"9QF4|1|B1|G|1889","cSS","9QF4|1|B1|A|2997"
"9QF4|1|B1|G|1889","cWW","9QF4|1|B1|C|1869"
"9QF4|1|B1|G|1890","cWW","9QF4|1|B1|C|1868"
"9QF4|1|B1|G|1890","tSS","9QF4|1|B1|A|3008"
"9QF4|1|B1|U|1891","cWW","9QF4|1|B1|G|1867"
"9QF4|1|B1|C|1892","cWW","9QF4|1|B1|G|1896"
"9QF4|1|B1|C|1894","cWS","9QF4|1|B1|C|2831"
"9QF4|1|B1|G|1896","cWW","9QF4|1|B1|C|1892"
"9QF4|1|B1|OMG|1904","cWW","9QF4|1|B1|4AC|2113"
"9QF4|1|B1|G|1905","cWW","9QF4|1|B1|C|2112"
"9QF4|1|B1|G|1906","cWW","9QF4|1|B1|C|2111"
"9QF4|1|B1|G|1907","cWW","9QF4|1|B1|C|2110"
"9QF4|1|B1|G|1908","cWW","9QF4|1|B1|U|2109"
"9QF4|1|B1|C|1910","cWW","9QF4|1|B1|G|2107"
"9QF4|1|B1|4AC|1911","cWW","9QF4|1|B1|G|2105"
"9QF4|1|B1|G|1912","cWW","9QF4|1|B1|C|2104"
"9QF4|1|B1|A|1913","tSW","9QF4|1|B1|A|2102"
"9QF4|1|B1|OMC|1914","cWW","9QF4|1|B1|G|863"
"9QF4|1|B1|U|1915","cWH","9QF4|1|B1|A|900"
"9QF4|1|B1|U|1915","tHS","9QF4|1|B1|A|1929"
"9QF4|1|B1|G|1916","tSS","9QF4|1|B1|A|917"
"9QF4|1|B1|G|1916","cWW","9QF4|1|B1|C|1928"
"9QF4|1|B1|U|1917","cWW","9QF4|1|B1|A|1927"
"9QF4|1|B1|U|1918","tWH","9QF4|1|B1|A|1925"
"9QF4|1|B1|U|1919","tWH","9QF4|1|B1|A|1924"
"9QF4|1|B1|A|1920","cWS","9QF4|1|B1|C|821"
"9QF4|1|B1|U|1922","tWW","9QF4|1|B1|U|2702"
"9QF4|1|B1|A|1923","cSS","9QF4|1|B1|G|2723"
"9QF4|1|B1|A|1924","tHW","9QF4|1|B1|U|1919"
"9QF4|1|B1|A|1925","tHW","9QF4|1|B1|U|1918"
"9QF4|1|B1|A|1927","cWW","9QF4|1|B1|U|1917"
"9QF4|1|B1|C|1928","cWW","9QF4|1|B1|G|1916"
"9QF4|1|B1|A|1929","tSH","9QF4|1|B1|U|1915"
"9QF4|1|B1|A|1929","cSW","9QF4|1|B1|A|900"
"9QF4|1|B1|A|1931","tHS","9QF4|1|B1|G|1968"
"9QF4|1|B1|G|1932","cWW","9QF4|1|B1|4AC|1967"
"9QF4|1|B1|G|1933","tSS","9QF4|1|B1|A|2025"
"9QF4|1|B1|G|1933","cWW","9QF4|1|B1|5MC|1966"
"9QF4|1|B1|U|1934","cWW","9QF4|1|B1|OMG|1965"
"9QF4|1|B1|C|1935","cWW","9QF4|1|B1|G|1964"
"9QF4|1|B1|C|1936","cWW","9QF4|1|B1|G|1963"
"9QF4|1|B1|C|1937","cWW","9QF4|1|B1|G|1962"
"9QF4|1|B1|A|1938","cWW","9QF4|1|B1|U|1961"
"9QF4|1|B1|G|1939","tSS","9QF4|1|B1|U|1958"
"9QF4|1|B1|C|1940","tWW","9QF4|1|B1|G|1957"
"9QF4|1|B1|A|1942","tHH","9QF4|1|B1|U|1955"
"9QF4|1|B1|G|1943","cWW","9QF4|1|B1|U|1954"
"9QF4|1|B1|C|1944","cWW","9QF4|1|B1|G|1953"
"9QF4|1|B1|C|1945","cWW","9QF4|1|B1|G|1952"
"9QF4|1|B1|LHH|1946","cWW","9QF4|1|B1|G|1951"
"9QF4|1|B1|A|1949","cSS","9QF4|1|B1|G|1506"
"9QF4|1|B1|A|1950","tSS","9QF4|1|B1|G|1513"
"9QF4|1|B1|G|1951","cWW","9QF4|1|B1|LHH|1946"
"9QF4|1|B1|G|1952","cWW","9QF4|1|B1|C|1945"
"9QF4|1|B1|G|1953","cWW","9QF4|1|B1|C|1944"
"9QF4|1|B1|U|1954","cWW","9QF4|1|B1|G|1943"
"9QF4|1|B1|U|1955","tHH","9QF4|1|B1|A|1942"
"9QF4|1|B1|G|1957","tWW","9QF4|1|B1|C|1940"
"9QF4|1|B1|U|1958","tSS","9QF4|1|B1|G|1939"
"9QF4|1|B1|U|1961","cWW","9QF4|1|B1|A|1938"
"9QF4|1|B1|G|1962","cWW","9QF4|1|B1|C|1937"
"9QF4|1|B1|G|1963","cWW","9QF4|1|B1|C|1936"
"9QF4|1|B1|G|1964","cWW","9QF4|1|B1|C|1935"
"9QF4|1|B1|OMG|1965","cWW","9QF4|1|B1|U|1934"
"9QF4|1|B1|5MC|1966","cWW","9QF4|1|B1|G|1933"
"9QF4|1|B1|4AC|1967","cWW","9QF4|1|B1|G|1932"
"9QF4|1|B1|G|1968","tSH","9QF4|1|B1|A|1931"
"9QF4|1|B1|A|1969","cWW","9QF4|1|B1|U|1853"
"9QF4|1|B1|C|1970","cWW","9QF4|1|B1|G|2100"
"9QF4|1|B1|G|1971","cWW","9QF4|1|B1|C|2099"
"9QF4|1|B1|C|1972","cWW","9QF4|1|B1|G|2098"
"9QF4|1|B1|5MC|1973","cWW","9QF4|1|B1|G|2097"
"9QF4|1|B1|5MC|1973","tSS","9QF4|1|B1|A|2094"
"9QF4|1|B1|U|1974","cWH","9QF4|1|B1|A|2095"
"9QF4|1|B1|G|1975","cWW","9QF4|1|B1|C|2030"
"9QF4|1|B1|C|1976","cWW","9QF4|1|B1|G|2029"
"9QF4|1|B1|5MC|1977","cSS","9QF4|1|B1|A|2052"
"9QF4|1|B1|5MC|1977","cWW","9QF4|1|B1|OMG|2028"
"9QF4|1|B1|C|1978","tWH","9QF4|1|B1|A|2026"
"9QF4|1|B1|G|1980","cWW","9QF4|1|B1|C|2027"
"9QF4|1|B1|OMU|1981","cWW","9QF4|1|B1|A|2026"
"9QF4|1|B1|G|1982","cWW","9QF4|1|B1|U|2023"
"9QF4|1|B1|5MC|1983","cWW","9QF4|1|B1|OMG|2022"
"9QF4|1|B1|C|1984","cWW","9QF4|1|B1|G|2021"
"9QF4|1|B1|G|1985","cWW","9QF4|1|B1|4AC|2020"
"9QF4|1|B1|G|1986","cWW","9QF4|1|B1|C|2019"
"9QF4|1|B1|G|1990","cWW","9QF4|1|B1|C|2017"
"9QF4|1|B1|U|1991","cWW","9QF4|1|B1|G|2016"
"9QF4|1|B1|G|1992","tSH","9QF4|1|B1|A|2015"
"9QF4|1|B1|G|1995","cWW","9QF4|1|B1|U|2012"
"9QF4|1|B1|C|1996","cWW","9QF4|1|B1|G|2011"
"9QF4|1|B1|C|1997","cWW","9QF4|1|B1|G|2010"
"9QF4|1|B1|C|1998","cWW","9QF4|1|B1|G|2009"
"9QF4|1|B1|G|1999","cWW","9QF4|1|B1|4AC|2008"
"9QF4|1|B1|G|2000","cWW","9QF4|1|B1|OMC|2007"
"9QF4|1|B1|A|2005","tWS","9QF4|1|B1|G|2530"
"9QF4|1|B1|OMC|2007","cWW","9QF4|1|B1|G|2000"
"9QF4|1|B1|4AC|2008","cWW","9QF4|1|B1|G|1999"
"9QF4|1|B1|G|2009","cWW","9QF4|1|B1|C|1998"
"9QF4|1|B1|G|2010","cWW","9QF4|1|B1|C|1997"
"9QF4|1|B1|G|2011","cWW","9QF4|1|B1|C|1996"
"9QF4|1|B1|U|2012","cWW","9QF4|1|B1|G|1995"
"9QF4|1|B1|A|2014","cSS","9QF4|1|B1|U|2210"
"9QF4|1|B1|A|2015","cSS","9QF4|1|B1|C|2209"
"9QF4|1|B1|A|2015","tHS","9QF4|1|B1|G|1992"
"9QF4|1|B1|G|2016","cWW","9QF4|1|B1|U|1991"
"9QF4|1|B1|C|2017","cWW","9QF4|1|B1|G|1990"
"9QF4|1|B1|C|2019","cWW","9QF4|1|B1|G|1986"
"9QF4|1|B1|4AC|2020","cWW","9QF4|1|B1|G|1985"
"9QF4|1|B1|G|2021","cWW","9QF4|1|B1|C|1984"
"9QF4|1|B1|OMG|2022","cWW","9QF4|1|B1|5MC|1983"
"9QF4|1|B1|U|2023","cWW","9QF4|1|B1|G|1982"
"9QF4|1|B1|A|2024","cSH","9QF4|1|B1|C|2027"
"9QF4|1|B1|A|2025","tSS","9QF4|1|B1|G|1933"
"9QF4|1|B1|A|2026","tHW","9QF4|1|B1|C|1978"
"9QF4|1|B1|A|2026","cWW","9QF4|1|B1|OMU|1981"
"9QF4|1|B1|C|2027","cWW","9QF4|1|B1|G|1980"
"9QF4|1|B1|C|2027","cHS","9QF4|1|B1|A|2024"
"9QF4|1|B1|OMG|2028","cWW","9QF4|1|B1|5MC|1977"
"9QF4|1|B1|G|2029","cWW","9QF4|1|B1|C|1976"
"9QF4|1|B1|G|2029","tSS","9QF4|1|B1|A|2053"
"9QF4|1|B1|C|2030","cWW","9QF4|1|B1|G|1975"
"9QF4|1|B1|G|2032","cWW","9QF4|1|B1|C|2049"
"9QF4|1|B1|C|2039","cWW","9QF4|1|A1|A|1370"
"9QF4|1|B1|C|2049","cWW","9QF4|1|B1|G|2032"
"9QF4|1|B1|A|2052","cSS","9QF4|1|B1|5MC|1977"
"9QF4|1|B1|A|2053","tSS","9QF4|1|B1|G|2029"
"9QF4|1|B1|G|2055","cSH","9QF4|1|B1|U|2056"
"9QF4|1|B1|U|2056","cHS","9QF4|1|B1|G|2055"
"9QF4|1|B1|U|2056","tWH","9QF4|1|B1|A|2094"
"9QF4|1|B1|A|2057","tHS","9QF4|1|B1|G|2093"
"9QF4|1|B1|G|2058","cWW","9QF4|1|B1|U|2092"
"9QF4|1|B1|OMC|2059","cWW","9QF4|1|B1|G|2089"
"9QF4|1|B1|A|2061","cHW","9QF4|1|B1|U|2068"
"9QF4|1|B1|U|2068","cWH","9QF4|1|B1|A|2061"
"9QF4|1|B1|G|2070","cWW","9QF4|1|B1|C|2086"
"9QF4|1|B1|U|2071","cWW","9QF4|1|B1|A|2085"
"9QF4|1|B1|C|2072","cWW","9QF4|1|B1|G|2084"
"9QF4|1|B1|C|2072","cSS","9QF4|1|A1|A|1440"
"9QF4|1|B1|G|2073","cWW","9QF4|1|B1|4AC|2083"
"9QF4|1|B1|G|2074","cWW","9QF4|1|B1|5MC|2082"
"9QF4|1|B1|A|2078","tSS","9QF4|1|B1|G|2665"
"9QF4|1|B1|5MC|2082","cWW","9QF4|1|B1|G|2074"
"9QF4|1|B1|4AC|2083","cWW","9QF4|1|B1|G|2073"
"9QF4|1|B1|G|2084","cWW","9QF4|1|B1|C|2072"
"9QF4|1|B1|G|2084","tSS","9QF4|1|A1|A|1440"
"9QF4|1|B1|A|2085","cWW","9QF4|1|B1|U|2071"
"9QF4|1|B1|C|2086","cWW","9QF4|1|B1|G|2070"
"9QF4|1|B1|G|2089","cWW","9QF4|1|B1|OMC|2059"
"9QF4|1|B1|A|2091","cSS","9QF4|1|B1|G|2708"
"9QF4|1|B1|U|2092","cWW","9QF4|1|B1|G|2058"
"9QF4|1|B1|G|2093","tSH","9QF4|1|B1|A|2057"
"9QF4|1|B1|A|2094","tSS","9QF4|1|B1|5MC|1973"
"9QF4|1|B1|A|2094","tHW","9QF4|1|B1|U|2056"
"9QF4|1|B1|A|2094","cSS","9QF4|1|B1|G|2097"
"9QF4|1|B1|A|2095","cHW","9QF4|1|B1|U|1974"
"9QF4|1|B1|G|2097","cWW","9QF4|1|B1|5MC|1973"
"9QF4|1|B1|G|2097","cSS","9QF4|1|B1|A|2094"
"9QF4|1|B1|G|2098","cWW","9QF4|1|B1|C|1972"
"9QF4|1|B1|C|2099","cWW","9QF4|1|B1|G|1971"
"9QF4|1|B1|G|2100","cWW","9QF4|1|B1|C|1970"
"9QF4|1|B1|A|2102","tWS","9QF4|1|B1|A|1913"
"9QF4|1|B1|C|2104","cWW","9QF4|1|B1|G|1912"
"9QF4|1|B1|G|2105","cWW","9QF4|1|B1|4AC|1911"
"9QF4|1|B1|A|2106","cSS","9QF4|1|B1|C|894"
"9QF4|1|B1|G|2107","cWW","9QF4|1|B1|C|1910"
"9QF4|1|B1|U|2109","cWW","9QF4|1|B1|G|1908"
"9QF4|1|B1|C|2110","cWW","9QF4|1|B1|G|1907"
"9QF4|1|B1|C|2111","cWW","9QF4|1|B1|G|1906"
"9QF4|1|B1|C|2112","cWW","9QF4|1|B1|G|1905"
"9QF4|1|B1|4AC|2113","cWW","9QF4|1|B1|OMG|1904"
"9QF4|1|B1|C|2115","cWW","9QF4|1|B1|G|1834"
"9QF4|1|B1|U|2116","tWH","9QF4|1|B1|A|1828"
"9QF4|1|B1|G|2117","cWS","9QF4|1|B1|C|2121"
"9QF4|1|B1|U|2118","tHS","9QF4|1|B1|G|1827"
"9QF4|1|B1|U|2118","cWW","9QF4|1|B1|A|1829"
"9QF4|1|B1|C|2119","cWW","9QF4|1|B1|G|1826"
"9QF4|1|B1|C|2120","cWW","9QF4|1|B1|G|1825"
"9QF4|1|B1|C|2121","cSW","9QF4|1|B1|G|2117"
"9QF4|1|B1|C|2122","cWW","9QF4|1|B1|G|1823"
"9QF4|1|B1|G|2123","cWW","9QF4|1|B1|4AC|1822"
"9QF4|1|B1|G|2124","cWW","9QF4|1|B1|C|1821"
"9QF4|1|B1|C|2125","cWW","9QF4|1|B1|G|1820"
"9QF4|1|B1|C|2126","cWW","9QF4|1|B1|G|1819"
"9QF4|1|B1|G|2127","cWW","9QF4|1|B1|4AC|1818"
"9QF4|1|B1|G|2128","cWW","9QF4|1|B1|C|1817"
"9QF4|1|B1|G|2129","cWW","9QF4|1|B1|C|1816"
"9QF4|1|B1|G|2130","tSH","9QF4|1|B1|A|1815"
"9QF4|1|B1|C|2131","cWW","9QF4|1|B1|G|1810"
"9QF4|1|B1|C|2132","cWW","9QF4|1|B1|G|1809"
"9QF4|1|B1|4AC|2133","cWW","9QF4|1|B1|G|1808"
"9QF4|1|B1|G|2134","cWW","9QF4|1|B1|C|1807"
"9QF4|1|B1|G|2135","cWW","9QF4|1|B1|C|1413"
"9QF4|1|B1|C|2136","cWW","9QF4|1|B1|G|1412"
"9QF4|1|B1|G|2137","tSH","9QF4|1|B1|A|1411"
"9QF4|1|B1|A|2138","tHW","9QF4|1|B1|U|1410"
"9QF4|1|B1|A|2138","tWW","9QF4|1|B1|U|2729"
"9QF4|1|B1|A|2139","tHH","9QF4|1|B1|A|1408"
"9QF4|1|B1|A|2139","cSW","9QF4|1|B1|5MU|883"
"9QF4|1|B1|A|2140","tHS","9QF4|1|B1|G|1407"
"9QF4|1|B1|C|2141","cWW","9QF4|1|B1|G|1406"
"9QF4|1|B1|C|2142","cWW","9QF4|1|B1|G|1405"
"9QF4|1|B1|U|2143","cWW","9QF4|1|B1|A|569"
"9QF4|1|B1|C|2144","cWW","9QF4|1|B1|G|2159"
"9QF4|1|B1|U|2145","cWW","9QF4|1|B1|U|2158"
"9QF4|1|B1|C|2147","cWW","9QF4|1|B1|G|2164"
"9QF4|1|B1|C|2148","cWW","9QF4|1|B1|G|2163"
"9QF4|1|B1|U|2149","cWW","9QF4|1|B1|A|2162"
"9QF4|1|B1|G|2150","cWW","9QF4|1|B1|C|2161"
"9QF4|1|B1|G|2151","tSS","9QF4|1|B1|A|1117"
"9QF4|1|B1|G|2151","cWW","9QF4|1|B1|C|2160"
"9QF4|1|B1|C|2152","tWH","9QF4|1|B1|A|2157"
"9QF4|1|B1|G|2153","tSW","9QF4|1|B1|A|664"
"9QF4|1|B1|A|2157","tHW","9QF4|1|B1|C|2152"
"9QF4|1|B1|A|2157","cWW","9QF4|1|B1|U|654"
"9QF4|1|B1|U|2158","cWW","9QF4|1|B1|U|2145"
"9QF4|1|B1|G|2159","cWW","9QF4|1|B1|C|2144"
"9QF4|1|B1|C|2160","cWW","9QF4|1|B1|G|2151"
"9QF4|1|B1|C|2161","cSS","9QF4|1|B1|A|1116"
"9QF4|1|B1|C|2161","cWW","9QF4|1|B1|G|2150"
"9QF4|1|B1|A|2162","cWW","9QF4|1|B1|U|2149"
"9QF4|1|B1|G|2163","cWW","9QF4|1|B1|C|2148"
"9QF4|1|B1|G|2164","cWW","9QF4|1|B1|C|2147"
"9QF4|1|B1|G|2165","tWH","9QF4|1|B1|G|567"
"9QF4|1|B1|C|2167","cWW","9QF4|1|B1|G|2741"
"9QF4|1|B1|C|2168","cWW","9QF4|1|B1|OMG|2740"
"9QF4|1|B1|C|2169","cWW","9QF4|1|B1|G|2739"
"9QF4|1|B1|C|2170","cWW","9QF4|1|B1|G|2738"
"9QF4|1|B1|4AC|2171","cSW","9QF4|1|B1|A|2962"
"9QF4|1|B1|4AC|2171","cWW","9QF4|1|B1|G|2737"
"9QF4|1|B1|G|2172","cWW","9QF4|1|B1|C|2736"
"9QF4|1|B1|G|2173","cWW","9QF4|1|B1|OMC|2735"
"9QF4|1|B1|U|2174","cWW","9QF4|1|B1|A|2734"
"9QF4|1|B1|G|2175","cSH","9QF4|1|B1|G|2176"
"9QF4|1|B1|G|2176","cWW","9QF4|1|B1|U|2733"
"9QF4|1|B1|G|2176","cHS","9QF4|1|B1|G|2175"
"9QF4|1|B1|G|2177","cWW","9QF4|1|B1|C|2732"
"9QF4|1|B1|A|2178","cWW","9QF4|1|B1|U|2731"
"9QF4|1|B1|A|2178","tHW","9QF4|1|B1|A|2693"
"9QF4|1|B1|OMG|2180","cWW","9QF4|1|B1|C|2728"
"9QF4|1|B1|C|2181","cWW","9QF4|1|B1|G|2727"
"9QF4|1|B1|C|2188","cWW","9QF4|1|B1|OMG|2562"
"9QF4|1|B1|C|2189","cWW","9QF4|1|B1|G|2561"
"9QF4|1|B1|C|2190","cWW","9QF4|1|B1|G|2560"
"9QF4|1|B1|A|2191","cWW","9QF4|1|B1|U|2559"
"9QF4|1|B1|U|2192","tWW","9QF4|1|B1|A|2548"
"9QF4|1|B1|G|2193","cWW","9QF4|1|B1|C|2558"
"9QF4|1|B1|G|2193","tSS","9QF4|1|B1|A|810"
"9QF4|1|B1|G|2194","cWW","9QF4|1|B1|OMC|2557"
"9QF4|1|B1|A|2195","cWW","9QF4|1|B1|OMU|2554"
"9QF4|1|B1|G|2196","cWW","9QF4|1|B1|C|2553"
"9QF4|1|B1|C|2197","cWW","9QF4|1|B1|G|2552"
"9QF4|1|B1|U|2198","cWW","9QF4|1|B1|A|2551"
"9QF4|1|B1|U|2198","cSS","9QF4|1|B1|G|2713"
"9QF4|1|B1|U|2199","cWH","9QF4|1|B1|A|2201"
"9QF4|1|B1|A|2201","cWW","9QF4|1|B1|U|2357"
"9QF4|1|B1|A|2201","cHW","9QF4|1|B1|U|2199"
"9QF4|1|B1|C|2202","cWW","9QF4|1|B1|G|2356"
"9QF4|1|B1|U|2203","cWW","9QF4|1|B1|A|2355"
"9QF4|1|B1|G|2204","cWW","9QF4|1|B1|C|2354"
"9QF4|1|B1|C|2205","cWW","9QF4|1|B1|G|2353"
"9QF4|1|B1|A|2206","tHS","9QF4|1|B1|G|2351"
"9QF4|1|B1|G|2207","cWW","9QF4|1|B1|U|2350"
"9QF4|1|B1|C|2208","cWW","9QF4|1|B1|G|2349"
"9QF4|1|B1|C|2209","cWW","9QF4|1|B1|G|2348"
"9QF4|1|B1|C|2209","cSS","9QF4|1|B1|A|2015"
"9QF4|1|B1|U|2210","cWW","9QF4|1|B1|A|2347"
"9QF4|1|B1|U|2210","cSS","9QF4|1|B1|A|2014"
"9QF4|1|B1|G|2211","cWW","9QF4|1|B1|U|2346"
"9QF4|1|B1|C|2212","cWW","9QF4|1|B1|G|2345"
"9QF4|1|B1|4AC|2213","cWW","9QF4|1|B1|G|2344"
"9QF4|1|B1|G|2214","cWW","9QF4|1|B1|C|2343"
"9QF4|1|B1|U|2215","cWW","9QF4|1|B1|G|2342"
"9QF4|1|B1|U|2216","tHH","9QF4|1|B1|A|2341"
"9QF4|1|B1|G|2217","cWW","9QF4|1|B1|C|2320"
"9QF4|1|B1|C|2218","cWW","9QF4|1|B1|G|2319"
"9QF4|1|B1|C|2219","cWW","9QF4|1|B1|G|2318"
"9QF4|1|B1|A|2220","cWW","9QF4|1|B1|U|2317"
"9QF4|1|B1|C|2221","cWW","9QF4|1|B1|G|2316"
"9QF4|1|B1|A|2222","cWW","9QF4|1|B1|U|2315"
"9QF4|1|B1|C|2223","cWW","9QF4|1|B1|G|2314"
"9QF4|1|B1|G|2224","cWW","9QF4|1|B1|U|2313"
"9QF4|1|B1|G|2225","cWW","9QF4|1|B1|C|2312"
"9QF4|1|B1|C|2226","cWW","9QF4|1|B1|G|2311"
"9QF4|1|B1|G|2227","cWW","9QF4|1|B1|C|2310"
"9QF4|1|B1|G|2228","cWW","9QF4|1|B1|C|2309"
"9QF4|1|B1|G|2230","cWW","9QF4|1|B1|C|2307"
"9QF4|1|B1|G|2234","cWW","9QF4|1|B1|C|2303"
"9QF4|1|B1|G|2244","cWW","9QF4|1|B1|C|2302"
"9QF4|1|B1|G|2245","cWW","9QF4|1|B1|C|2301"
"9QF4|1|B1|C|2246","cWW","9QF4|1|B1|G|2300"
"9QF4|1|B1|G|2247","cWW","9QF4|1|B1|C|2299"
"9QF4|1|B1|G|2248","cWW","9QF4|1|B1|C|2298"
"9QF4|1|B1|G|2249","cSW","9QF4|1|B1|A|2297"
"9QF4|1|B1|G|2251","cWW","9QF4|1|B1|C|2285"
"9QF4|1|B1|G|2252","cWW","9QF4|1|B1|C|2284"
"9QF4|1|B1|C|2253","cWW","9QF4|1|B1|G|2283"
"9QF4|1|B1|C|2263","cWW","9QF4|1|B1|G|2277"
"9QF4|1|B1|C|2267","cWW","9QF4|1|B1|G|2273"
"9QF4|1|B1|G|2273","cWW","9QF4|1|B1|C|2267"
"9QF4|1|B1|G|2277","cWW","9QF4|1|B1|C|2263"
"9QF4|1|B1|G|2283","cWW","9QF4|1|B1|C|2253"
"9QF4|1|B1|C|2284","cWW","9QF4|1|B1|G|2252"
"9QF4|1|B1|C|2285","cWW","9QF4|1|B1|G|2251"
"9QF4|1|B1|A|2297","cWS","9QF4|1|B1|G|2249"
"9QF4|1|B1|C|2298","cWW","9QF4|1|B1|G|2248"
"9QF4|1|B1|C|2299","cWW","9QF4|1|B1|G|2247"
"9QF4|1|B1|G|2300","cWW","9QF4|1|B1|C|2246"
"9QF4|1|B1|C|2301","cWW","9QF4|1|B1|G|2245"
"9QF4|1|B1|C|2302","cWW","9QF4|1|B1|G|2244"
"9QF4|1|B1|C|2303","cWW","9QF4|1|B1|G|2234"
"9QF4|1|B1|C|2307","cWW","9QF4|1|B1|G|2230"
"9QF4|1|B1|C|2309","cWW","9QF4|1|B1|G|2228"
"9QF4|1|B1|C|2310","cWW","9QF4|1|B1|G|2227"
"9QF4|1|B1|G|2311","cWW","9QF4|1|B1|C|2226"
"9QF4|1|B1|C|2312","cWW","9QF4|1|B1|G|2225"
"9QF4|1|B1|U|2313","cWW","9QF4|1|B1|G|2224"
"9QF4|1|B1|G|2314","cWW","9QF4|1|B1|C|2223"
"9QF4|1|B1|U|2315","cWW","9QF4|1|B1|A|2222"
"9QF4|1|B1|G|2316","cWW","9QF4|1|B1|C|2221"
"9QF4|1|B1|U|2317","cWW","9QF4|1|B1|A|2220"
"9QF4|1|B1|G|2318","cWW","9QF4|1|B1|C|2219"
"9QF4|1|B1|G|2319","cWW","9QF4|1|B1|C|2218"
"9QF4|1|B1|C|2320","cWW","9QF4|1|B1|G|2217"
"9QF4|1|B1|U|2321","tWH","9QF4|1|B1|A|2339"
"9QF4|1|B1|A|2323","tHS","9QF4|1|B1|G|2338"
"9QF4|1|B1|C|2324","cWW","9QF4|1|B1|G|2337"
"9QF4|1|B1|C|2325","cWW","9QF4|1|B1|G|2336"
"9QF4|1|B1|C|2326","cWW","9QF4|1|B1|G|2335"
"9QF4|1|B1|C|2327","cWW","9QF4|1|B1|G|2334"
"9QF4|1|B1|C|2328","cWW","9QF4|1|B1|G|2333"
"9QF4|1|B1|G|2333","cWW","9QF4|1|B1|C|2328"
"9QF4|1|B1|G|2334","cWW","9QF4|1|B1|C|2327"
"9QF4|1|B1|G|2335","cWW","9QF4|1|B1|C|2326"
"9QF4|1|B1|G|2336","cWW","9QF4|1|B1|C|2325"
"9QF4|1|B1|G|2337","cWW","9QF4|1|B1|C|2324"
"9QF4|1|B1|G|2338","tSH","9QF4|1|B1|A|2323"
"9QF4|1|B1|A|2339","tHW","9QF4|1|B1|U|2321"
"9QF4|1|B1|A|2341","tHH","9QF4|1|B1|U|2216"
"9QF4|1|B1|G|2342","cWW","9QF4|1|B1|U|2215"
"9QF4|1|B1|C|2343","cWW","9QF4|1|B1|G|2214"
"9QF4|1|B1|G|2344","cWW","9QF4|1|B1|4AC|2213"
"9QF4|1|B1|G|2345","cWW","9QF4|1|B1|C|2212"
"9QF4|1|B1|U|2346","cWW","9QF4|1|B1|G|2211"
"9QF4|1|B1|A|2347","cWW","9QF4|1|B1|U|2210"
"9QF4|1|B1|G|2348","cWW","9QF4|1|B1|C|2209"
"9QF4|1|B1|G|2349","cWW","9QF4|1|B1|C|2208"
"9QF4|1|B1|U|2350","cWW","9QF4|1|B1|G|2207"
"9QF4|1|B1|G|2351","tSH","9QF4|1|B1|A|2206"
"9QF4|1|B1|G|2353","cWW","9QF4|1|B1|C|2205"
"9QF4|1|B1|C|2354","cWW","9QF4|1|B1|G|2204"
"9QF4|1|B1|A|2355","cWW","9QF4|1|B1|U|2203"
"9QF4|1|B1|G|2356","cWW","9QF4|1|B1|C|2202"
"9QF4|1|B1|U|2357","cWW","9QF4|1|B1|A|2201"
"9QF4|1|B1|U|2358","cWH","9QF4|1|B1|A|2551"
"9QF4|1|B1|U|2359","cWH","9QF4|1|B1|G|2552"
"9QF4|1|B1|G|2360","cWW","9QF4|1|B1|C|2373"
"9QF4|1|B1|G|2361","cWW","9QF4|1|B1|C|2371"
"9QF4|1|B1|C|2362","cWW","9QF4|1|B1|G|2370"
"9QF4|1|B1|G|2364","cHS","9QF4|1|B1|G|1098"
"9QF4|1|B1|G|2369","cWW","9QF4|1|B1|C|2390"
"9QF4|1|B1|G|2370","cWW","9QF4|1|B1|C|2362"
"9QF4|1|B1|G|2370","tSH","9QF4|1|B1|A|2372"
"9QF4|1|B1|C|2371","cWW","9QF4|1|B1|G|2361"
"9QF4|1|B1|A|2372","tHS","9QF4|1|B1|G|2370"
"9QF4|1|B1|C|2373","cWW","9QF4|1|B1|G|2360"
"9QF4|1|B1|G|2374","cWW","9QF4|1|B1|C|2396"
"9QF4|1|B1|C|2375","cWW","9QF4|1|B1|G|2395"
"9QF4|1|B1|C|2376","cWW","9QF4|1|B1|G|2394"
"9QF4|1|B1|U|2377","cWW","9QF4|1|B1|A|2393"
"9QF4|1|B1|C|2378","cWW","9QF4|1|B1|G|2392"
"9QF4|1|B1|4AC|2379","cSS","9QF4|1|B1|A|1047"
"9QF4|1|B1|4AC|2379","cWW","9QF4|1|B1|OMG|2391"
"9QF4|1|B1|G|2380","tSH","9QF4|1|B1|U|2389"
"9QF4|1|B1|A|2381","tHH","9QF4|1|B1|A|2388"
"9QF4|1|B1|A|2382","tHW","9QF4|1|B1|U|2387"
"9QF4|1|B1|A|2383","tHH","9QF4|1|B1|A|1055"
"9QF4|1|B1|U|2387","tWH","9QF4|1|B1|A|2382"
"9QF4|1|B1|A|2388","cSS","9QF4|1|B1|4AC|1100"
"9QF4|1|B1|A|2388","tHH","9QF4|1|B1|A|2381"
"9QF4|1|B1|U|2389","tHS","9QF4|1|B1|G|2380"
"9QF4|1|B1|C|2390","cWW","9QF4|1|B1|G|2369"
"9QF4|1|B1|OMG|2391","cWW","9QF4|1|B1|4AC|2379"
"9QF4|1|B1|G|2392","cWW","9QF4|1|B1|C|2378"
"9QF4|1|B1|G|2392","tSS","9QF4|1|B1|A|1048"
"9QF4|1|B1|A|2393","cWW","9QF4|1|B1|U|2377"
"9QF4|1|B1|G|2394","cWW","9QF4|1|B1|C|2376"
"9QF4|1|B1|G|2395","tSS","9QF4|1|B1|A2M|2506"
"9QF4|1|B1|G|2395","cWW","9QF4|1|B1|C|2375"
"9QF4|1|B1|C|2396","cWW","9QF4|1|B1|G|2374"
"9QF4|1|B1|G|2397","cWW","9QF4|1|B1|C|2545"
"9QF4|1|B1|C|2398","cWW","9QF4|1|B1|G|2440"
"9QF4|1|B1|C|2399","cWW","9QF4|1|B1|G|2502"
"9QF4|1|B1|C|2399","tSS","9QF4|1|B1|A|2403"
"9QF4|1|B1|C|2400","cWW","9QF4|1|B1|G|2501"
"9QF4|1|B1|A|2402","tWW","9QF4|1|B1|U|2459"
"9QF4|1|B1|A|2403","tSS","9QF4|1|B1|C|2399"
"9QF4|1|B1|G|2404","cWW","9QF4|1|B1|C|2458"
"9QF4|1|B1|G|2405","cWW","9QF4|1|B1|C|2457"
"9QF4|1|B1|U|2406","cWW","9QF4|1|B1|G|2456"
"9QF4|1|B1|C|2407","cWW","9QF4|1|B1|G|2455"
"9QF4|1|B1|G|2408","cWW","9QF4|1|B1|4AC|2454"
"9QF4|1|B1|G|2409","cWW","9QF4|1|B1|5MC|2453"
"9QF4|1|B1|C|2410","cWW","9QF4|1|B1|G|2452"
"9QF4|1|B1|U|2411","tWH","9QF4|1|B1|A|2450"
"9QF4|1|B1|C|2412","cWW","9QF4|1|B1|G|2436"
"9QF4|1|B1|A|2413","tHS","9QF4|1|B1|G|2433"
"9QF4|1|B1|G|2414","cWW","9QF4|1|B1|4AC|2432"
"9QF4|1|B1|G|2415","cWW","9QF4|1|B1|C|2431"
"9QF4|1|B1|C|2416","cWW","9QF4|1|B1|G|2430"
"9QF4|1|B1|G|2417","cWW","9QF4|1|B1|4AC|2429"
"9QF4|1|B1|G|2418","cWW","9QF4|1|B1|OMC|2428"
"9QF4|1|B1|G|2423","cWH","9QF4|1|B1|A|2426"
"9QF4|1|B1|A|2426","cHW","9QF4|1|B1|G|2423"
"9QF4|1|B1|OMC|2428","cWW","9QF4|1|B1|G|2418"
"9QF4|1|B1|4AC|2429","cWW","9QF4|1|B1|G|2417"
"9QF4|1|B1|G|2430","cWW","9QF4|1|B1|C|2416"
"9QF4|1|B1|C|2431","cWW","9QF4|1|B1|G|2415"
"9QF4|1|B1|4AC|2432","cWW","9QF4|1|B1|G|2414"
"9QF4|1|B1|G|2433","tSH","9QF4|1|B1|A|2413"
"9QF4|1|B1|G|2436","cWW","9QF4|1|B1|C|2412"
"9QF4|1|B1|G|2438","cWW","9QF4|1|B1|C|2447"
"9QF4|1|B1|U|2439","cWW","9QF4|1|B1|G|2446"
"9QF4|1|B1|G|2440","cWW","9QF4|1|B1|C|2398"
"9QF4|1|B1|C|2441","cWW","9QF4|1|B1|G|2507"
"9QF4|1|B1|A|2443","cWW","9QF4|1|B1|U|2505"
"9QF4|1|B1|G|2444","cWW","9QF4|1|B1|C|2504"
"9QF4|1|B1|G|2445","cWW","9QF4|1|B1|C|2503"
"9QF4|1|B1|G|2446","cWW","9QF4|1|B1|U|2439"
"9QF4|1|B1|C|2447","cWW","9QF4|1|B1|G|2438"
"9QF4|1|B1|A|2450","tHW","9QF4|1|B1|U|2411"
"9QF4|1|B1|G|2452","cWW","9QF4|1|B1|C|2410"
"9QF4|1|B1|5MC|2453","cWW","9QF4|1|B1|G|2409"
"9QF4|1|B1|4AC|2454","cWW","9QF4|1|B1|G|2408"
"9QF4|1|B1|G|2455","cWW","9QF4|1|B1|C|2407"
"9QF4|1|B1|G|2456","cWW","9QF4|1|B1|U|2406"
"9QF4|1|B1|C|2457","cWW","9QF4|1|B1|G|2405"
"9QF4|1|B1|C|2458","cWW","9QF4|1|B1|G|2404"
"9QF4|1|B1|U|2459","tWW","9QF4|1|B1|A|2402"
"9QF4|1|B1|G|2460","cWW","9QF4|1|B1|C|2489"
"9QF4|1|B1|C|2462","cWW","9QF4|1|B1|G|2488"
"9QF4|1|B1|U|2463","cWW","9QF4|1|B1|A|2487"
"9QF4|1|B1|G|2464","cWW","9QF4|1|B1|C|2486"
"9QF4|1|B1|G|2464","tSW","9QF4|1|B1|A|779"
"9QF4|1|B1|G|2465","cWW","9QF4|1|B1|C|2485"
"9QF4|1|B1|A|2466","cWW","9QF4|1|B1|U|2484"
"9QF4|1|B1|C|2467","cWW","9QF4|1|B1|G|2483"
"9QF4|1|B1|C|2468","cWW","9QF4|1|B1|G|2482"
"9QF4|1|B1|4AC|2469","cWW","9QF4|1|B1|G|2481"
"9QF4|1|B1|G|2470","cWW","9QF4|1|B1|C|2480"
"9QF4|1|B1|U|2471","cWW","9QF4|1|B1|G|2479"
"9QF4|1|B1|G|2479","cWW","9QF4|1|B1|U|2471"
"9QF4|1|B1|C|2480","cWW","9QF4|1|B1|G|2470"
"9QF4|1|B1|G|2481","cWW","9QF4|1|B1|4AC|2469"
"9QF4|1|B1|G|2482","cWW","9QF4|1|B1|C|2468"
"9QF4|1|B1|G|2483","cWW","9QF4|1|B1|C|2467"
"9QF4|1|B1|U|2484","cWW","9QF4|1|B1|A|2466"
"9QF4|1|B1|C|2485","cWW","9QF4|1|B1|G|2465"
"9QF4|1|B1|C|2486","cWW","9QF4|1|B1|G|2464"
"9QF4|1|B1|A|2487","cWW","9QF4|1|B1|U|2463"
"9QF4|1|B1|A|2487","cSW","9QF4|1|B1|A|778"
"9QF4|1|B1|G|2488","cWW","9QF4|1|B1|C|2462"
"9QF4|1|B1|C|2489","cWW","9QF4|1|B1|G|2460"
"9QF4|1|B1|C|2490","cWW","9QF4|1|B1|G|2499"
"9QF4|1|B1|C|2491","cWW","9QF4|1|B1|G|2498"
"9QF4|1|B1|4AC|2492","cWW","9QF4|1|B1|G|2497"
"9QF4|1|B1|G|2497","cWW","9QF4|1|B1|4AC|2492"
"9QF4|1|B1|G|2498","cWW","9QF4|1|B1|C|2491"
"9QF4|1|B1|G|2499","cWW","9QF4|1|B1|C|2490"
"9QF4|1|B1|G|2501","cWW","9QF4|1|B1|C|2400"
"9QF4|1|B1|G|2502","cWW","9QF4|1|B1|C|2399"
"9QF4|1|B1|C|2503","cWW","9QF4|1|B1|G|2445"
"9QF4|1|B1|C|2504","cWW","9QF4|1|B1|G|2444"
"9QF4|1|B1|U|2505","cWW","9QF4|1|B1|A|2443"
"9QF4|1|B1|A2M|2506","tSS","9QF4|1|B1|G|2395"
"9QF4|1|B1|G|2507","cWW","9QF4|1|B1|C|2441"
"9QF4|1|B1|G|2509","tSS","9QF4|1|B1|G|2547"
"9QF4|1|B1|A|2510","tHW","9QF4|1|B1|U|2542"
"9QF4|1|B1|C|2513","cWW","9QF4|1|B1|OMG|2540"
"9QF4|1|B1|C|2514","cWW","9QF4|1|B1|G|2539"
"9QF4|1|B1|C|2515","cWW","9QF4|1|B1|G|2538"
"9QF4|1|B1|U|2516","cWW","9QF4|1|B1|A|2537"
"9QF4|1|B1|G|2517","cWW","9QF4|1|B1|C|2536"
"9QF4|1|B1|G|2519","cWW","9QF4|1|B1|C|2535"
"9QF4|1|B1|C|2520","cWW","9QF4|1|B1|G|2534"
"9QF4|1|B1|C|2521","cWW","9QF4|1|B1|G|2533"
"9QF4|1|B1|U|2522","cWW","9QF4|1|B1|G|2532"
"9QF4|1|B1|C|2523","cWW","9QF4|1|B1|G|2531"
"9QF4|1|B1|C|2525","cWW","9QF4|1|B1|G|457"
"9QF4|1|B1|4AC|2526","cWW","9QF4|1|B1|G|456"
"9QF4|1|B1|G|2527","cWW","9QF4|1|B1|C|455"
"9QF4|1|B1|G|2528","cWW","9QF4|1|B1|OMU|454"
"9QF4|1|B1|U|2529","cWW","9QF4|1|B1|A|453"
"9QF4|1|B1|G|2530","cWW","9QF4|1|B1|C|452"
"9QF4|1|B1|G|2530","tSW","9QF4|1|B1|A|2005"
"9QF4|1|B1|G|2531","cWW","9QF4|1|B1|C|2523"
"9QF4|1|B1|G|2532","cWW","9QF4|1|B1|U|2522"
"9QF4|1|B1|G|2533","cWW","9QF4|1|B1|C|2521"
"9QF4|1|B1|G|2534","cWW","9QF4|1|B1|C|2520"
"9QF4|1|B1|C|2535","cWW","9QF4|1|B1|G|2519"
"9QF4|1|B1|C|2536","cWW","9QF4|1|B1|G|2517"
"9QF4|1|B1|A|2537","cWW","9QF4|1|B1|U|2516"
"9QF4|1|B1|G|2538","cWW","9QF4|1|B1|C|2515"
"9QF4|1|B1|G|2539","cWW","9QF4|1|B1|C|2514"
"9QF4|1|B1|OMG|2540","cWW","9QF4|1|B1|C|2513"
"9QF4|1|B1|U|2542","tWH","9QF4|1|B1|A|2510"
"9QF4|1|B1|C|2545","cWW","9QF4|1|B1|G|2397"
"9QF4|1|B1|G|2547","tSS","9QF4|1|B1|G|2509"
"9QF4|1|B1|A|2548","tWW","9QF4|1|B1|U|2192"
"9QF4|1|B1|A|2551","cHW","9QF4|1|B1|U|2358"
"9QF4|1|B1|A|2551","cWW","9QF4|1|B1|U|2198"
"9QF4|1|B1|G|2552","cHW","9QF4|1|B1|U|2359"
"9QF4|1|B1|G|2552","cWW","9QF4|1|B1|C|2197"
"9QF4|1|B1|G|2552","tSS","9QF4|1|B1|A|2714"
"9QF4|1|B1|C|2553","cWW","9QF4|1|B1|G|2196"
"9QF4|1|B1|OMU|2554","cWW","9QF4|1|B1|A|2195"
"9QF4|1|B1|OMC|2557","cWW","9QF4|1|B1|G|2194"
"9QF4|1|B1|C|2558","cWW","9QF4|1|B1|G|2193"
"9QF4|1|B1|U|2559","cWW","9QF4|1|B1|A|2191"
"9QF4|1|B1|U|2559","cSS","9QF4|1|B1|A|809"
"9QF4|1|B1|G|2560","cWW","9QF4|1|B1|C|2190"
"9QF4|1|B1|G|2561","cSW","9QF4|1|B1|A|966"
"9QF4|1|B1|G|2561","cWW","9QF4|1|B1|C|2189"
"9QF4|1|B1|OMG|2562","cWW","9QF4|1|B1|C|2188"
"9QF4|1|B1|A|2566","tHW","9QF4|1|B1|5MC|2617"
"9QF4|1|B1|G|2570","cWW","9QF4|1|B1|C|2614"
"9QF4|1|B1|A|2571","cWW","9QF4|1|B1|U|2612"
"9QF4|1|B1|G|2572","cSS","9QF4|1|B1|A|1097"
"9QF4|1|B1|G|2572","cWW","9QF4|1|B1|C|2611"
"9QF4|1|B1|U|2573","cWW","9QF4|1|B1|G|2610"
"9QF4|1|B1|U|2573","cSS","9QF4|1|B1|A|1096"
"9QF4|1|B1|C|2574","cHH","9QF4|1|B1|G|2575"
"9QF4|1|B1|G|2575","cWW","9QF4|1|B1|U|2609"
"9QF4|1|B1|G|2575","cHH","9QF4|1|B1|C|2574"
"9QF4|1|B1|U|2576","cWW","9QF4|1|B1|U|2608"
"9QF4|1|B1|C|2577","cWW","9QF4|1|B1|G|2605"
"9QF4|1|B1|U|2578","cWW","9QF4|1|B1|A|2604"
"9QF4|1|B1|C|2579","cWW","9QF4|1|B1|G|2603"
"9QF4|1|B1|G|2580","cWW","9QF4|1|B1|4AC|2602"
"9QF4|1|B1|G|2581","cWW","9QF4|1|B1|C|2601"
"9QF4|1|B1|G|2582","cWW","9QF4|1|B1|C|2600"
"9QF4|1|B1|A|2585","tHS","9QF4|1|B1|G|2597"
"9QF4|1|B1|G|2586","cWW","9QF4|1|B1|C|2596"
"9QF4|1|B1|A|2587","cWW","9QF4|1|B1|U|2595"
"9QF4|1|B1|G|2588","tSH","9QF4|1|B1|A|2594"
"9QF4|1|B1|C|2591","tWW","9QF4|1|B1|G|2645"
"9QF4|1|B1|A|2594","tHS","9QF4|1|B1|G|2588"
"9QF4|1|B1|U|2595","cWW","9QF4|1|B1|A|2587"
"9QF4|1|B1|C|2596","cWW","9QF4|1|B1|G|2586"
"9QF4|1|B1|G|2597","tSH","9QF4|1|B1|A|2585"
"9QF4|1|B1|C|2600","cWW","9QF4|1|B1|G|2582"
"9QF4|1|B1|C|2601","cWW","9QF4|1|B1|G|2581"
"9QF4|1|B1|4AC|2602","cSS","9QF4|1|B1|A|1168"
"9QF4|1|B1|4AC|2602","cWW","9QF4|1|B1|G|2580"
"9QF4|1|B1|G|2603","cWW","9QF4|1|B1|C|2579"
"9QF4|1|B1|A|2604","cWW","9QF4|1|B1|U|2578"
"9QF4|1|B1|G|2605","cWW","9QF4|1|B1|C|2577"
"9QF4|1|B1|G|2606","cSH","9QF4|1|B1|U|2608"
"9QF4|1|B1|U|2608","cHS","9QF4|1|B1|G|2606"
"9QF4|1|B1|U|2608","cWW","9QF4|1|B1|U|2576"
"9QF4|1|B1|U|2609","cWW","9QF4|1|B1|G|2575"
"9QF4|1|B1|G|2610","cWW","9QF4|1|B1|U|2573"
"9QF4|1|B1|C|2611","cWW","9QF4|1|B1|G|2572"
"9QF4|1|B1|U|2612","cWW","9QF4|1|B1|A|2571"
"9QF4|1|B1|A|2613","cSH","9QF4|1|B1|C|2614"
"9QF4|1|B1|C|2614","cHS","9QF4|1|B1|A|2613"
"9QF4|1|B1|C|2614","cWW","9QF4|1|B1|G|2570"
"9QF4|1|B1|5MC|2617","tWH","9QF4|1|B1|A|2566"
"9QF4|1|B1|U|2622","cWW","9QF4|1|B1|G|2699"
"9QF4|1|B1|C|2623","tSS","9QF4|1|B1|G|2669"
"9QF4|1|B1|C|2623","cWW","9QF4|1|B1|G|2698"
"9QF4|1|B1|G|2624","cWW","9QF4|1|B1|U|2696"
"9QF4|1|B1|G|2625","cWW","9QF4|1|B1|C|2695"
"9QF4|1|B1|C|2626","cWW","9QF4|1|B1|G|2694"
"9QF4|1|B1|U|2627","cWW","9QF4|1|B1|U|2691"
"9QF4|1|B1|C|2628","cWW","9QF4|1|B1|G|2690"
"9QF4|1|B1|U|2629","cWW","9QF4|1|B1|A|2687"
"9QF4|1|B1|U|2630","cWW","9QF4|1|B1|G|2686"
"9QF4|1|B1|C|2631","cWW","9QF4|1|B1|G|2685"
"9QF4|1|B1|C|2632","cWW","9QF4|1|B1|OMG|2684"
"9QF4|1|B1|C|2633","cWW","9QF4|1|B1|G|2683"
"9QF4|1|B1|U|2635","cSH","9QF4|1|B1|C|2637"
"9QF4|1|B1|C|2636","cWW","9QF4|1|B1|G|2661"
"9QF4|1|B1|C|2637","cWW","9QF4|1|B1|G|2660"
"9QF4|1|B1|C|2637","cHS","9QF4|1|B1|U|2635"
"9QF4|1|B1|G|2639","cWW","9QF4|1|B1|C|2656"
"9QF4|1|B1|G|2640","cWW","9QF4|1|B1|C|2655"
"9QF4|1|B1|C|2641","cWW","9QF4|1|B1|G|2654"
"9QF4|1|B1|C|2642","cWW","9QF4|1|B1|G|2653"
"9QF4|1|B1|C|2643","cWW","9QF4|1|B1|G|2652"
"9QF4|1|B1|U|2644","cWW","9QF4|1|B1|G|2651"
"9QF4|1|B1|G|2645","tWW","9QF4|1|B1|C|2591"
"9QF4|1|B1|A|2647","cSS","9QF4|1|B1|C|2775"
"9QF4|1|B1|A|2647","tWW","9QF4|1|B1|A|2779"
"9QF4|1|B1|G|2651","cWW","9QF4|1|B1|U|2644"
"9QF4|1|B1|G|2652","cWW","9QF4|1|B1|C|2643"
"9QF4|1|B1|G|2653","cWW","9QF4|1|B1|C|2642"
"9QF4|1|B1|G|2654","cWW","9QF4|1|B1|C|2641"
"9QF4|1|B1|C|2655","cSS","9QF4|1|B1|A|2855"
"9QF4|1|B1|C|2655","cWW","9QF4|1|B1|G|2640"
"9QF4|1|B1|C|2656","cSS","9QF4|1|B1|A|2854"
"9QF4|1|B1|C|2656","cWW","9QF4|1|B1|G|2639"
"9QF4|1|B1|A|2657","cSW","9QF4|1|B1|A|2879"
"9QF4|1|B1|G|2660","cWW","9QF4|1|B1|C|2637"
"9QF4|1|B1|G|2661","cWW","9QF4|1|B1|C|2636"
"9QF4|1|B1|G|2661","tSS","9QF4|1|B1|A|2681"
"9QF4|1|B1|U|2662","cWH","9QF4|1|B1|G|2683"
"9QF4|1|B1|G|2663","cWW","9QF4|1|B1|A|2677"
"9QF4|1|B1|G|2664","cWW","9QF4|1|B1|C|2676"
"9QF4|1|B1|G|2665","tSS","9QF4|1|B1|A|2078"
"9QF4|1|B1|G|2665","cWW","9QF4|1|B1|C|2675"
"9QF4|1|B1|G|2666","cWW","9QF4|1|B1|C|2674"
"9QF4|1|B1|G|2667","cWW","9QF4|1|B1|A|2673"
"9QF4|1|B1|G|2669","tSS","9QF4|1|B1|C|2623"
"9QF4|1|B1|G|2669","cSS","9QF4|1|B1|G|2698"
"9QF4|1|B1|A|2673","cWW","9QF4|1|B1|G|2667"
"9QF4|1|B1|C|2674","cWW","9QF4|1|B1|G|2666"
"9QF4|1|B1|C|2675","cWW","9QF4|1|B1|G|2665"
"9QF4|1|B1|C|2676","cWW","9QF4|1|B1|G|2664"
"9QF4|1|B1|A|2677","cWW","9QF4|1|B1|G|2663"
"9QF4|1|B1|U|2678","tWH","9QF4|1|B1|A|2682"
"9QF4|1|B1|A|2681","tSS","9QF4|1|B1|G|2661"
"9QF4|1|B1|A|2682","tHW","9QF4|1|B1|U|2678"
"9QF4|1|B1|G|2683","cHW","9QF4|1|B1|U|2662"
"9QF4|1|B1|G|2683","cWW","9QF4|1|B1|C|2633"
"9QF4|1|B1|OMG|2684","cWW","9QF4|1|B1|C|2632"
"9QF4|1|B1|G|2685","cWW","9QF4|1|B1|C|2631"
"9QF4|1|B1|G|2685","tSS","9QF4|1|B1|A|1269"
"9QF4|1|B1|G|2686","cWW","9QF4|1|B1|U|2630"
"9QF4|1|B1|A|2687","cWW","9QF4|1|B1|U|2629"
"9QF4|1|B1|G|2690","cWW","9QF4|1|B1|C|2628"
"9QF4|1|B1|U|2691","cWW","9QF4|1|B1|U|2627"
"9QF4|1|B1|G|2692","tHH","9QF4|1|B1|G|2697"
"9QF4|1|B1|A|2693","tWH","9QF4|1|B1|A|2178"
"9QF4|1|B1|G|2694","cWW","9QF4|1|B1|C|2626"
"9QF4|1|B1|C|2695","cWW","9QF4|1|B1|G|2625"
"9QF4|1|B1|U|2696","cWW","9QF4|1|B1|G|2624"
"9QF4|1|B1|G|2697","tHH","9QF4|1|B1|G|2692"
"9QF4|1|B1|G|2697","cHH","9QF4|1|B1|G|2698"
"9QF4|1|B1|G|2698","cWW","9QF4|1|B1|C|2623"
"9QF4|1|B1|G|2698","cHH","9QF4|1|B1|G|2697"
"9QF4|1|B1|G|2698","cSS","9QF4|1|B1|G|2669"
"9QF4|1|B1|G|2699","cWW","9QF4|1|B1|U|2622"
"9QF4|1|B1|U|2702","tWW","9QF4|1|B1|U|1922"
"9QF4|1|B1|A|2703","tHS","9QF4|1|B1|G|2724"
"9QF4|1|B1|G|2704","cWW","9QF4|1|B1|C|2722"
"9QF4|1|B1|C|2706","cWW","9QF4|1|B1|G|2720"
"9QF4|1|B1|C|2707","cWW","9QF4|1|B1|G|2719"
"9QF4|1|B1|G|2708","cSS","9QF4|1|B1|A|2091"
"9QF4|1|B1|G|2708","cWW","9QF4|1|B1|C|2717"
"9QF4|1|B1|U|2709","cWW","9QF4|1|B1|A|2716"
"9QF4|1|B1|C|2710","cWW","9QF4|1|B1|G|2715"
"9QF4|1|B1|G|2713","cSS","9QF4|1|B1|U|2198"
"9QF4|1|B1|A|2714","tSS","9QF4|1|B1|G|2552"
"9QF4|1|B1|G|2715","cWW","9QF4|1|B1|C|2710"
"9QF4|1|B1|A|2716","cWW","9QF4|1|B1|U|2709"
"9QF4|1|B1|C|2717","cWW","9QF4|1|B1|G|2708"
"9QF4|1|B1|G|2719","cWW","9QF4|1|B1|C|2707"
"9QF4|1|B1|G|2720","cWW","9QF4|1|B1|C|2706"
"9QF4|1|B1|C|2722","cWW","9QF4|1|B1|G|2704"
"9QF4|1|B1|G|2723","cSS","9QF4|1|B1|A|1923"
"9QF4|1|B1|G|2724","tSH","9QF4|1|B1|A|2703"
"9QF4|1|B1|G|2727","cWW","9QF4|1|B1|C|2181"
"9QF4|1|B1|C|2728","cWW","9QF4|1|B1|OMG|2180"
"9QF4|1|B1|U|2729","tWW","9QF4|1|B1|A|2138"
"9QF4|1|B1|A|2730","cSH","9QF4|1|B1|C|2732"
"9QF4|1|B1|U|2731","cWW","9QF4|1|B1|A|2178"
"9QF4|1|B1|C|2732","cWW","9QF4|1|B1|G|2177"
"9QF4|1|B1|C|2732","cHS","9QF4|1|B1|A|2730"
"9QF4|1|B1|U|2733","cWW","9QF4|1|B1|G|2176"
"9QF4|1|B1|A|2734","cWW","9QF4|1|B1|U|2174"
"9QF4|1|B1|OMC|2735","cWW","9QF4|1|B1|G|2173"
"9QF4|1|B1|C|2736","cWW","9QF4|1|B1|G|2172"
"9QF4|1|B1|G|2737","cWW","9QF4|1|B1|4AC|2171"
"9QF4|1|B1|G|2738","cWW","9QF4|1|B1|C|2170"
"9QF4|1|B1|G|2738","tSW","9QF4|1|B1|A|2963"
"9QF4|1|B1|G|2739","cWW","9QF4|1|B1|C|2169"
"9QF4|1|B1|OMG|2740","cWW","9QF4|1|B1|C|2168"
"9QF4|1|B1|G|2741","cWW","9QF4|1|B1|C|2167"
"9QF4|1|B1|U|2742","tWW","9QF4|1|B1|A|2891"
"9QF4|1|B1|G|2743","tSS","9QF4|1|B1|A|2895"
"9QF4|1|B1|G|2746","cWW","9QF4|1|B1|4AC|2902"
"9QF4|1|B1|G|2746","cSS","9QF4|1|B1|A|3039"
"9QF4|1|B1|G|2747","tSS","9QF4|1|B1|A|2949"
"9QF4|1|B1|G|2747","cWW","9QF4|1|B1|5MC|2901"
"9QF4|1|B1|C|2748","cWW","9QF4|1|B1|G|2900"
"9QF4|1|B1|4AC|2749","cWW","9QF4|1|B1|G|2899"
"9QF4|1|B1|G|2750","cWW","9QF4|1|B1|C|2898"
"9QF4|1|B1|C|2751","cWW","9QF4|1|B1|G|2897"
"9QF4|1|B1|C|2752","cWW","9QF4|1|B1|G|2896"
"9QF4|1|B1|U|2753","tWH","9QF4|1|B1|A|2890"
"9QF4|1|B1|G|2754","tSH","9QF4|1|B1|A|2892"
"9QF4|1|B1|A|2755","tHS","9QF4|1|B1|G|2889"
"9QF4|1|B1|G|2756","cWW","9QF4|1|B1|4AC|2888"
"9QF4|1|B1|OMG|2757","cWW","9QF4|1|B1|C|2887"
"9QF4|1|B1|G|2758","cWW","9QF4|1|B1|C|2886"
"9QF4|1|B1|G|2759","cWW","9QF4|1|B1|C|2885"
"9QF4|1|B1|G|2762","cWW","9QF4|1|B1|4AC|2792"
"9QF4|1|B1|G|2763","cWW","9QF4|1|B1|C|2791"
"9QF4|1|B1|U|2764","cWW","9QF4|1|B1|G|2790"
"9QF4|1|B1|G|2765","cWW","9QF4|1|B1|U|2789"
"9QF4|1|B1|C|2766","cWW","9QF4|1|B1|G|2788"
"9QF4|1|B1|C|2767","cWW","9QF4|1|B1|G|2787"
"9QF4|1|B1|C|2768","cWW","9QF4|1|B1|G|2786"
"9QF4|1|B1|U|2770","tSH","9QF4|1|B1|C|2784"
"9QF4|1|B1|A|2771","tHH","9QF4|1|B1|A|2783"
"9QF4|1|B1|G|2772","cSH","9QF4|1|B1|U|2773"
"9QF4|1|B1|U|2773","tWH","9QF4|1|B1|A|2782"
"9QF4|1|B1|U|2773","cHS","9QF4|1|B1|G|2772"
"9QF4|1|B1|A|2774","tHS","9QF4|1|B1|G|2781"
"9QF4|1|B1|C|2775","cWW","9QF4|1|B1|G|2780"
"9QF4|1|B1|C|2775","cSS","9QF4|1|B1|A|2647"
"9QF4|1|B1|A|2779","tWW","9QF4|1|B1|A|2647"
"9QF4|1|B1|G|2780","cWW","9QF4|1|B1|C|2775"
"9QF4|1|B1|G|2781","tSH","9QF4|1|B1|A|2774"
"9QF4|1|B1|A|2782","tHW","9QF4|1|B1|U|2773"
"9QF4|1|B1|A|2783","tHH","9QF4|1|B1|A|2771"
"9QF4|1|B1|C|2784","tHS","9QF4|1|B1|U|2770"
"9QF4|1|B1|G|2786","cWW","9QF4|1|B1|C|2768"
"9QF4|1|B1|G|2787","cWW","9QF4|1|B1|C|2767"
"9QF4|1|B1|G|2788","cWW","9QF4|1|B1|C|2766"
"9QF4|1|B1|U|2789","cWW","9QF4|1|B1|G|2765"
"9QF4|1|B1|G|2790","cWW","9QF4|1|B1|U|2764"
"9QF4|1|B1|C|2791","cWW","9QF4|1|B1|G|2763"
"9QF4|1|B1|4AC|2792","cWW","9QF4|1|B1|G|2762"
"9QF4|1|B1|G|2793","cWW","9QF4|1|B1|C|2846"
"9QF4|1|B1|C|2794","cWW","9QF4|1|B1|G|2845"
"9QF4|1|B1|G|2795","cWW","9QF4|1|B1|4AC|2844"
"9QF4|1|B1|G|2796","cWW","9QF4|1|B1|C|2843"
"9QF4|1|B1|C|2797","cWW","9QF4|1|B1|G|2842"
"9QF4|1|B1|C|2798","tWH","9QF4|1|B1|A|2840"
"9QF4|1|B1|C|2800","cWS","9QF4|1|B1|G|2842"
"9QF4|1|B1|U|2801","cWW","9QF4|1|B1|A|2840"
"9QF4|1|B1|G|2802","cWW","9QF4|1|B1|U|2839"
"9QF4|1|B1|G|2803","cWW","9QF4|1|B1|C|2838"
"9QF4|1|B1|U|2804","cWW","9QF4|1|B1|G|2837"
"9QF4|1|B1|C|2805","tSH","9QF4|1|B1|A|2836"
"9QF4|1|B1|OMC|2808","cWW","9QF4|1|B1|G|2833"
"9QF4|1|B1|4AC|2809","cWW","9QF4|1|B1|G|2832"
"9QF4|1|B1|G|2810","cWW","9QF4|1|B1|C|2831"
"9QF4|1|B1|G|2811","cWW","9QF4|1|B1|C|2830"
"9QF4|1|B1|U|2812","cWW","9QF4|1|B1|G|2829"
"9QF4|1|B1|U|2813","cWW","9QF4|1|B1|A|2826"
"9QF4|1|B1|G|2814","cWW","9QF4|1|B1|C|2825"
"9QF4|1|B1|U|2815","cWW","9QF4|1|B1|G|2824"
"9QF4|1|B1|C|2816","cWW","9QF4|1|B1|G|2823"
"9QF4|1|B1|C|2817","cWW","9QF4|1|B1|G|2822"
"9QF4|1|B1|U|2818","cWW","9QF4|1|B1|A|1617"
"9QF4|1|B1|G|2822","cWW","9QF4|1|B1|C|2817"
"9QF4|1|B1|G|2823","cWW","9QF4|1|B1|C|2816"
"9QF4|1|B1|G|2824","cWW","9QF4|1|B1|U|2815"
"9QF4|1|B1|C|2825","cWW","9QF4|1|B1|G|2814"
"9QF4|1|B1|A|2826","cWW","9QF4|1|B1|U|2813"
"9QF4|1|B1|G|2829","cWW","9QF4|1|B1|U|2812"
"9QF4|1|B1|C|2830","cWW","9QF4|1|B1|G|2811"
"9QF4|1|B1|C|2831","cWW","9QF4|1|B1|G|2810"
"9QF4|1|B1|C|2831","cSW","9QF4|1|B1|C|1894"
"9QF4|1|B1|G|2832","cWW","9QF4|1|B1|4AC|2809"
"9QF4|1|B1|G|2833","cWW","9QF4|1|B1|OMC|2808"
"9QF4|1|B1|C|2835","cWW","9QF4|1|B1|G|3021"
"9QF4|1|B1|A|2836","tHS","9QF4|1|B1|C|2805"
"9QF4|1|B1|G|2837","cWW","9QF4|1|B1|U|2804"
"9QF4|1|B1|C|2838","cWW","9QF4|1|B1|G|2803"
"9QF4|1|B1|U|2839","cWW","9QF4|1|B1|G|2802"
"9QF4|1|B1|A|2840","cWW","9QF4|1|B1|U|2801"
"9QF4|1|B1|A|2840","tHW","9QF4|1|B1|C|2798"
"9QF4|1|B1|G|2842","cWW","9QF4|1|B1|C|2797"
"9QF4|1|B1|G|2842","cSW","9QF4|1|B1|C|2800"
"9QF4|1|B1|C|2843","cWW","9QF4|1|B1|G|2796"
"9QF4|1|B1|4AC|2844","cWW","9QF4|1|B1|G|2795"
"9QF4|1|B1|G|2845","cWW","9QF4|1|B1|C|2794"
"9QF4|1|B1|C|2846","cWW","9QF4|1|B1|G|2793"
"9QF4|1|B1|G|2848","cWW","9QF4|1|B1|C|2884"
"9QF4|1|B1|C|2849","cWW","9QF4|1|B1|G|2883"
"9QF4|1|B1|4AC|2850","cWW","9QF4|1|B1|G|2882"
"9QF4|1|B1|G|2851","cWW","9QF4|1|B1|C|2881"
"9QF4|1|B1|A|2852","cWW","9QF4|1|B1|G|2880"
"9QF4|1|B1|U|2853","tWH","9QF4|1|B1|A|2878"
"9QF4|1|B1|A|2854","cSS","9QF4|1|B1|C|2656"
"9QF4|1|B1|A|2855","cSS","9QF4|1|B1|C|2655"
"9QF4|1|B1|A|2855","tHS","9QF4|1|B1|G|2877"
"9QF4|1|B1|G|2856","cWW","9QF4|1|B1|4AC|2876"
"9QF4|1|B1|G|2857","cWW","9QF4|1|B1|5MC|2875"
"9QF4|1|B1|C|2858","cWW","9QF4|1|B1|G|2874"
"9QF4|1|B1|C|2859","cWW","9QF4|1|B1|G|2873"
"9QF4|1|B1|U|2860","tWH","9QF4|1|B1|U|2870"
"9QF4|1|B1|G|2861","tSH","9QF4|1|B1|A|2871"
"9QF4|1|B1|A|2862","tHW","9QF4|1|B1|U|2868"
"9QF4|1|B1|A|2863","tHW","9QF4|1|B1|A|2867"
"9QF4|1|B1|A|2864","tSW","9QF4|1|B1|C|2866"
"9QF4|1|B1|G|2865","cWW","9QF4|1|B1|C|1189"
"9QF4|1|B1|C|2866","tWS","9QF4|1|B1|A|2864"
"9QF4|1|B1|A|2867","tWH","9QF4|1|B1|A|2863"
"9QF4|1|B1|U|2868","tWH","9QF4|1|B1|A|2862"
"9QF4|1|B1|U|2870","cWH","9QF4|1|B1|A|2872"
"9QF4|1|B1|U|2870","tHW","9QF4|1|B1|U|2860"
"9QF4|1|B1|A|2871","tHS","9QF4|1|B1|G|2861"
"9QF4|1|B1|A|2872","cHW","9QF4|1|B1|U|2870"
"9QF4|1|B1|G|2873","cWW","9QF4|1|B1|C|2859"
"9QF4|1|B1|G|2874","cWW","9QF4|1|B1|C|2858"
"9QF4|1|B1|5MC|2875","cWW","9QF4|1|B1|G|2857"
"9QF4|1|B1|4AC|2876","cWW","9QF4|1|B1|G|2856"
"9QF4|1|B1|G|2877","tSH","9QF4|1|B1|A|2855"
"9QF4|1|B1|A|2878","tHW","9QF4|1|B1|U|2853"
"9QF4|1|B1|A|2879","cWS","9QF4|1|B1|A|2657"
"9QF4|1|B1|G|2880","cWW","9QF4|1|B1|A|2852"
"9QF4|1|B1|C|2881","cWW","9QF4|1|B1|G|2851"
"9QF4|1|B1|G|2882","cWW","9QF4|1|B1|4AC|2850"
"9QF4|1|B1|G|2883","cWW","9QF4|1|B1|C|2849"
"9QF4|1|B1|C|2884","cWW","9QF4|1|B1|G|2848"
"9QF4|1|B1|C|2885","cWW","9QF4|1|B1|G|2759"
"9QF4|1|B1|C|2886","cWW","9QF4|1|B1|G|2758"
"9QF4|1|B1|C|2887","cWW","9QF4|1|B1|OMG|2757"
"9QF4|1|B1|4AC|2888","cWW","9QF4|1|B1|G|2756"
"9QF4|1|B1|G|2889","tSH","9QF4|1|B1|A|2755"
"9QF4|1|B1|A|2890","tHW","9QF4|1|B1|U|2753"
"9QF4|1|B1|A|2891","tWW","9QF4|1|B1|U|2742"
"9QF4|1|B1|A|2892","tHS","9QF4|1|B1|G|2754"
"9QF4|1|B1|A|2895","tSS","9QF4|1|B1|G|2743"
"9QF4|1|B1|G|2896","cWW","9QF4|1|B1|C|2752"
"9QF4|1|B1|G|2897","cWW","9QF4|1|B1|C|2751"
"9QF4|1|B1|C|2898","cWW","9QF4|1|B1|G|2750"
"9QF4|1|B1|G|2899","cWW","9QF4|1|B1|4AC|2749"
"9QF4|1|B1|G|2900","cWW","9QF4|1|B1|C|2748"
"9QF4|1|B1|5MC|2901","cWW","9QF4|1|B1|G|2747"
"9QF4|1|B1|5MC|2901","cSS","9QF4|1|B1|A|2949"
"9QF4|1|B1|4AC|2902","cWW","9QF4|1|B1|G|2746"
"9QF4|1|B1|C|2947","cWW","9QF4|1|B1|G|3040"
"9QF4|1|B1|A|2949","tHS","9QF4|1|B1|G|3038"
"9QF4|1|B1|A|2949","tSS","9QF4|1|B1|G|2747"
"9QF4|1|B1|A|2949","cSS","9QF4|1|B1|5MC|2901"
"9QF4|1|B1|G|2950","cWW","9QF4|1|B1|4AC|3037"
"9QF4|1|B1|G|2951","cWW","9QF4|1|B1|C|3036"
"9QF4|1|B1|G|2952","cWW","9QF4|1|B1|C|3035"
"9QF4|1|B1|C|2953","cWW","9QF4|1|B1|G|3034"
"9QF4|1|B1|C|2955","cWW","9QF4|1|B1|G|2969"
"9QF4|1|B1|G|2956","cWW","9QF4|1|B1|LHH|2968"
"9QF4|1|B1|G|2957","cWW","9QF4|1|B1|C|2967"
"9QF4|1|B1|G|2958","cWW","9QF4|1|B1|C|2966"
"9QF4|1|B1|A|2960","cSW","9QF4|1|B1|A|2965"
"9QF4|1|B1|A|2962","cWS","9QF4|1|B1|4AC|2171"
"9QF4|1|B1|A|2963","tWS","9QF4|1|B1|G|2738"
"9QF4|1|B1|A|2965","cWS","9QF4|1|B1|A|2960"
"9QF4|1|B1|C|2966","cWW","9QF4|1|B1|G|2958"
"9QF4|1|B1|C|2967","cWW","9QF4|1|B1|G|2957"
"9QF4|1|B1|LHH|2968","cWW","9QF4|1|B1|G|2956"
"9QF4|1|B1|G|2969","tSS","9QF4|1|B1|A|3031"
"9QF4|1|B1|G|2969","cWW","9QF4|1|B1|C|2955"
"9QF4|1|B1|G|2973","tSH","9QF4|1|B1|A|3031"
"9QF4|1|B1|U|2975","tHH","9QF4|1|B1|C|3027"
"9QF4|1|B1|U|2975","cWW","9QF4|1|B1|A|3030"
"9QF4|1|B1|A|2976","cWW","9QF4|1|B1|U|3029"
"9QF4|1|B1|G|2977","cWW","9QF4|1|B1|C|3028"
"9QF4|1|B1|G|2978","cWW","9QF4|1|B1|C|3026"
"9QF4|1|B1|G|2979","cWW","9QF4|1|B1|C|3025"
"9QF4|1|B1|C|2980","cWW","9QF4|1|B1|G|3024"
"9QF4|1|B1|G|2981","cWW","9QF4|1|B1|4AC|3023"
"9QF4|1|B1|G|2982","cWW","9QF4|1|B1|C|3022"
"9QF4|1|B1|G|2983","cWW","9QF4|1|B1|4AC|3020"
"9QF4|1|B1|OMG|2984","cWW","9QF4|1|B1|C|3019"
"9QF4|1|B1|A|2985","cWW","9QF4|1|B1|U|3018"
"9QF4|1|B1|U|2986","cWW","9QF4|1|B1|G|3017"
"9QF4|1|B1|G|2987","tSH","9QF4|1|B1|A|3016"
"9QF4|1|B1|A|2990","tHH","9QF4|1|B1|U|3014"
"9QF4|1|B1|G|2991","cWW","9QF4|1|B1|C|3013"
"9QF4|1|B1|C|2992","cWW","9QF4|1|B1|G|3012"
"9QF4|1|B1|G|2993","cWW","9QF4|1|B1|4AC|3011"
"9QF4|1|B1|G|2994","cWW","9QF4|1|B1|C|3010"
"9QF4|1|B1|G|2995","cWW","9QF4|1|B1|C|3009"
"9QF4|1|B1|A|2996","tSH","9QF4|1|B1|A|3008"
"9QF4|1|B1|A|2997","tHS","9QF4|1|B1|G|3007"
"9QF4|1|B1|A|2997","tSS","9QF4|1|B1|C|1869"
"9QF4|1|B1|A|2997","cSS","9QF4|1|B1|G|1889"
"9QF4|1|B1|G|2998","cWW","9QF4|1|B1|4AC|3006"
"9QF4|1|B1|G|2999","cWW","9QF4|1|B1|C|3005"
"9QF4|1|B1|G|3000","tSH","9QF4|1|B1|A|3004"
"9QF4|1|B1|A|3004","tHS","9QF4|1|B1|G|3000"
"9QF4|1|B1|C|3005","cWW","9QF4|1|B1|G|2999"
"9QF4|1|B1|4AC|3006","cWW","9QF4|1|B1|G|2998"
"9QF4|1|B1|G|3007","tSH","9QF4|1|B1|A|2997"
"9QF4|1|B1|A|3008","tSS","9QF4|1|B1|G|1890"
"9QF4|1|B1|A|3008","tHS","9QF4|1|B1|A|2996"
"9QF4|1|B1|A|3008","cSS","9QF4|1|B1|C|1868"
"9QF4|1|B1|C|3009","cWW","9QF4|1|B1|G|2995"
"9QF4|1|B1|C|3010","cWW","9QF4|1|B1|G|2994"
"9QF4|1|B1|4AC|3011","cWW","9QF4|1|B1|G|2993"
"9QF4|1|B1|G|3012","cWW","9QF4|1|B1|C|2992"
"9QF4|1|B1|C|3013","cWW","9QF4|1|B1|G|2991"
"9QF4|1|B1|U|3014","tHH","9QF4|1|B1|A|2990"
"9QF4|1|B1|A|3016","tHS","9QF4|1|B1|G|2987"
"9QF4|1|B1|G|3017","cWW","9QF4|1|B1|U|2986"
"9QF4|1|B1|U|3018","cWW","9QF4|1|B1|A|2985"
"9QF4|1|B1|C|3019","cWW","9QF4|1|B1|OMG|2984"
"9QF4|1|B1|4AC|3020","cWW","9QF4|1|B1|G|2983"
"9QF4|1|B1|G|3021","cWW","9QF4|1|B1|C|2835"
"9QF4|1|B1|C|3022","cWW","9QF4|1|B1|G|2982"
"9QF4|1|B1|4AC|3023","cWW","9QF4|1|B1|G|2981"
"9QF4|1|B1|G|3024","cWW","9QF4|1|B1|C|2980"
"9QF4|1|B1|C|3025","cWW","9QF4|1|B1|G|2979"
"9QF4|1|B1|C|3026","cWW","9QF4|1|B1|G|2978"
"9QF4|1|B1|C|3027","tHH","9QF4|1|B1|U|2975"
"9QF4|1|B1|C|3028","cWW","9QF4|1|B1|G|2977"
"9QF4|1|B1|U|3029","cWW","9QF4|1|B1|A|2976"
"9QF4|1|B1|A|3030","cWW","9QF4|1|B1|U|2975"
"9QF4|1|B1|A|3031","tHS","9QF4|1|B1|G|2973"
"9QF4|1|B1|A|3031","tSS","9QF4|1|B1|G|2969"
"9QF4|1|B1|G|3034","cWW","9QF4|1|B1|C|2953"
"9QF4|1|B1|C|3035","cWW","9QF4|1|B1|G|2952"
"9QF4|1|B1|C|3036","cWW","9QF4|1|B1|G|2951"
"9QF4|1|B1|4AC|3037","cWW","9QF4|1|B1|G|2950"
"9QF4|1|B1|G|3038","tSH","9QF4|1|B1|A|2949"
"9QF4|1|B1|A|3039","cSS","9QF4|1|B1|G|2746"
"9QF4|1|B1|G|3040","cWW","9QF4|1|B1|C|2947"
"9QF4|1|B2|G|1","cWW","9QF4|1|B2|C|124"
"9QF4|1|B2|G|2","cWW","9QF4|1|B2|C|123"
"9QF4|1|B2|U|3","cWW","9QF4|1|B2|G|122"
"9QF4|1|B2|A|4","tSS","9QF4|1|B2|G|22"
"9QF4|1|B2|C|5","cWW","9QF4|1|B2|G|121"
"9QF4|1|B2|G|6","cWW","9QF4|1|B2|4AC|120"
"9QF4|1|B2|G|7","cWW","9QF4|1|B2|C|119"
"9QF4|1|B2|C|8","cWW","9QF4|1|B2|G|118"
"9QF4|1|B2|G|9","cWW","9QF4|1|B2|4AC|117"
"9QF4|1|B2|G|10","cWW","9QF4|1|B2|C|116"
"9QF4|1|B2|C|11","cWW","9QF4|1|B2|G|115"
"9QF4|1|B2|A|13","tSS","9QF4|1|B2|G|69"
"9QF4|1|B2|G|16","cWW","9QF4|1|B2|C|68"
"9QF4|1|B2|C|17","cWW","9QF4|1|B2|G|67"
"9QF4|1|B2|G|18","cWW","9QF4|1|B2|C|65"
"9QF4|1|B2|G|19","cWW","9QF4|1|B2|C|64"
"9QF4|1|B2|G|20","cWW","9QF4|1|B2|C|63"
"9QF4|1|B2|G|21","cWW","9QF4|1|B2|C|62"
"9QF4|1|B2|G|22","cWW","9QF4|1|B2|C|61"
"9QF4|1|B2|G|22","tSS","9QF4|1|B2|A|4"
"9QF4|1|B2|G|23","cWW","9QF4|1|B2|C|60"
"9QF4|1|B2|C|28","cSW","9QF4|1|B2|G|59"
"9QF4|1|B2|A|29","cSW","9QF4|1|B2|A|58"
"9QF4|1|B2|A|29","cWW","9QF4|1|B2|U|55"
"9QF4|1|B2|C|30","cWW","9QF4|1|B2|G|54"
"9QF4|1|B2|C|31","cSW","9QF4|1|B2|A|53"
"9QF4|1|B2|C|31","cWW","9QF4|1|B2|G|51"
"9QF4|1|B2|4AC|32","cWW","9QF4|1|B2|G|50"
"9QF4|1|B2|G|33","cWW","9QF4|1|B2|C|49"
"9QF4|1|B2|G|34","cWW","9QF4|1|B2|C|48"
"9QF4|1|B2|C|38","cWW","9QF4|1|B2|G|44"
"9QF4|1|B2|G|44","tSW","9QF4|1|B2|C|47"
"9QF4|1|B2|G|44","cWW","9QF4|1|B2|C|38"
"9QF4|1|B2|C|47","tWS","9QF4|1|B2|G|44"
"9QF4|1|B2|C|48","cWW","9QF4|1|B2|G|34"
"9QF4|1|B2|C|49","cWW","9QF4|1|B2|G|33"
"9QF4|1|B2|G|50","cWW","9QF4|1|B2|4AC|32"
"9QF4|1|B2|G|51","cWW","9QF4|1|B2|C|31"
"9QF4|1|B2|A|53","cWS","9QF4|1|B2|C|31"
"9QF4|1|B2|G|54","cWW","9QF4|1|B2|C|30"
"9QF4|1|B2|U|55","cSH","9QF4|1|B2|A|57"
"9QF4|1|B2|U|55","cWW","9QF4|1|B2|A|29"
"9QF4|1|B2|A|57","cHS","9QF4|1|B2|U|55"
"9QF4|1|B2|A|58","cWS","9QF4|1|B2|A|29"
"9QF4|1|B2|G|59","cWS","9QF4|1|B2|C|28"
"9QF4|1|B2|C|60","cWW","9QF4|1|B2|G|23"
"9QF4|1|B2|C|61","cWW","9QF4|1|B2|G|22"
"9QF4|1|B2|C|62","cWW","9QF4|1|B2|G|21"
"9QF4|1|B2|C|63","cWW","9QF4|1|B2|G|20"
"9QF4|1|B2|C|64","cWW","9QF4|1|B2|G|19"
"9QF4|1|B2|C|65","cWW","9QF4|1|B2|G|18"
"9QF4|1|B2|A|66","cSH","9QF4|1|B2|C|68"
"9QF4|1|B2|G|67","cWW","9QF4|1|B2|C|17"
"9QF4|1|B2|C|68","cHS","9QF4|1|B2|A|66"
"9QF4|1|B2|C|68","cWW","9QF4|1|B2|G|16"
"9QF4|1|B2|G|69","tSS","9QF4|1|B2|A|13"
"9QF4|1|B2|C|72","cWW","9QF4|1|B2|G|111"
"9QF4|1|B2|C|73","cWW","9QF4|1|B2|G|110"
"9QF4|1|B2|C|74","cWW","9QF4|1|B2|G|109"
"9QF4|1|B2|G|75","cWW","9QF4|1|B2|4AC|108"
"9QF4|1|B2|G|76","cWW","9QF4|1|B2|C|107"
"9QF4|1|B2|U|77","cWW","9QF4|1|B2|G|106"
"9QF4|1|B2|U|78","tHH","9QF4|1|B2|A|105"
"9QF4|1|B2|G|79","cSH","9QF4|1|B2|U|80"
"9QF4|1|B2|U|80","cHS","9QF4|1|B2|G|79"
"9QF4|1|B2|U|80","tWH","9QF4|1|B2|A|104"
"9QF4|1|B2|A|81","tHS","9QF4|1|B2|G|103"
"9QF4|1|B2|C|82","cWW","9QF4|1|B2|G|102"
"9QF4|1|B2|U|83","cWW","9QF4|1|B2|G|101"
"9QF4|1|B2|G|84","cWW","9QF4|1|B2|C|100"
"9QF4|1|B2|C|85","cWW","9QF4|1|B2|G|99"
"9QF4|1|B2|C|86","cWW","9QF4|1|B2|G|98"
"9QF4|1|B2|C|87","cWW","9QF4|1|B2|G|97"
"9QF4|1|B2|C|89","cWW","9QF4|1|B2|G|96"
"9QF4|1|B2|4AC|90","cWW","9QF4|1|B2|G|95"
"9QF4|1|B2|G|91","tSH","9QF4|1|B2|A|94"
"9QF4|1|B2|A|94","tHS","9QF4|1|B2|G|91"
"9QF4|1|B2|G|95","cWW","9QF4|1|B2|4AC|90"
"9QF4|1|B2|G|96","cWW","9QF4|1|B2|C|89"
"9QF4|1|B2|G|97","cWW","9QF4|1|B2|C|87"
"9QF4|1|B2|G|98","cWW","9QF4|1|B2|C|86"
"9QF4|1|B2|G|99","cWW","9QF4|1|B2|C|85"
"9QF4|1|B2|C|100","cWW","9QF4|1|B2|G|84"
"9QF4|1|B2|G|101","cWW","9QF4|1|B2|U|83"
"9QF4|1|B2|G|102","cWW","9QF4|1|B2|C|82"
"9QF4|1|B2|G|103","tSH","9QF4|1|B2|A|81"
"9QF4|1|B2|A|104","tHW","9QF4|1|B2|U|80"
"9QF4|1|B2|A|105","tHH","9QF4|1|B2|U|78"
"9QF4|1|B2|G|106","cWW","9QF4|1|B2|U|77"
"9QF4|1|B2|C|107","cWW","9QF4|1|B2|G|76"
"9QF4|1|B2|4AC|108","cWW","9QF4|1|B2|G|75"
"9QF4|1|B2|G|109","cWW","9QF4|1|B2|C|74"
"9QF4|1|B2|G|110","cWW","9QF4|1|B2|C|73"
"9QF4|1|B2|G|111","cWW","9QF4|1|B2|C|72"
"9QF4|1|B2|G|115","cWW","9QF4|1|B2|C|11"
"9QF4|1|B2|C|116","cWW","9QF4|1|B2|G|10"
"9QF4|1|B2|4AC|117","cWW","9QF4|1|B2|G|9"
"9QF4|1|B2|G|118","cWW","9QF4|1|B2|C|8"
"9QF4|1|B2|C|119","cWW","9QF4|1|B2|G|7"
"9QF4|1|B2|4AC|120","cWW","9QF4|1|B2|G|6"
"9QF4|1|B2|G|121","cWW","9QF4|1|B2|C|5"
"9QF4|1|B2|G|122","cWW","9QF4|1|B2|U|3"
"9QF4|1|B2|C|123","cWW","9QF4|1|B2|G|2"
"9QF4|1|B2|C|124","cWW","9QF4|1|B2|G|1"
