"9QF4|1|A1|A|1","s35","9QF4|1|A1|U|3"
"9QF4|1|A1|U|2","s55","9QF4|1|A1|A|295"
"9QF4|1|A1|U|3","s53","9QF4|1|A1|A|1"
"9QF4|1|A1|C|4","s35","9QF4|1|A1|4AC|5"
"9QF4|1|A1|4AC|5","ns35","9QF4|1|A1|G|6"
"9QF4|1|A1|4AC|5","s53","9QF4|1|A1|C|4"
"9QF4|1|A1|4AC|5","s55","9QF4|1|A1|G|20"
"9QF4|1|A1|G|6","s35","9QF4|1|A1|G|7"
"9QF4|1|A1|G|6","s55","9QF4|1|A1|G|19"
"9QF4|1|A1|G|6","ns53","9QF4|1|A1|4AC|5"
"9QF4|1|A1|G|7","ns33","9QF4|1|A1|G|16"
"9QF4|1|A1|G|7","s55","9QF4|1|A1|C|18"
"9QF4|1|A1|G|7","s53","9QF4|1|A1|G|6"
"9QF4|1|A1|OMU|8","ns33","9QF4|1|A1|C|14"
"9QF4|1|A1|OMU|8","s53","9QF4|1|A1|A|873"
"9QF4|1|A1|OMU|8","s55","9QF4|1|A1|G|16"
"9QF4|1|A1|OMU|8","ns35","9QF4|1|A1|G|875"
"9QF4|1|A1|U|9","ns33","9QF4|1|A1|A|11"
"9QF4|1|A1|G|10","s53","9QF4|1|A1|A|1358"
"9QF4|1|A1|G|10","s55","9QF4|1|A1|U|880"
"9QF4|1|A1|G|10","s35","9QF4|1|A1|A|11"
"9QF4|1|A1|A|11","ns33","9QF4|1|A1|U|9"
"9QF4|1|A1|A|11","s53","9QF4|1|A1|G|10"
"9QF4|1|A1|A|11","ns55","9QF4|1|A1|U|879"
"9QF4|1|A1|A|11","s35","9QF4|1|A1|U|12"
"9QF4|1|A1|U|12","s53","9QF4|1|A1|A|11"
"9QF4|1|A1|U|12","s35","9QF4|1|A1|C|13"
"9QF4|1|A1|U|12","s55","9QF4|1|A1|A|878"
"9QF4|1|A1|C|13","s53","9QF4|1|A1|U|12"
"9QF4|1|A1|C|13","ns55","9QF4|1|A1|A|877"
"9QF4|1|A1|C|13","s35","9QF4|1|A1|C|14"
"9QF4|1|A1|C|14","s35","9QF4|1|A1|U|15"
"9QF4|1|A1|C|14","s53","9QF4|1|A1|C|13"
"9QF4|1|A1|C|14","s55","9QF4|1|A1|G|876"
"9QF4|1|A1|C|14","ns33","9QF4|1|A1|OMU|8"
"9QF4|1|A1|U|15","s53","9QF4|1|A1|C|14"
"9QF4|1|A1|U|15","s35","9QF4|1|A1|G|16"
"9QF4|1|A1|U|15","s55","9QF4|1|A1|G|875"
"9QF4|1|A1|G|16","s55","9QF4|1|A1|OMU|8"
"9QF4|1|A1|G|16","ns33","9QF4|1|A1|G|7"
"9QF4|1|A1|G|16","s35","9QF4|1|A1|5MC|17"
"9QF4|1|A1|G|16","s53","9QF4|1|A1|U|15"
"9QF4|1|A1|5MC|17","ns35","9QF4|1|A1|U|515"
"9QF4|1|A1|5MC|17","s53","9QF4|1|A1|G|16"
"9QF4|1|A1|5MC|17","s35","9QF4|1|A1|C|18"
"9QF4|1|A1|C|18","s55","9QF4|1|A1|G|7"
"9QF4|1|A1|C|18","s35","9QF4|1|A1|G|19"
"9QF4|1|A1|C|18","s53","9QF4|1|A1|5MC|17"
"9QF4|1|A1|G|19","s35","9QF4|1|A1|G|20"
"9QF4|1|A1|G|19","s55","9QF4|1|A1|G|6"
"9QF4|1|A1|G|19","s53","9QF4|1|A1|C|18"
"9QF4|1|A1|G|20","s35","9QF4|1|A1|A|21"
"9QF4|1|A1|G|20","s53","9QF4|1|A1|G|19"
"9QF4|1|A1|G|20","s55","9QF4|1|A1|4AC|5"
"9QF4|1|A1|A|21","s53","9QF4|1|A1|G|20"
"9QF4|1|A1|A|21","ns33","9QF4|1|A1|A|511"
"9QF4|1|A1|G|22","s35","9QF4|1|A1|G|23"
"9QF4|1|A1|G|22","s55","9QF4|1|A1|A|511"
"9QF4|1|A1|G|23","s55","9QF4|1|A1|C|510"
"9QF4|1|A1|G|23","s35","9QF4|1|A1|C|24"
"9QF4|1|A1|G|23","s53","9QF4|1|A1|G|22"
"9QF4|1|A1|C|24","s35","9QF4|1|A1|C|25"
"9QF4|1|A1|C|24","s53","9QF4|1|A1|G|23"
"9QF4|1|A1|C|25","s53","9QF4|1|A1|C|24"
"9QF4|1|A1|C|25","s55","9QF4|1|A1|G|508"
"9QF4|1|A1|C|25","ns35","9QF4|1|A1|A|26"
"9QF4|1|A1|A|26","s35","9QF4|1|A1|C|27"
"9QF4|1|A1|A|26","ns53","9QF4|1|A1|C|25"
"9QF4|1|A1|A|26","s55","9QF4|1|A1|OMG|507"
"9QF4|1|A1|C|27","s53","9QF4|1|A1|A|26"
"9QF4|1|A1|C|27","s35","9QF4|1|A1|U|28"
"9QF4|1|A1|U|28","s55","9QF4|1|A1|G|505"
"9QF4|1|A1|U|28","s53","9QF4|1|A1|C|27"
"9QF4|1|A1|G|29","s55","9QF4|1|A1|OMG|504"
"9QF4|1|A1|G|29","s35","9QF4|1|A1|C|30"
"9QF4|1|A1|C|30","s35","9QF4|1|A1|U|31"
"9QF4|1|A1|C|30","s53","9QF4|1|A1|G|29"
"9QF4|1|A1|U|31","s35","9QF4|1|A1|A|32"
"9QF4|1|A1|U|31","s53","9QF4|1|A1|C|30"
"9QF4|1|A1|U|31","s55","9QF4|1|A1|G|502"
"9QF4|1|A1|A|32","s53","9QF4|1|A1|U|31"
"9QF4|1|A1|A|32","s55","9QF4|1|A1|A|394"
"9QF4|1|A1|U|33","s55","9QF4|1|A1|G|401"
"9QF4|1|A1|U|33","ns35","9QF4|1|A1|G|34"
"9QF4|1|A1|G|34","s35","9QF4|1|A1|G|35"
"9QF4|1|A1|G|34","s55","9QF4|1|A1|A|400"
"9QF4|1|A1|G|34","ns53","9QF4|1|A1|U|33"
"9QF4|1|A1|G|35","s35","9QF4|1|A1|G|36"
"9QF4|1|A1|G|35","s53","9QF4|1|A1|G|34"
"9QF4|1|A1|G|35","s55","9QF4|1|A1|C|399"
"9QF4|1|A1|G|36","s35","9QF4|1|A1|G|37"
"9QF4|1|A1|G|36","s53","9QF4|1|A1|G|35"
"9QF4|1|A1|G|36","s55","9QF4|1|A1|C|398"
"9QF4|1|A1|G|37","s53","9QF4|1|A1|G|36"
"9QF4|1|A1|G|37","s55","9QF4|1|A1|C|397"
"9QF4|1|A1|G|37","s35","9QF4|1|A1|G|38"
"9QF4|1|A1|G|38","s53","9QF4|1|A1|G|37"
"9QF4|1|A1|G|38","s35","9QF4|1|A1|C|40"
"9QF4|1|A1|G|38","s55","9QF4|1|A1|C|396"
"9QF4|1|A1|C|40","s35","9QF4|1|A1|4AC|41"
"9QF4|1|A1|C|40","s53","9QF4|1|A1|G|38"
"9QF4|1|A1|C|40","s55","9QF4|1|A1|C|395"
"9QF4|1|A1|4AC|41","s55","9QF4|1|A1|G|393"
"9QF4|1|A1|4AC|41","s53","9QF4|1|A1|C|40"
"9QF4|1|A1|4AC|41","s35","9QF4|1|A1|C|363"
"9QF4|1|A1|G|42","s55","9QF4|1|A1|G|359"
"9QF4|1|A1|G|42","ns33","9QF4|1|A1|G|357"
"9QF4|1|A1|G|42","ns53","9QF4|1|A1|A|362"
"9QF4|1|A1|A|43","s35","9QF4|1|A1|C|44"
"9QF4|1|A1|A|43","s55","9QF4|1|A1|A|303"
"9QF4|1|A1|C|44","s53","9QF4|1|A1|A|43"
"9QF4|1|A1|U|45","s53","9QF4|1|A1|A2M|361"
"9QF4|1|A1|A|47","ns35","9QF4|1|A1|C|99"
"9QF4|1|A1|A|47","s35","9QF4|1|A1|A|100"
"9QF4|1|A1|A|47","ns55","9QF4|1|A1|G|311"
"9QF4|1|A1|A|47","s55","9QF4|1|A1|A|350"
"9QF4|1|A1|G|48","s55","9QF4|1|A1|G|357"
"9QF4|1|A1|G|48","s35","9QF4|1|A1|C|49"
"9QF4|1|A1|C|49","s35","9QF4|1|A1|C|50"
"9QF4|1|A1|C|49","s53","9QF4|1|A1|G|48"
"9QF4|1|A1|C|50","s53","9QF4|1|A1|C|49"
"9QF4|1|A1|C|50","s33","9QF4|1|A1|C|349"
"9QF4|1|A1|C|50","s55","9QF4|1|A1|G|355"
"9QF4|1|A1|A|51","s35","9QF4|1|A1|U|52"
"9QF4|1|A1|U|52","ns35","9QF4|1|A1|G|53"
"9QF4|1|A1|U|52","ns55","9QF4|1|A1|G|354"
"9QF4|1|A1|U|52","s53","9QF4|1|A1|A|51"
"9QF4|1|A1|G|53","ns53","9QF4|1|A1|U|52"
"9QF4|1|A1|G|53","s55","9QF4|1|A1|A|353"
"9QF4|1|A1|G|53","s35","9QF4|1|A1|C|54"
"9QF4|1|A1|C|54","ns35","9QF4|1|A1|G|55"
"9QF4|1|A1|C|54","s53","9QF4|1|A1|G|53"
"9QF4|1|A1|G|55","s55","9QF4|1|A1|G|351"
"9QF4|1|A1|G|55","s35","9QF4|1|A1|G|328"
"9QF4|1|A1|G|55","ns53","9QF4|1|A1|C|54"
"9QF4|1|A1|G|57","s35","9QF4|1|A1|U|58"
"9QF4|1|A1|G|57","s55","9QF4|1|A1|G|91"
"9QF4|1|A1|U|58","s53","9QF4|1|A1|G|57"
"9QF4|1|A1|U|58","s35","9QF4|1|A1|C|59"
"9QF4|1|A1|C|59","s53","9QF4|1|A1|U|58"
"9QF4|1|A1|C|59","s55","9QF4|1|A1|G|89"
"9QF4|1|A1|A|60","ns33","9QF4|1|A1|C|84"
"9QF4|1|A1|A|61","s35","9QF4|1|A1|A|378"
"9QF4|1|A1|G|62","s55","9QF4|1|A1|G|88"
"9QF4|1|A1|G|62","s35","9QF4|1|A1|G|63"
"9QF4|1|A1|G|63","s55","9QF4|1|A1|4AC|87"
"9QF4|1|A1|G|63","s35","9QF4|1|A1|G|64"
"9QF4|1|A1|G|63","s53","9QF4|1|A1|G|62"
"9QF4|1|A1|G|64","s53","9QF4|1|A1|G|63"
"9QF4|1|A1|G|64","ns55","9QF4|1|A1|A|156"
"9QF4|1|A1|G|64","s35","9QF4|1|A1|G|65"
"9QF4|1|A1|G|65","s53","9QF4|1|A1|G|64"
"9QF4|1|A1|G|65","s55","9QF4|1|A1|A|85"
"9QF4|1|A1|G|65","s35","9QF4|1|A1|G|66"
"9QF4|1|A1|G|66","s55","9QF4|1|A1|C|84"
"9QF4|1|A1|G|66","s35","9QF4|1|A1|C|67"
"9QF4|1|A1|G|66","s53","9QF4|1|A1|G|65"
"9QF4|1|A1|C|67","s35","9QF4|1|A1|G|68"
"9QF4|1|A1|C|67","s53","9QF4|1|A1|G|66"
"9QF4|1|A1|G|68","s35","9QF4|1|A1|U|69"
"9QF4|1|A1|G|68","s53","9QF4|1|A1|C|67"
"9QF4|1|A1|G|68","s55","9QF4|1|A1|G|82"
"9QF4|1|A1|U|69","s35","9QF4|1|A1|C|70"
"9QF4|1|A1|U|69","s53","9QF4|1|A1|G|68"
"9QF4|1|A1|C|70","s53","9QF4|1|A1|U|69"
"9QF4|1|A1|C|70","s55","9QF4|1|A1|A|80"
"9QF4|1|A1|C|70","s35","9QF4|1|A1|C|71"
"9QF4|1|A1|C|71","s35","9QF4|1|A1|C|72"
"9QF4|1|A1|C|71","s55","9QF4|1|A1|G|79"
"9QF4|1|A1|C|71","s53","9QF4|1|A1|C|70"
"9QF4|1|A1|C|72","s35","9QF4|1|A1|U|73"
"9QF4|1|A1|C|72","s55","9QF4|1|A1|G|78"
"9QF4|1|A1|C|72","s53","9QF4|1|A1|C|71"
"9QF4|1|A1|U|73","s55","9QF4|1|A1|G|77"
"9QF4|1|A1|U|73","s35","9QF4|1|A1|U|74"
"9QF4|1|A1|U|73","s53","9QF4|1|A1|C|72"
"9QF4|1|A1|U|74","s53","9QF4|1|A1|U|73"
"9QF4|1|A1|G|77","s55","9QF4|1|A1|U|73"
"9QF4|1|A1|G|77","s35","9QF4|1|A1|G|78"
"9QF4|1|A1|G|78","s55","9QF4|1|A1|C|72"
"9QF4|1|A1|G|78","s53","9QF4|1|A1|G|77"
"9QF4|1|A1|G|78","s35","9QF4|1|A1|G|79"
"9QF4|1|A1|G|79","s53","9QF4|1|A1|G|78"
"9QF4|1|A1|G|79","s55","9QF4|1|A1|C|71"
"9QF4|1|A1|G|79","s35","9QF4|1|A1|A|80"
"9QF4|1|A1|A|80","s53","9QF4|1|A1|G|79"
"9QF4|1|A1|A|80","s35","9QF4|1|A1|C|81"
"9QF4|1|A1|A|80","s55","9QF4|1|A1|C|70"
"9QF4|1|A1|C|81","ns35","9QF4|1|A1|G|82"
"9QF4|1|A1|C|81","s53","9QF4|1|A1|A|80"
"9QF4|1|A1|G|82","s55","9QF4|1|A1|G|68"
"9QF4|1|A1|G|82","ns53","9QF4|1|A1|C|81"
"9QF4|1|A1|G|82","s35","9QF4|1|A1|C|83"
"9QF4|1|A1|C|83","s53","9QF4|1|A1|G|82"
"9QF4|1|A1|C|83","s35","9QF4|1|A1|C|84"
"9QF4|1|A1|C|84","ns33","9QF4|1|A1|A|60"
"9QF4|1|A1|C|84","s53","9QF4|1|A1|C|83"
"9QF4|1|A1|C|84","s35","9QF4|1|A1|A|85"
"9QF4|1|A1|C|84","s55","9QF4|1|A1|G|66"
"9QF4|1|A1|A|85","s53","9QF4|1|A1|C|84"
"9QF4|1|A1|A|85","s55","9QF4|1|A1|G|65"
"9QF4|1|A1|A|85","s35","9QF4|1|A1|C|86"
"9QF4|1|A1|C|86","s53","9QF4|1|A1|A|85"
"9QF4|1|A1|C|86","s35","9QF4|1|A1|4AC|87"
"9QF4|1|A1|4AC|87","s35","9QF4|1|A1|G|88"
"9QF4|1|A1|4AC|87","s53","9QF4|1|A1|C|86"
"9QF4|1|A1|4AC|87","s55","9QF4|1|A1|G|63"
"9QF4|1|A1|G|88","s55","9QF4|1|A1|G|62"
"9QF4|1|A1|G|88","s53","9QF4|1|A1|4AC|87"
"9QF4|1|A1|G|88","s35","9QF4|1|A1|G|89"
"9QF4|1|A1|G|89","s55","9QF4|1|A1|C|59"
"9QF4|1|A1|G|89","s35","9QF4|1|A1|C|90"
"9QF4|1|A1|G|89","s53","9QF4|1|A1|G|88"
"9QF4|1|A1|C|90","s35","9QF4|1|A1|G|91"
"9QF4|1|A1|C|90","s53","9QF4|1|A1|G|89"
"9QF4|1|A1|G|91","s53","9QF4|1|A1|C|90"
"9QF4|1|A1|G|91","s35","9QF4|1|A1|G|92"
"9QF4|1|A1|G|91","s55","9QF4|1|A1|G|57"
"9QF4|1|A1|G|92","s53","9QF4|1|A1|G|91"
"9QF4|1|A1|A|93","s53","9QF4|1|A1|G|323"
"9QF4|1|A1|A|93","s35","9QF4|1|A1|A|324"
"9QF4|1|A1|C|94","s35","9QF4|1|A1|G|95"
"9QF4|1|A1|G|95","s35","9QF4|1|A1|G|96"
"9QF4|1|A1|G|95","s53","9QF4|1|A1|C|94"
"9QF4|1|A1|G|96","s35","9QF4|1|A1|C|97"
"9QF4|1|A1|G|96","s53","9QF4|1|A1|G|95"
"9QF4|1|A1|G|96","s55","9QF4|1|A1|C|327"
"9QF4|1|A1|C|97","s35","9QF4|1|A1|U|98"
"9QF4|1|A1|C|97","s53","9QF4|1|A1|G|96"
"9QF4|1|A1|U|98","s53","9QF4|1|A1|C|97"
"9QF4|1|A1|U|98","s55","9QF4|1|A1|G|311"
"9QF4|1|A1|U|98","s35","9QF4|1|A1|C|99"
"9QF4|1|A1|C|99","ns53","9QF4|1|A1|A|47"
"9QF4|1|A1|C|99","s53","9QF4|1|A1|U|98"
"9QF4|1|A1|C|99","ns55","9QF4|1|A1|A|310"
"9QF4|1|A1|C|99","s35","9QF4|1|A1|C|286"
"9QF4|1|A1|A|100","s53","9QF4|1|A1|A|47"
"9QF4|1|A1|A|100","s35","9QF4|1|A1|G|101"
"9QF4|1|A1|G|101","s53","9QF4|1|A1|A|100"
"9QF4|1|A1|G|101","s35","9QF4|1|A1|U|102"
"9QF4|1|A1|U|102","s53","9QF4|1|A1|G|101"
"9QF4|1|A1|U|102","s33","9QF4|1|A1|A|285"
"9QF4|1|A1|A|103","s55","9QF4|1|A1|A|285"
"9QF4|1|A1|A|103","s35","9QF4|1|A1|C|237"
"9QF4|1|A1|A|104","s35","9QF4|1|A1|A|106"
"9QF4|1|A1|C|105","s33","9QF4|1|A1|G|232"
"9QF4|1|A1|A|106","s35","9QF4|1|A1|C|107"
"9QF4|1|A1|A|106","s53","9QF4|1|A1|A|104"
"9QF4|1|A1|C|107","ns35","9QF4|1|A1|G|108"
"9QF4|1|A1|C|107","s53","9QF4|1|A1|A|106"
"9QF4|1|A1|G|108","s55","9QF4|1|A1|G|235"
"9QF4|1|A1|G|108","s35","9QF4|1|A1|U|109"
"9QF4|1|A1|G|108","ns53","9QF4|1|A1|C|107"
"9QF4|1|A1|U|109","s53","9QF4|1|A1|G|108"
"9QF4|1|A1|U|109","s35","9QF4|1|A1|C|110"
"9QF4|1|A1|C|110","s53","9QF4|1|A1|U|109"
"9QF4|1|A1|C|110","s55","9QF4|1|A1|G|233"
"9QF4|1|A1|C|110","s35","9QF4|1|A1|G|111"
"9QF4|1|A1|G|111","s53","9QF4|1|A1|C|110"
"9QF4|1|A1|G|111","s35","9QF4|1|A1|G|112"
"9QF4|1|A1|G|111","s55","9QF4|1|A1|G|232"
"9QF4|1|A1|G|112","s35","9QF4|1|A1|U|113"
"9QF4|1|A1|G|112","s55","9QF4|1|A1|4AC|231"
"9QF4|1|A1|G|112","s53","9QF4|1|A1|G|111"
"9QF4|1|A1|U|113","s35","9QF4|1|A1|C|116"
"9QF4|1|A1|U|113","s53","9QF4|1|A1|G|112"
"9QF4|1|A1|A|114","s55","9QF4|1|A1|A|183"
"9QF4|1|A1|A|114","s33","9QF4|1|A1|A|182"
"9QF4|1|A1|A|115","ns55","9QF4|1|A1|C|261"
"9QF4|1|A1|A|115","ns33","9QF4|1|A1|G|229"
"9QF4|1|A1|C|116","s55","9QF4|1|A1|G|229"
"9QF4|1|A1|C|116","s35","9QF4|1|A1|OMC|117"
"9QF4|1|A1|C|116","s53","9QF4|1|A1|U|113"
"9QF4|1|A1|OMC|117","s35","9QF4|1|A1|U|118"
"9QF4|1|A1|OMC|117","s55","9QF4|1|A1|OMG|228"
"9QF4|1|A1|OMC|117","s53","9QF4|1|A1|C|116"
"9QF4|1|A1|U|118","s53","9QF4|1|A1|OMC|117"
"9QF4|1|A1|U|118","s55","9QF4|1|A1|OMG|227"
"9QF4|1|A1|U|118","ns33","9QF4|1|A1|A|225"
"9QF4|1|A1|A|119","s55","9QF4|1|A1|A|322"
"9QF4|1|A1|A|119","s35","9QF4|1|A1|C|120"
"9QF4|1|A1|C|120","s35","9QF4|1|A1|C|121"
"9QF4|1|A1|C|120","s53","9QF4|1|A1|A|119"
"9QF4|1|A1|C|121","s53","9QF4|1|A1|C|120"
"9QF4|1|A1|C|121","s35","9QF4|1|A1|C|122"
"9QF4|1|A1|C|121","ns55","9QF4|1|A1|A|225"
"9QF4|1|A1|C|122","s35","9QF4|1|A1|U|123"
"9QF4|1|A1|C|122","s53","9QF4|1|A1|C|121"
"9QF4|1|A1|C|122","s55","9QF4|1|A1|G|224"
"9QF4|1|A1|U|123","s35","9QF4|1|A1|C|124"
"9QF4|1|A1|U|123","s55","9QF4|1|A1|G|223"
"9QF4|1|A1|U|123","s53","9QF4|1|A1|C|122"
"9QF4|1|A1|C|124","ns55","9QF4|1|A1|A|222"
"9QF4|1|A1|C|124","s35","9QF4|1|A1|G|125"
"9QF4|1|A1|C|124","s53","9QF4|1|A1|U|123"
"9QF4|1|A1|G|125","s35","9QF4|1|A1|G|126"
"9QF4|1|A1|G|125","s55","9QF4|1|A1|G|221"
"9QF4|1|A1|G|125","s53","9QF4|1|A1|C|124"
"9QF4|1|A1|G|126","s35","9QF4|1|A1|G|127"
"9QF4|1|A1|G|126","s53","9QF4|1|A1|G|125"
"9QF4|1|A1|G|126","s55","9QF4|1|A1|4AC|220"
"9QF4|1|A1|G|127","s55","9QF4|1|A1|C|219"
"9QF4|1|A1|G|127","s35","9QF4|1|A1|A|128"
"9QF4|1|A1|G|127","s53","9QF4|1|A1|G|126"
"9QF4|1|A1|A|128","s35","9QF4|1|A1|G|200"
"9QF4|1|A1|A|128","ns55","9QF4|1|A1|C|218"
"9QF4|1|A1|A|128","s53","9QF4|1|A1|G|127"
"9QF4|1|A1|G|129","s35","9QF4|1|A1|G|130"
"9QF4|1|A1|G|129","s55","9QF4|1|A1|A|164"
"9QF4|1|A1|G|130","s53","9QF4|1|A1|G|129"
"9QF4|1|A1|G|130","s55","9QF4|1|A1|C|163"
"9QF4|1|A1|G|130","s35","9QF4|1|A1|G|131"
"9QF4|1|A1|G|131","s53","9QF4|1|A1|G|130"
"9QF4|1|A1|G|131","s55","9QF4|1|A1|C|162"
"9QF4|1|A1|G|131","s35","9QF4|1|A1|OMG|132"
"9QF4|1|A1|OMG|132","s53","9QF4|1|A1|G|131"
"9QF4|1|A1|OMG|132","s55","9QF4|1|A1|C|161"
"9QF4|1|A1|OMG|132","s35","9QF4|1|A1|G|133"
"9QF4|1|A1|G|133","s35","9QF4|1|A1|A|134"
"9QF4|1|A1|G|133","s55","9QF4|1|A1|C|160"
"9QF4|1|A1|G|133","s53","9QF4|1|A1|OMG|132"
"9QF4|1|A1|A|134","s35","9QF4|1|A1|U|135"
"9QF4|1|A1|A|134","s53","9QF4|1|A1|G|133"
"9QF4|1|A1|U|135","s33","9QF4|1|A1|U|155"
"9QF4|1|A1|U|135","s53","9QF4|1|A1|A|134"
"9QF4|1|A1|A|136","s55","9QF4|1|A1|A|156"
"9QF4|1|A1|A|136","s35","9QF4|1|A1|A|137"
"9QF4|1|A1|A|137","s35","9QF4|1|A1|C|138"
"9QF4|1|A1|A|137","s53","9QF4|1|A1|A|136"
"9QF4|1|A1|A|137","s55","9QF4|1|A1|U|155"
"9QF4|1|A1|C|138","s35","9QF4|1|A1|C|139"
"9QF4|1|A1|C|138","s53","9QF4|1|A1|A|137"
"9QF4|1|A1|C|139","s35","9QF4|1|A1|C|140"
"9QF4|1|A1|C|139","s55","9QF4|1|A1|OMG|153"
"9QF4|1|A1|C|139","s53","9QF4|1|A1|C|138"
"9QF4|1|A1|C|140","s55","9QF4|1|A1|OMG|152"
"9QF4|1|A1|C|140","s53","9QF4|1|A1|C|139"
"9QF4|1|A1|C|140","s35","9QF4|1|A1|4AC|141"
"9QF4|1|A1|4AC|141","s53","9QF4|1|A1|C|140"
"9QF4|1|A1|4AC|141","s35","9QF4|1|A1|G|142"
"9QF4|1|A1|4AC|141","ns55","9QF4|1|A1|G|151"
"9QF4|1|A1|G|142","s55","9QF4|1|A1|G|150"
"9QF4|1|A1|G|142","s35","9QF4|1|A1|G|143"
"9QF4|1|A1|G|142","s53","9QF4|1|A1|4AC|141"
"9QF4|1|A1|G|143","s55","9QF4|1|A1|U|149"
"9QF4|1|A1|G|143","s53","9QF4|1|A1|G|142"
"9QF4|1|A1|G|143","s35","9QF4|1|A1|G|144"
"9QF4|1|A1|G|144","s53","9QF4|1|A1|G|143"
"9QF4|1|A1|G|144","ns33","9QF4|1|A1|A|146"
"9QF4|1|A1|G|144","s55","9QF4|1|A1|C|148"
"9QF4|1|A1|A|145","s35","9QF4|1|A1|A|146"
"9QF4|1|A1|A|145","s55","9QF4|1|A1|G|343"
"9QF4|1|A1|A|145","ns53","9QF4|1|A1|A|341"
"9QF4|1|A1|A|146","s35","9QF4|1|A1|A|147"
"9QF4|1|A1|A|146","ns33","9QF4|1|A1|G|144"
"9QF4|1|A1|A|146","s53","9QF4|1|A1|A|145"
"9QF4|1|A1|A|147","ns35","9QF4|1|A1|C|148"
"9QF4|1|A1|A|147","s53","9QF4|1|A1|A|146"
"9QF4|1|A1|C|148","s35","9QF4|1|A1|U|149"
"9QF4|1|A1|C|148","s55","9QF4|1|A1|G|144"
"9QF4|1|A1|C|148","ns53","9QF4|1|A1|A|147"
"9QF4|1|A1|U|149","s53","9QF4|1|A1|C|148"
"9QF4|1|A1|U|149","s55","9QF4|1|A1|G|143"
"9QF4|1|A1|G|150","s35","9QF4|1|A1|G|151"
"9QF4|1|A1|G|150","s55","9QF4|1|A1|G|142"
"9QF4|1|A1|G|151","s53","9QF4|1|A1|G|150"
"9QF4|1|A1|G|151","s35","9QF4|1|A1|OMG|152"
"9QF4|1|A1|G|151","ns55","9QF4|1|A1|4AC|141"
"9QF4|1|A1|OMG|152","s55","9QF4|1|A1|C|140"
"9QF4|1|A1|OMG|152","s53","9QF4|1|A1|G|151"
"9QF4|1|A1|OMG|152","s35","9QF4|1|A1|OMG|153"
"9QF4|1|A1|OMG|153","s53","9QF4|1|A1|OMG|152"
"9QF4|1|A1|OMG|153","s55","9QF4|1|A1|C|139"
"9QF4|1|A1|OMG|153","s35","9QF4|1|A1|C|154"
"9QF4|1|A1|C|154","s53","9QF4|1|A1|OMG|153"
"9QF4|1|A1|C|154","ns35","9QF4|1|A1|U|155"
"9QF4|1|A1|U|155","ns53","9QF4|1|A1|C|154"
"9QF4|1|A1|U|155","s33","9QF4|1|A1|U|135"
"9QF4|1|A1|U|155","s55","9QF4|1|A1|A|137"
"9QF4|1|A1|U|155","ns35","9QF4|1|A1|A|156"
"9QF4|1|A1|A|156","s35","9QF4|1|A1|A|157"
"9QF4|1|A1|A|156","ns55","9QF4|1|A1|G|64"
"9QF4|1|A1|A|156","s55","9QF4|1|A1|A|136"
"9QF4|1|A1|A|156","ns53","9QF4|1|A1|U|155"
"9QF4|1|A1|A|157","s53","9QF4|1|A1|A|156"
"9QF4|1|A1|A|157","s35","9QF4|1|A1|C|159"
"9QF4|1|A1|U|158","s55","9QF4|1|A1|A|199"
"9QF4|1|A1|C|159","s53","9QF4|1|A1|A|157"
"9QF4|1|A1|C|159","s35","9QF4|1|A1|C|160"
"9QF4|1|A1|C|160","s55","9QF4|1|A1|G|133"
"9QF4|1|A1|C|160","s35","9QF4|1|A1|C|161"
"9QF4|1|A1|C|160","s53","9QF4|1|A1|C|159"
"9QF4|1|A1|C|161","s55","9QF4|1|A1|OMG|132"
"9QF4|1|A1|C|161","ns35","9QF4|1|A1|C|162"
"9QF4|1|A1|C|161","s53","9QF4|1|A1|C|160"
"9QF4|1|A1|C|162","ns35","9QF4|1|A1|C|163"
"9QF4|1|A1|C|162","s55","9QF4|1|A1|G|131"
"9QF4|1|A1|C|162","ns53","9QF4|1|A1|C|161"
"9QF4|1|A1|C|163","ns53","9QF4|1|A1|C|162"
"9QF4|1|A1|C|163","ns35","9QF4|1|A1|A|164"
"9QF4|1|A1|C|163","s55","9QF4|1|A1|G|130"
"9QF4|1|A1|A|164","ns53","9QF4|1|A1|C|163"
"9QF4|1|A1|A|164","s35","9QF4|1|A1|U|165"
"9QF4|1|A1|A|164","s55","9QF4|1|A1|G|129"
"9QF4|1|A1|U|165","ns33","9QF4|1|A1|G|196"
"9QF4|1|A1|U|165","s53","9QF4|1|A1|A|164"
"9QF4|1|A1|U|165","s35","9QF4|1|A1|A|166"
"9QF4|1|A1|A|166","s53","9QF4|1|A1|U|165"
"9QF4|1|A1|A|166","s35","9QF4|1|A1|G|167"
"9QF4|1|A1|A|166","s55","9QF4|1|A1|A|197"
"9QF4|1|A1|G|167","s53","9QF4|1|A1|A|166"
"9QF4|1|A1|G|167","s35","9QF4|1|A1|G|168"
"9QF4|1|A1|G|167","s55","9QF4|1|A1|G|196"
"9QF4|1|A1|G|168","s35","9QF4|1|A1|C|169"
"9QF4|1|A1|G|168","s55","9QF4|1|A1|C|195"
"9QF4|1|A1|G|168","s53","9QF4|1|A1|G|167"
"9QF4|1|A1|C|169","s35","9QF4|1|A1|C|170"
"9QF4|1|A1|C|169","s53","9QF4|1|A1|G|168"
"9QF4|1|A1|C|170","s55","9QF4|1|A1|G|193"
"9QF4|1|A1|C|170","s53","9QF4|1|A1|C|169"
"9QF4|1|A1|C|170","s35","9QF4|1|A1|U|171"
"9QF4|1|A1|U|171","s53","9QF4|1|A1|C|170"
"9QF4|1|A1|U|171","ns35","9QF4|1|A1|G|172"
"9QF4|1|A1|U|171","s55","9QF4|1|A1|G|192"
"9QF4|1|A1|G|172","s55","9QF4|1|A1|A|191"
"9QF4|1|A1|G|172","s35","9QF4|1|A1|G|173"
"9QF4|1|A1|G|172","ns53","9QF4|1|A1|U|171"
"9QF4|1|A1|G|173","s55","9QF4|1|A1|C|190"
"9QF4|1|A1|G|173","s53","9QF4|1|A1|G|172"
"9QF4|1|A1|G|173","s35","9QF4|1|A1|G|174"
"9QF4|1|A1|G|174","s35","9QF4|1|A1|G|175"
"9QF4|1|A1|G|174","s55","9QF4|1|A1|C|189"
"9QF4|1|A1|G|174","s53","9QF4|1|A1|G|173"
"9QF4|1|A1|G|175","s35","9QF4|1|A1|U|176"
"9QF4|1|A1|G|175","s55","9QF4|1|A1|C|188"
"9QF4|1|A1|G|175","s35","9QF4|1|A1|A|177"
"9QF4|1|A1|G|175","s53","9QF4|1|A1|G|174"
"9QF4|1|A1|U|176","s53","9QF4|1|A1|G|175"
"9QF4|1|A1|A|177","s55","9QF4|1|A1|C|187"
"9QF4|1|A1|A|177","s35","9QF4|1|A1|C|178"
"9QF4|1|A1|A|177","s53","9QF4|1|A1|G|175"
"9QF4|1|A1|C|178","s35","9QF4|1|A1|U|179"
"9QF4|1|A1|C|178","s53","9QF4|1|A1|A|177"
"9QF4|1|A1|U|179","s35","9QF4|1|A1|G|180"
"9QF4|1|A1|U|179","s55","9QF4|1|A1|G|185"
"9QF4|1|A1|U|179","s53","9QF4|1|A1|C|178"
"9QF4|1|A1|G|180","s53","9QF4|1|A1|U|179"
"9QF4|1|A1|G|180","s55","9QF4|1|A1|A|183"
"9QF4|1|A1|G|180","ns33","9QF4|1|A1|A|182"
"9QF4|1|A1|G|181","s35","9QF4|1|A1|A|182"
"9QF4|1|A1|A|182","s53","9QF4|1|A1|G|181"
"9QF4|1|A1|A|182","s33","9QF4|1|A1|A|114"
"9QF4|1|A1|A|182","ns33","9QF4|1|A1|G|180"
"9QF4|1|A1|A|183","s55","9QF4|1|A1|A|114"
"9QF4|1|A1|A|183","s35","9QF4|1|A1|G|185"
"9QF4|1|A1|A|183","s55","9QF4|1|A1|G|180"
"9QF4|1|A1|G|185","s35","9QF4|1|A1|U|186"
"9QF4|1|A1|G|185","s55","9QF4|1|A1|U|179"
"9QF4|1|A1|G|185","s53","9QF4|1|A1|A|183"
"9QF4|1|A1|U|186","s53","9QF4|1|A1|G|185"
"9QF4|1|A1|U|186","s35","9QF4|1|A1|C|187"
"9QF4|1|A1|C|187","s35","9QF4|1|A1|C|188"
"9QF4|1|A1|C|187","s55","9QF4|1|A1|A|177"
"9QF4|1|A1|C|187","s53","9QF4|1|A1|U|186"
"9QF4|1|A1|C|188","ns35","9QF4|1|A1|C|189"
"9QF4|1|A1|C|188","s53","9QF4|1|A1|C|187"
"9QF4|1|A1|C|188","s55","9QF4|1|A1|G|175"
"9QF4|1|A1|C|189","ns53","9QF4|1|A1|C|188"
"9QF4|1|A1|C|189","s35","9QF4|1|A1|C|190"
"9QF4|1|A1|C|189","s55","9QF4|1|A1|G|174"
"9QF4|1|A1|C|190","s53","9QF4|1|A1|C|189"
"9QF4|1|A1|C|190","s55","9QF4|1|A1|G|173"
"9QF4|1|A1|C|190","s35","9QF4|1|A1|A|191"
"9QF4|1|A1|A|191","s53","9QF4|1|A1|C|190"
"9QF4|1|A1|A|191","s35","9QF4|1|A1|G|192"
"9QF4|1|A1|A|191","s55","9QF4|1|A1|G|172"
"9QF4|1|A1|G|192","s35","9QF4|1|A1|G|193"
"9QF4|1|A1|G|192","s55","9QF4|1|A1|U|171"
"9QF4|1|A1|G|192","s53","9QF4|1|A1|A|191"
"9QF4|1|A1|G|193","s53","9QF4|1|A1|G|192"
"9QF4|1|A1|G|193","s35","9QF4|1|A1|C|194"
"9QF4|1|A1|G|193","s55","9QF4|1|A1|C|170"
"9QF4|1|A1|C|194","s35","9QF4|1|A1|C|195"
"9QF4|1|A1|C|194","s53","9QF4|1|A1|G|193"
"9QF4|1|A1|C|195","s53","9QF4|1|A1|C|194"
"9QF4|1|A1|C|195","s55","9QF4|1|A1|G|168"
"9QF4|1|A1|C|195","s35","9QF4|1|A1|G|196"
"9QF4|1|A1|G|196","s53","9QF4|1|A1|C|195"
"9QF4|1|A1|G|196","ns33","9QF4|1|A1|U|165"
"9QF4|1|A1|G|196","s55","9QF4|1|A1|G|167"
"9QF4|1|A1|A|197","s35","9QF4|1|A1|A|198"
"9QF4|1|A1|A|197","s55","9QF4|1|A1|A|166"
"9QF4|1|A1|A|198","s53","9QF4|1|A1|A|197"
"9QF4|1|A1|A|199","s55","9QF4|1|A1|U|158"
"9QF4|1|A1|A|199","ns55","9QF4|1|A1|G|201"
"9QF4|1|A1|G|200","s53","9QF4|1|A1|A|128"
"9QF4|1|A1|G|201","s55","9QF4|1|A1|G|217"
"9QF4|1|A1|G|201","s35","9QF4|1|A1|G|202"
"9QF4|1|A1|G|201","ns55","9QF4|1|A1|A|199"
"9QF4|1|A1|G|202","s55","9QF4|1|A1|4AC|216"
"9QF4|1|A1|G|202","s53","9QF4|1|A1|G|201"
"9QF4|1|A1|G|202","s35","9QF4|1|A1|A|203"
"9QF4|1|A1|A|203","s35","9QF4|1|A1|G|204"
"9QF4|1|A1|A|203","s55","9QF4|1|A1|C|215"
"9QF4|1|A1|A|203","s53","9QF4|1|A1|G|202"
"9QF4|1|A1|G|204","s35","9QF4|1|A1|C|205"
"9QF4|1|A1|G|204","s55","9QF4|1|A1|U|214"
"9QF4|1|A1|G|204","s53","9QF4|1|A1|A|203"
"9QF4|1|A1|C|205","s35","9QF4|1|A1|C|206"
"9QF4|1|A1|C|205","s53","9QF4|1|A1|G|204"
"9QF4|1|A1|C|206","s55","9QF4|1|A1|G|212"
"9QF4|1|A1|C|206","s53","9QF4|1|A1|C|205"
"9QF4|1|A1|C|206","s35","9QF4|1|A1|G|207"
"9QF4|1|A1|G|207","s53","9QF4|1|A1|C|206"
"9QF4|1|A1|G|207","s55","9QF4|1|A1|G|211"
"9QF4|1|A1|G|207","ns33","9QF4|1|A1|A|209"
"9QF4|1|A1|U|208","s35","9QF4|1|A1|A|209"
"9QF4|1|A1|A|209","s53","9QF4|1|A1|U|208"
"9QF4|1|A1|A|209","s35","9QF4|1|A1|A|210"
"9QF4|1|A1|A|209","ns33","9QF4|1|A1|G|207"
"9QF4|1|A1|A|210","s53","9QF4|1|A1|A|209"
"9QF4|1|A1|A|210","s35","9QF4|1|A1|G|211"
"9QF4|1|A1|G|211","s53","9QF4|1|A1|A|210"
"9QF4|1|A1|G|211","s35","9QF4|1|A1|G|212"
"9QF4|1|A1|G|211","s55","9QF4|1|A1|G|207"
"9QF4|1|A1|G|212","s55","9QF4|1|A1|C|206"
"9QF4|1|A1|G|212","s53","9QF4|1|A1|G|211"
"9QF4|1|A1|G|212","s35","9QF4|1|A1|C|213"
"9QF4|1|A1|C|213","s35","9QF4|1|A1|U|214"
"9QF4|1|A1|C|213","s53","9QF4|1|A1|G|212"
"9QF4|1|A1|U|214","s53","9QF4|1|A1|C|213"
"9QF4|1|A1|U|214","s55","9QF4|1|A1|G|204"
"9QF4|1|A1|U|214","s35","9QF4|1|A1|C|215"
"9QF4|1|A1|C|215","s53","9QF4|1|A1|U|214"
"9QF4|1|A1|C|215","s55","9QF4|1|A1|A|203"
"9QF4|1|A1|C|215","s35","9QF4|1|A1|4AC|216"
"9QF4|1|A1|4AC|216","s53","9QF4|1|A1|C|215"
"9QF4|1|A1|4AC|216","ns35","9QF4|1|A1|G|217"
"9QF4|1|A1|4AC|216","s55","9QF4|1|A1|G|202"
"9QF4|1|A1|G|217","s55","9QF4|1|A1|G|201"
"9QF4|1|A1|G|217","s35","9QF4|1|A1|C|218"
"9QF4|1|A1|G|217","ns53","9QF4|1|A1|4AC|216"
"9QF4|1|A1|C|218","ns55","9QF4|1|A1|A|128"
"9QF4|1|A1|C|218","ns35","9QF4|1|A1|C|219"
"9QF4|1|A1|C|218","s53","9QF4|1|A1|G|217"
"9QF4|1|A1|C|219","s35","9QF4|1|A1|4AC|220"
"9QF4|1|A1|C|219","s55","9QF4|1|A1|G|127"
"9QF4|1|A1|C|219","ns53","9QF4|1|A1|C|218"
"9QF4|1|A1|4AC|220","s55","9QF4|1|A1|G|126"
"9QF4|1|A1|4AC|220","s53","9QF4|1|A1|C|219"
"9QF4|1|A1|G|221","s35","9QF4|1|A1|A|222"
"9QF4|1|A1|G|221","s55","9QF4|1|A1|G|125"
"9QF4|1|A1|A|222","s35","9QF4|1|A1|G|223"
"9QF4|1|A1|A|222","ns55","9QF4|1|A1|C|124"
"9QF4|1|A1|A|222","s53","9QF4|1|A1|G|221"
"9QF4|1|A1|G|223","s53","9QF4|1|A1|A|222"
"9QF4|1|A1|G|223","s55","9QF4|1|A1|U|123"
"9QF4|1|A1|G|223","s35","9QF4|1|A1|G|224"
"9QF4|1|A1|G|224","s53","9QF4|1|A1|G|223"
"9QF4|1|A1|G|224","s55","9QF4|1|A1|C|122"
"9QF4|1|A1|G|224","s35","9QF4|1|A1|A|225"
"9QF4|1|A1|A|225","s53","9QF4|1|A1|G|224"
"9QF4|1|A1|A|225","s35","9QF4|1|A1|U|226"
"9QF4|1|A1|A|225","ns55","9QF4|1|A1|C|121"
"9QF4|1|A1|A|225","ns33","9QF4|1|A1|U|118"
"9QF4|1|A1|U|226","s35","9QF4|1|A1|OMG|227"
"9QF4|1|A1|U|226","s53","9QF4|1|A1|A|225"
"9QF4|1|A1|OMG|227","s35","9QF4|1|A1|OMG|228"
"9QF4|1|A1|OMG|227","s53","9QF4|1|A1|U|226"
"9QF4|1|A1|OMG|227","s55","9QF4|1|A1|U|118"
"9QF4|1|A1|OMG|228","s55","9QF4|1|A1|OMC|117"
"9QF4|1|A1|OMG|228","s53","9QF4|1|A1|OMG|227"
"9QF4|1|A1|OMG|228","s35","9QF4|1|A1|G|229"
"9QF4|1|A1|G|229","ns33","9QF4|1|A1|A|115"
"9QF4|1|A1|G|229","s55","9QF4|1|A1|C|116"
"9QF4|1|A1|G|229","s53","9QF4|1|A1|OMG|228"
"9QF4|1|A1|G|229","s35","9QF4|1|A1|5MC|230"
"9QF4|1|A1|5MC|230","s53","9QF4|1|A1|G|229"
"9QF4|1|A1|5MC|230","s35","9QF4|1|A1|4AC|231"
"9QF4|1|A1|4AC|231","s35","9QF4|1|A1|G|232"
"9QF4|1|A1|4AC|231","s53","9QF4|1|A1|5MC|230"
"9QF4|1|A1|4AC|231","s55","9QF4|1|A1|G|112"
"9QF4|1|A1|G|232","s35","9QF4|1|A1|G|233"
"9QF4|1|A1|G|232","s53","9QF4|1|A1|4AC|231"
"9QF4|1|A1|G|232","s33","9QF4|1|A1|C|105"
"9QF4|1|A1|G|232","s55","9QF4|1|A1|G|111"
"9QF4|1|A1|G|233","s53","9QF4|1|A1|G|232"
"9QF4|1|A1|G|233","s55","9QF4|1|A1|C|110"
"9QF4|1|A1|G|233","s35","9QF4|1|A1|C|234"
"9QF4|1|A1|C|234","s53","9QF4|1|A1|G|233"
"9QF4|1|A1|C|234","s35","9QF4|1|A1|G|235"
"9QF4|1|A1|G|235","s35","9QF4|1|A1|G|236"
"9QF4|1|A1|G|235","s53","9QF4|1|A1|C|234"
"9QF4|1|A1|G|235","s55","9QF4|1|A1|G|108"
"9QF4|1|A1|G|236","s53","9QF4|1|A1|G|235"
"9QF4|1|A1|C|237","s35","9QF4|1|A1|LHH|238"
"9QF4|1|A1|C|237","s53","9QF4|1|A1|A|103"
"9QF4|1|A1|LHH|238","ns35","9QF4|1|A1|G|239"
"9QF4|1|A1|LHH|238","s53","9QF4|1|A1|C|237"
"9QF4|1|A1|LHH|238","s55","9QF4|1|A1|G|283"
"9QF4|1|A1|G|239","s35","9QF4|1|A1|U|242"
"9QF4|1|A1|G|239","ns53","9QF4|1|A1|LHH|238"
"9QF4|1|A1|G|239","s55","9QF4|1|A1|G|282"
"9QF4|1|A1|A|240","s35","9QF4|1|A1|A|243"
"9QF4|1|A1|A|240","s53","9QF4|1|A1|U|242"
"9QF4|1|A1|A|240","s33","9QF4|1|A1|G|278"
"9QF4|1|A1|U|241","s55","9QF4|1|A1|G|853"
"9QF4|1|A1|U|242","s53","9QF4|1|A1|G|239"
"9QF4|1|A1|U|242","s35","9QF4|1|A1|A|240"
"9QF4|1|A1|A|243","s55","9QF4|1|A1|A|279"
"9QF4|1|A1|A|243","s53","9QF4|1|A1|A|240"
"9QF4|1|A1|A|243","s33","9QF4|1|A1|A|276"
"9QF4|1|A1|A|243","ns55","9QF4|1|A1|G|278"
"9QF4|1|A1|G|244","s35","9QF4|1|A1|G|245"
"9QF4|1|A1|G|244","s55","9QF4|1|A1|G|275"
"9QF4|1|A1|G|245","s55","9QF4|1|A1|4AC|274"
"9QF4|1|A1|G|245","s53","9QF4|1|A1|G|244"
"9QF4|1|A1|G|245","s35","9QF4|1|A1|U|246"
"9QF4|1|A1|U|246","s53","9QF4|1|A1|G|245"
"9QF4|1|A1|U|246","ns35","9QF4|1|A1|A|247"
"9QF4|1|A1|A|247","ns53","9QF4|1|A1|U|246"
"9QF4|1|A1|A|247","ns55","9QF4|1|A1|U|249"
"9QF4|1|A1|A|247","ns53","9QF4|1|A1|A|271"
"9QF4|1|A1|A|247","ns55","9QF4|1|A1|G|272"
"9QF4|1|A1|G|248","s35","9QF4|1|A1|G|263"
"9QF4|1|A1|G|248","s53","9QF4|1|A1|U|250"
"9QF4|1|A1|G|248","s53","9QF4|1|A1|U|249"
"9QF4|1|A1|U|249","s35","9QF4|1|A1|U|250"
"9QF4|1|A1|U|249","s35","9QF4|1|A1|G|248"
"9QF4|1|A1|U|249","ns55","9QF4|1|A1|A|247"
"9QF4|1|A1|U|250","s53","9QF4|1|A1|U|249"
"9QF4|1|A1|U|250","s35","9QF4|1|A1|G|251"
"9QF4|1|A1|U|250","s35","9QF4|1|A1|G|248"
"9QF4|1|A1|U|250","s55","9QF4|1|A1|A|271"
"9QF4|1|A1|G|251","s35","9QF4|1|A1|G|252"
"9QF4|1|A1|G|251","s53","9QF4|1|A1|U|250"
"9QF4|1|A1|G|251","s55","9QF4|1|A1|A|270"
"9QF4|1|A1|G|251","ns35","9QF4|1|A1|G|263"
"9QF4|1|A1|G|252","s35","9QF4|1|A1|U|253"
"9QF4|1|A1|G|252","s55","9QF4|1|A1|C|269"
"9QF4|1|A1|G|252","s53","9QF4|1|A1|G|251"
"9QF4|1|A1|U|253","s53","9QF4|1|A1|G|252"
"9QF4|1|A1|U|253","s35","9QF4|1|A1|G|254"
"9QF4|1|A1|G|254","s55","9QF4|1|A1|A|267"
"9QF4|1|A1|G|254","s53","9QF4|1|A1|U|253"
"9QF4|1|A1|G|254","s35","9QF4|1|A1|G|255"
"9QF4|1|A1|G|255","s53","9QF4|1|A1|G|254"
"9QF4|1|A1|G|255","s35","9QF4|1|A1|G|256"
"9QF4|1|A1|G|255","s55","9QF4|1|A1|C|266"
"9QF4|1|A1|G|256","s53","9QF4|1|A1|G|255"
"9QF4|1|A1|G|256","s55","9QF4|1|A1|C|265"
"9QF4|1|A1|G|256","s35","9QF4|1|A1|G|257"
"9QF4|1|A1|G|257","s55","9QF4|1|A1|C|264"
"9QF4|1|A1|G|257","s53","9QF4|1|A1|G|256"
"9QF4|1|A1|G|257","s35","9QF4|1|A1|U|258"
"9QF4|1|A1|U|258","s53","9QF4|1|A1|G|257"
"9QF4|1|A1|A|259","s35","9QF4|1|A1|A|260"
"9QF4|1|A1|A|260","s35","9QF4|1|A1|C|261"
"9QF4|1|A1|A|260","s53","9QF4|1|A1|A|259"
"9QF4|1|A1|C|261","s35","9QF4|1|A1|G|262"
"9QF4|1|A1|C|261","s53","9QF4|1|A1|A|260"
"9QF4|1|A1|C|261","ns55","9QF4|1|A1|A|115"
"9QF4|1|A1|G|262","s35","9QF4|1|A1|C|264"
"9QF4|1|A1|G|262","s53","9QF4|1|A1|C|261"
"9QF4|1|A1|G|263","ns33","9QF4|1|A1|C|266"
"9QF4|1|A1|G|263","s53","9QF4|1|A1|G|248"
"9QF4|1|A1|G|263","ns53","9QF4|1|A1|G|251"
"9QF4|1|A1|C|264","s53","9QF4|1|A1|G|262"
"9QF4|1|A1|C|264","s55","9QF4|1|A1|G|257"
"9QF4|1|A1|C|264","s35","9QF4|1|A1|C|265"
"9QF4|1|A1|C|265","s55","9QF4|1|A1|G|256"
"9QF4|1|A1|C|265","s53","9QF4|1|A1|C|264"
"9QF4|1|A1|C|265","s35","9QF4|1|A1|C|266"
"9QF4|1|A1|C|266","s53","9QF4|1|A1|C|265"
"9QF4|1|A1|C|266","s35","9QF4|1|A1|A|267"
"9QF4|1|A1|C|266","ns33","9QF4|1|A1|G|263"
"9QF4|1|A1|C|266","s55","9QF4|1|A1|G|255"
"9QF4|1|A1|A|267","s35","9QF4|1|A1|C|268"
"9QF4|1|A1|A|267","s53","9QF4|1|A1|C|266"
"9QF4|1|A1|A|267","s55","9QF4|1|A1|G|254"
"9QF4|1|A1|C|268","s35","9QF4|1|A1|C|269"
"9QF4|1|A1|C|268","s53","9QF4|1|A1|A|267"
"9QF4|1|A1|C|269","s35","9QF4|1|A1|A|270"
"9QF4|1|A1|C|269","s55","9QF4|1|A1|G|252"
"9QF4|1|A1|C|269","s53","9QF4|1|A1|C|268"
"9QF4|1|A1|A|270","s55","9QF4|1|A1|G|251"
"9QF4|1|A1|A|270","s53","9QF4|1|A1|C|269"
"9QF4|1|A1|A|270","s35","9QF4|1|A1|A|271"
"9QF4|1|A1|A|271","s53","9QF4|1|A1|A|270"
"9QF4|1|A1|A|271","ns35","9QF4|1|A1|A|247"
"9QF4|1|A1|A|271","s55","9QF4|1|A1|U|250"
"9QF4|1|A1|G|272","s35","9QF4|1|A1|5MC|273"
"9QF4|1|A1|G|272","ns55","9QF4|1|A1|A|247"
"9QF4|1|A1|5MC|273","s53","9QF4|1|A1|G|272"
"9QF4|1|A1|5MC|273","s35","9QF4|1|A1|4AC|274"
"9QF4|1|A1|4AC|274","s35","9QF4|1|A1|G|275"
"9QF4|1|A1|4AC|274","s53","9QF4|1|A1|5MC|273"
"9QF4|1|A1|4AC|274","s55","9QF4|1|A1|G|245"
"9QF4|1|A1|G|275","s55","9QF4|1|A1|G|244"
"9QF4|1|A1|G|275","s53","9QF4|1|A1|4AC|274"
"9QF4|1|A1|A|276","s33","9QF4|1|A1|A|243"
"9QF4|1|A1|A|276","ns35","9QF4|1|A1|G|278"
"9QF4|1|A1|G|278","ns53","9QF4|1|A1|A|276"
"9QF4|1|A1|G|278","ns55","9QF4|1|A1|A|243"
"9QF4|1|A1|G|278","s33","9QF4|1|A1|A|240"
"9QF4|1|A1|A|279","s55","9QF4|1|A1|A|243"
"9QF4|1|A1|A|279","s35","9QF4|1|A1|U|280"
"9QF4|1|A1|U|280","s35","9QF4|1|A1|C|281"
"9QF4|1|A1|U|280","s53","9QF4|1|A1|A|279"
"9QF4|1|A1|C|281","s53","9QF4|1|A1|U|280"
"9QF4|1|A1|C|281","s35","9QF4|1|A1|G|282"
"9QF4|1|A1|G|282","s55","9QF4|1|A1|G|239"
"9QF4|1|A1|G|282","s53","9QF4|1|A1|C|281"
"9QF4|1|A1|G|282","s35","9QF4|1|A1|G|283"
"9QF4|1|A1|G|283","s55","9QF4|1|A1|LHH|238"
"9QF4|1|A1|G|283","s35","9QF4|1|A1|U|284"
"9QF4|1|A1|G|283","s53","9QF4|1|A1|G|282"
"9QF4|1|A1|U|284","s53","9QF4|1|A1|G|283"
"9QF4|1|A1|U|284","s35","9QF4|1|A1|A|285"
"9QF4|1|A1|A|285","s55","9QF4|1|A1|A|103"
"9QF4|1|A1|A|285","s33","9QF4|1|A1|U|102"
"9QF4|1|A1|A|285","s53","9QF4|1|A1|U|284"
"9QF4|1|A1|C|286","s55","9QF4|1|A1|G|309"
"9QF4|1|A1|C|286","s53","9QF4|1|A1|C|99"
"9QF4|1|A1|G|287","s55","9QF4|1|A1|G|308"
"9QF4|1|A1|G|287","s35","9QF4|1|A1|G|288"
"9QF4|1|A1|G|288","s35","9QF4|1|A1|G|289"
"9QF4|1|A1|G|288","ns33","9QF4|1|A1|G|302"
"9QF4|1|A1|G|288","s53","9QF4|1|A1|G|287"
"9QF4|1|A1|G|288","s55","9QF4|1|A1|4AC|307"
"9QF4|1|A1|G|289","s53","9QF4|1|A1|G|288"
"9QF4|1|A1|G|289","s55","9QF4|1|A1|C|306"
"9QF4|1|A1|G|289","ns35","9QF4|1|A1|A|563"
"9QF4|1|A1|C|290","s35","9QF4|1|A1|4AC|291"
"9QF4|1|A1|C|290","s55","9QF4|1|A1|G|302"
"9QF4|1|A1|4AC|291","s55","9QF4|1|A1|G|301"
"9QF4|1|A1|4AC|291","ns35","9QF4|1|A1|G|292"
"9QF4|1|A1|4AC|291","s53","9QF4|1|A1|C|290"
"9QF4|1|A1|G|292","ns53","9QF4|1|A1|4AC|291"
"9QF4|1|A1|G|292","s35","9QF4|1|A1|U|293"
"9QF4|1|A1|G|292","s55","9QF4|1|A1|G|300"
"9QF4|1|A1|U|293","s35","9QF4|1|A1|G|294"
"9QF4|1|A1|U|293","s53","9QF4|1|A1|G|292"
"9QF4|1|A1|G|294","s55","9QF4|1|A1|G|298"
"9QF4|1|A1|G|294","s53","9QF4|1|A1|U|293"
"9QF4|1|A1|G|294","ns33","9QF4|1|A1|G|296"
"9QF4|1|A1|A|295","s35","9QF4|1|A1|G|296"
"9QF4|1|A1|A|295","s55","9QF4|1|A1|U|2"
"9QF4|1|A1|G|296","s53","9QF4|1|A1|A|295"
"9QF4|1|A1|G|296","ns33","9QF4|1|A1|G|294"
"9QF4|1|A1|G|296","s35","9QF4|1|A1|A|297"
"9QF4|1|A1|A|297","s53","9QF4|1|A1|G|296"
"9QF4|1|A1|A|297","ns35","9QF4|1|A1|G|298"
"9QF4|1|A1|A|297","ns53","9QF4|1|A1|G|520"
"9QF4|1|A1|G|298","s55","9QF4|1|A1|G|294"
"9QF4|1|A1|G|298","s35","9QF4|1|A1|C|299"
"9QF4|1|A1|G|298","ns53","9QF4|1|A1|A|297"
"9QF4|1|A1|C|299","s53","9QF4|1|A1|G|298"
"9QF4|1|A1|C|299","s35","9QF4|1|A1|G|300"
"9QF4|1|A1|G|300","s53","9QF4|1|A1|C|299"
"9QF4|1|A1|G|300","s55","9QF4|1|A1|G|292"
"9QF4|1|A1|G|300","s35","9QF4|1|A1|G|301"
"9QF4|1|A1|G|301","s55","9QF4|1|A1|4AC|291"
"9QF4|1|A1|G|301","s35","9QF4|1|A1|G|302"
"9QF4|1|A1|G|301","s53","9QF4|1|A1|G|300"
"9QF4|1|A1|G|302","s55","9QF4|1|A1|C|290"
"9QF4|1|A1|G|302","ns33","9QF4|1|A1|G|288"
"9QF4|1|A1|G|302","s53","9QF4|1|A1|G|301"
"9QF4|1|A1|A|303","s55","9QF4|1|A1|A|43"
"9QF4|1|A1|A|303","s33","9QF4|1|A1|G|304"
"9QF4|1|A1|G|304","s33","9QF4|1|A1|A|303"
"9QF4|1|A1|C|305","s35","9QF4|1|A1|C|306"
"9QF4|1|A1|C|306","s55","9QF4|1|A1|G|289"
"9QF4|1|A1|C|306","s35","9QF4|1|A1|4AC|307"
"9QF4|1|A1|C|306","s53","9QF4|1|A1|C|305"
"9QF4|1|A1|4AC|307","s55","9QF4|1|A1|G|288"
"9QF4|1|A1|4AC|307","s35","9QF4|1|A1|G|308"
"9QF4|1|A1|4AC|307","s53","9QF4|1|A1|C|306"
"9QF4|1|A1|G|308","s53","9QF4|1|A1|4AC|307"
"9QF4|1|A1|G|308","s35","9QF4|1|A1|G|309"
"9QF4|1|A1|G|308","s55","9QF4|1|A1|G|287"
"9QF4|1|A1|G|309","s53","9QF4|1|A1|G|308"
"9QF4|1|A1|G|309","s55","9QF4|1|A1|C|286"
"9QF4|1|A1|G|309","s35","9QF4|1|A1|A|310"
"9QF4|1|A1|A|310","s35","9QF4|1|A1|G|311"
"9QF4|1|A1|A|310","ns55","9QF4|1|A1|C|99"
"9QF4|1|A1|A|310","s53","9QF4|1|A1|G|309"
"9QF4|1|A1|G|311","s53","9QF4|1|A1|A|310"
"9QF4|1|A1|G|311","s55","9QF4|1|A1|U|98"
"9QF4|1|A1|G|311","s35","9QF4|1|A1|A|312"
"9QF4|1|A1|G|311","ns55","9QF4|1|A1|A|47"
"9QF4|1|A1|A|312","s35","9QF4|1|A1|C|327"
"9QF4|1|A1|A|312","ns53","9QF4|1|A1|A|350"
"9QF4|1|A1|A|312","s53","9QF4|1|A1|G|311"
"9QF4|1|A1|U|313","s55","9QF4|1|A1|G|335"
"9QF4|1|A1|U|313","s55","9QF4|1|A1|G|348"
"9QF4|1|A1|G|314","s35","9QF4|1|A1|G|315"
"9QF4|1|A1|G|314","s55","9QF4|1|A1|A|334"
"9QF4|1|A1|G|315","s55","9QF4|1|A1|C|333"
"9QF4|1|A1|G|315","s35","9QF4|1|A1|A|316"
"9QF4|1|A1|G|315","s53","9QF4|1|A1|G|314"
"9QF4|1|A1|A|316","ns55","9QF4|1|A1|C|332"
"9QF4|1|A1|A|316","s53","9QF4|1|A1|G|315"
"9QF4|1|A1|A|316","s35","9QF4|1|A1|C|317"
"9QF4|1|A1|C|317","s53","9QF4|1|A1|A|316"
"9QF4|1|A1|C|317","s35","9QF4|1|A1|A|318"
"9QF4|1|A1|A|318","s55","9QF4|1|A1|G|330"
"9QF4|1|A1|A|318","s53","9QF4|1|A1|C|317"
"9QF4|1|A1|A|318","s35","9QF4|1|A1|C|319"
"9QF4|1|A1|A|318","s33","9QF4|1|A1|C|325"
"9QF4|1|A1|C|319","s53","9QF4|1|A1|A|318"
"9QF4|1|A1|C|319","s35","9QF4|1|A1|U|320"
"9QF4|1|A1|C|319","ns55","9QF4|1|A1|OMG|329"
"9QF4|1|A1|U|320","s35","9QF4|1|A1|G|321"
"9QF4|1|A1|U|320","s53","9QF4|1|A1|C|319"
"9QF4|1|A1|G|321","s53","9QF4|1|A1|U|320"
"9QF4|1|A1|G|321","ns33","9QF4|1|A1|G|323"
"9QF4|1|A1|G|321","s55","9QF4|1|A1|A|324"
"9QF4|1|A1|A|322","s35","9QF4|1|A1|G|323"
"9QF4|1|A1|A|322","s55","9QF4|1|A1|A|119"
"9QF4|1|A1|G|323","s53","9QF4|1|A1|A|322"
"9QF4|1|A1|G|323","s35","9QF4|1|A1|A|93"
"9QF4|1|A1|G|323","ns33","9QF4|1|A1|G|321"
"9QF4|1|A1|A|324","s35","9QF4|1|A1|A|326"
"9QF4|1|A1|A|324","s53","9QF4|1|A1|A|93"
"9QF4|1|A1|A|324","s55","9QF4|1|A1|G|321"
"9QF4|1|A1|C|325","s33","9QF4|1|A1|A|318"
"9QF4|1|A1|A|326","s35","9QF4|1|A1|OMG|329"
"9QF4|1|A1|A|326","s53","9QF4|1|A1|A|324"
"9QF4|1|A1|C|327","s55","9QF4|1|A1|G|96"
"9QF4|1|A1|C|327","ns35","9QF4|1|A1|G|328"
"9QF4|1|A1|C|327","s53","9QF4|1|A1|A|312"
"9QF4|1|A1|G|328","s53","9QF4|1|A1|G|55"
"9QF4|1|A1|G|328","ns53","9QF4|1|A1|C|327"
"9QF4|1|A1|OMG|329","s35","9QF4|1|A1|G|330"
"9QF4|1|A1|OMG|329","ns55","9QF4|1|A1|C|319"
"9QF4|1|A1|OMG|329","s53","9QF4|1|A1|A|326"
"9QF4|1|A1|G|330","s53","9QF4|1|A1|OMG|329"
"9QF4|1|A1|G|330","s35","9QF4|1|A1|U|331"
"9QF4|1|A1|G|330","s55","9QF4|1|A1|A|318"
"9QF4|1|A1|U|331","s53","9QF4|1|A1|G|330"
"9QF4|1|A1|U|331","s35","9QF4|1|A1|C|332"
"9QF4|1|A1|C|332","ns55","9QF4|1|A1|A|316"
"9QF4|1|A1|C|332","s35","9QF4|1|A1|C|333"
"9QF4|1|A1|C|332","s53","9QF4|1|A1|U|331"
"9QF4|1|A1|C|333","s55","9QF4|1|A1|G|315"
"9QF4|1|A1|C|333","s35","9QF4|1|A1|A|334"
"9QF4|1|A1|C|333","s53","9QF4|1|A1|C|332"
"9QF4|1|A1|A|334","s35","9QF4|1|A1|G|335"
"9QF4|1|A1|A|334","s53","9QF4|1|A1|C|333"
"9QF4|1|A1|A|334","s55","9QF4|1|A1|G|314"
"9QF4|1|A1|G|335","s53","9QF4|1|A1|A|334"
"9QF4|1|A1|G|335","s35","9QF4|1|A1|G|336"
"9QF4|1|A1|G|335","s55","9QF4|1|A1|U|313"
"9QF4|1|A1|G|336","s53","9QF4|1|A1|G|335"
"9QF4|1|A1|G|336","s35","9QF4|1|A1|C|337"
"9QF4|1|A1|G|336","s53","9QF4|1|A1|G|348"
"9QF4|1|A1|C|337","s35","9QF4|1|A1|C|338"
"9QF4|1|A1|C|337","s53","9QF4|1|A1|G|336"
"9QF4|1|A1|C|338","s55","9QF4|1|A1|G|346"
"9QF4|1|A1|C|338","s53","9QF4|1|A1|C|337"
"9QF4|1|A1|C|338","s35","9QF4|1|A1|C|339"
"9QF4|1|A1|C|339","s55","9QF4|1|A1|G|345"
"9QF4|1|A1|C|339","s53","9QF4|1|A1|C|338"
"9QF4|1|A1|C|339","s35","9QF4|1|A1|U|340"
"9QF4|1|A1|U|340","s35","9QF4|1|A1|C|342"
"9QF4|1|A1|U|340","s53","9QF4|1|A1|C|339"
"9QF4|1|A1|U|340","s55","9QF4|1|A1|G|344"
"9QF4|1|A1|A|341","ns35","9QF4|1|A1|A|145"
"9QF4|1|A1|C|342","ns53","9QF4|1|A1|G|343"
"9QF4|1|A1|C|342","s53","9QF4|1|A1|U|340"
"9QF4|1|A1|G|343","s55","9QF4|1|A1|G|344"
"9QF4|1|A1|G|343","s55","9QF4|1|A1|A|145"
"9QF4|1|A1|G|343","ns35","9QF4|1|A1|C|342"
"9QF4|1|A1|G|344","s55","9QF4|1|A1|G|343"
"9QF4|1|A1|G|344","ns35","9QF4|1|A1|G|345"
"9QF4|1|A1|G|344","s55","9QF4|1|A1|U|340"
"9QF4|1|A1|G|345","s55","9QF4|1|A1|C|339"
"9QF4|1|A1|G|345","s35","9QF4|1|A1|G|346"
"9QF4|1|A1|G|345","ns53","9QF4|1|A1|G|344"
"9QF4|1|A1|G|346","s55","9QF4|1|A1|C|338"
"9QF4|1|A1|G|346","s35","9QF4|1|A1|C|347"
"9QF4|1|A1|G|346","s53","9QF4|1|A1|G|345"
"9QF4|1|A1|C|347","s53","9QF4|1|A1|G|346"
"9QF4|1|A1|C|347","s33","9QF4|1|A1|G|348"
"9QF4|1|A1|G|348","s55","9QF4|1|A1|U|313"
"9QF4|1|A1|G|348","s35","9QF4|1|A1|G|336"
"9QF4|1|A1|G|348","s33","9QF4|1|A1|C|347"
"9QF4|1|A1|C|349","s33","9QF4|1|A1|C|50"
"9QF4|1|A1|A|350","s55","9QF4|1|A1|A|47"
"9QF4|1|A1|A|350","ns35","9QF4|1|A1|A|312"
"9QF4|1|A1|G|351","s35","9QF4|1|A1|C|352"
"9QF4|1|A1|G|351","s55","9QF4|1|A1|G|55"
"9QF4|1|A1|C|352","s35","9QF4|1|A1|A|353"
"9QF4|1|A1|C|352","s53","9QF4|1|A1|G|351"
"9QF4|1|A1|A|353","s53","9QF4|1|A1|C|352"
"9QF4|1|A1|A|353","s55","9QF4|1|A1|G|53"
"9QF4|1|A1|A|353","s35","9QF4|1|A1|G|354"
"9QF4|1|A1|G|354","s35","9QF4|1|A1|G|355"
"9QF4|1|A1|G|354","ns55","9QF4|1|A1|U|52"
"9QF4|1|A1|G|354","s53","9QF4|1|A1|A|353"
"9QF4|1|A1|G|355","s53","9QF4|1|A1|G|354"
"9QF4|1|A1|G|355","s35","9QF4|1|A1|C|356"
"9QF4|1|A1|G|355","s55","9QF4|1|A1|C|50"
"9QF4|1|A1|C|356","s53","9QF4|1|A1|G|355"
"9QF4|1|A1|C|356","s35","9QF4|1|A1|G|357"
"9QF4|1|A1|G|357","s35","9QF4|1|A1|C|358"
"9QF4|1|A1|G|357","s55","9QF4|1|A1|G|48"
"9QF4|1|A1|G|357","s53","9QF4|1|A1|C|356"
"9QF4|1|A1|G|357","ns33","9QF4|1|A1|G|42"
"9QF4|1|A1|C|358","s35","9QF4|1|A1|G|359"
"9QF4|1|A1|C|358","s53","9QF4|1|A1|G|357"
"9QF4|1|A1|G|359","s33","9QF4|1|A1|A2M|361"
"9QF4|1|A1|G|359","s53","9QF4|1|A1|C|358"
"9QF4|1|A1|G|359","s55","9QF4|1|A1|G|42"
"9QF4|1|A1|A|360","s35","9QF4|1|A1|A2M|361"
"9QF4|1|A1|A2M|361","s33","9QF4|1|A1|G|359"
"9QF4|1|A1|A2M|361","s53","9QF4|1|A1|A|360"
"9QF4|1|A1|A2M|361","s35","9QF4|1|A1|U|45"
"9QF4|1|A1|A|362","ns35","9QF4|1|A1|G|42"
"9QF4|1|A1|C|363","s55","9QF4|1|A1|G|392"
"9QF4|1|A1|C|363","s53","9QF4|1|A1|4AC|41"
"9QF4|1|A1|C|364","s35","9QF4|1|A1|C|366"
"9QF4|1|A1|C|364","s55","9QF4|1|A1|G|391"
"9QF4|1|A1|C|366","s53","9QF4|1|A1|C|364"
"9QF4|1|A1|C|366","s55","9QF4|1|A1|G|390"
"9QF4|1|A1|C|366","s35","9QF4|1|A1|4AC|367"
"9QF4|1|A1|4AC|367","s53","9QF4|1|A1|C|366"
"9QF4|1|A1|4AC|367","s55","9QF4|1|A1|G|389"
"9QF4|1|A1|4AC|367","s35","9QF4|1|A1|G|368"
"9QF4|1|A1|G|368","s55","9QF4|1|A1|G|388"
"9QF4|1|A1|G|368","s53","9QF4|1|A1|4AC|367"
"9QF4|1|A1|G|368","s35","9QF4|1|A1|C|369"
"9QF4|1|A1|C|369","ns55","9QF4|1|A1|C|387"
"9QF4|1|A1|C|369","s53","9QF4|1|A1|G|368"
"9QF4|1|A1|C|369","s33","9QF4|1|A1|C|384"
"9QF4|1|A1|A|370","s35","9QF4|1|A1|A|371"
"9QF4|1|A1|A|370","ns55","9QF4|1|A1|A|435"
"9QF4|1|A1|A|371","s35","9QF4|1|A1|U|372"
"9QF4|1|A1|A|371","s53","9QF4|1|A1|A|370"
"9QF4|1|A1|U|372","s35","9QF4|1|A1|G|373"
"9QF4|1|A1|U|372","s53","9QF4|1|A1|A|371"
"9QF4|1|A1|G|373","s35","9QF4|1|A1|C|374"
"9QF4|1|A1|G|373","s55","9QF4|1|A1|A|386"
"9QF4|1|A1|G|373","s53","9QF4|1|A1|U|372"
"9QF4|1|A1|C|374","s53","9QF4|1|A1|G|373"
"9QF4|1|A1|G|375","s55","9QF4|1|A1|G|383"
"9QF4|1|A1|G|375","s35","9QF4|1|A1|G|376"
"9QF4|1|A1|G|376","s35","9QF4|1|A1|G|377"
"9QF4|1|A1|G|376","s55","9QF4|1|A1|4AC|382"
"9QF4|1|A1|G|376","s53","9QF4|1|A1|G|375"
"9QF4|1|A1|G|377","s55","9QF4|1|A1|C|381"
"9QF4|1|A1|G|377","ns33","9QF4|1|A1|A|379"
"9QF4|1|A1|G|377","s53","9QF4|1|A1|G|376"
"9QF4|1|A1|A|378","s53","9QF4|1|A1|A|61"
"9QF4|1|A1|A|378","s35","9QF4|1|A1|A|379"
"9QF4|1|A1|A|379","s35","9QF4|1|A1|A|380"
"9QF4|1|A1|A|379","s53","9QF4|1|A1|A|378"
"9QF4|1|A1|A|379","ns33","9QF4|1|A1|G|377"
"9QF4|1|A1|A|380","s53","9QF4|1|A1|A|379"
"9QF4|1|A1|A|380","ns35","9QF4|1|A1|C|381"
"9QF4|1|A1|C|381","s35","9QF4|1|A1|4AC|382"
"9QF4|1|A1|C|381","ns53","9QF4|1|A1|A|380"
"9QF4|1|A1|C|381","s55","9QF4|1|A1|G|377"
"9QF4|1|A1|4AC|382","s55","9QF4|1|A1|G|376"
"9QF4|1|A1|4AC|382","s53","9QF4|1|A1|C|381"
"9QF4|1|A1|4AC|382","s35","9QF4|1|A1|G|383"
"9QF4|1|A1|G|383","s55","9QF4|1|A1|G|375"
"9QF4|1|A1|G|383","s35","9QF4|1|A1|C|384"
"9QF4|1|A1|G|383","s53","9QF4|1|A1|4AC|382"
"9QF4|1|A1|C|384","s33","9QF4|1|A1|C|369"
"9QF4|1|A1|C|384","s53","9QF4|1|A1|G|383"
"9QF4|1|A1|C|384","ns35","9QF4|1|A1|A|386"
"9QF4|1|A1|A|386","s55","9QF4|1|A1|G|373"
"9QF4|1|A1|A|386","s35","9QF4|1|A1|C|387"
"9QF4|1|A1|A|386","ns53","9QF4|1|A1|C|384"
"9QF4|1|A1|C|387","ns55","9QF4|1|A1|C|369"
"9QF4|1|A1|C|387","s35","9QF4|1|A1|G|388"
"9QF4|1|A1|C|387","s53","9QF4|1|A1|A|386"
"9QF4|1|A1|G|388","s55","9QF4|1|A1|G|368"
"9QF4|1|A1|G|388","s53","9QF4|1|A1|C|387"
"9QF4|1|A1|G|388","s35","9QF4|1|A1|G|389"
"9QF4|1|A1|G|389","s53","9QF4|1|A1|G|388"
"9QF4|1|A1|G|389","s35","9QF4|1|A1|G|390"
"9QF4|1|A1|G|389","s55","9QF4|1|A1|4AC|367"
"9QF4|1|A1|G|390","s35","9QF4|1|A1|G|391"
"9QF4|1|A1|G|390","s55","9QF4|1|A1|C|366"
"9QF4|1|A1|G|390","s53","9QF4|1|A1|G|389"
"9QF4|1|A1|G|391","s53","9QF4|1|A1|G|390"
"9QF4|1|A1|G|391","s55","9QF4|1|A1|C|364"
"9QF4|1|A1|G|391","s35","9QF4|1|A1|G|392"
"9QF4|1|A1|G|392","s55","9QF4|1|A1|C|363"
"9QF4|1|A1|G|392","s35","9QF4|1|A1|G|393"
"9QF4|1|A1|G|392","s53","9QF4|1|A1|G|391"
"9QF4|1|A1|G|393","s53","9QF4|1|A1|G|392"
"9QF4|1|A1|G|393","s55","9QF4|1|A1|4AC|41"
"9QF4|1|A1|G|393","s35","9QF4|1|A1|C|395"
"9QF4|1|A1|A|394","s55","9QF4|1|A1|A|32"
"9QF4|1|A1|A|394","s35","9QF4|1|A1|G|502"
"9QF4|1|A1|C|395","s53","9QF4|1|A1|G|393"
"9QF4|1|A1|C|395","s35","9QF4|1|A1|C|396"
"9QF4|1|A1|C|395","s55","9QF4|1|A1|C|40"
"9QF4|1|A1|C|396","s53","9QF4|1|A1|C|395"
"9QF4|1|A1|C|396","s35","9QF4|1|A1|C|397"
"9QF4|1|A1|C|396","s55","9QF4|1|A1|G|38"
"9QF4|1|A1|C|397","s55","9QF4|1|A1|G|37"
"9QF4|1|A1|C|397","s35","9QF4|1|A1|C|398"
"9QF4|1|A1|C|397","s53","9QF4|1|A1|C|396"
"9QF4|1|A1|C|398","s55","9QF4|1|A1|G|36"
"9QF4|1|A1|C|398","s35","9QF4|1|A1|C|399"
"9QF4|1|A1|C|398","s53","9QF4|1|A1|C|397"
"9QF4|1|A1|C|399","ns35","9QF4|1|A1|A|400"
"9QF4|1|A1|C|399","s53","9QF4|1|A1|C|398"
"9QF4|1|A1|C|399","s55","9QF4|1|A1|G|35"
"9QF4|1|A1|A|400","s55","9QF4|1|A1|G|34"
"9QF4|1|A1|A|400","ns53","9QF4|1|A1|C|399"
"9QF4|1|A1|A|400","s35","9QF4|1|A1|G|401"
"9QF4|1|A1|G|401","s35","9QF4|1|A1|U|402"
"9QF4|1|A1|G|401","s55","9QF4|1|A1|U|33"
"9QF4|1|A1|G|401","s53","9QF4|1|A1|A|400"
"9QF4|1|A1|U|402","s53","9QF4|1|A1|G|401"
"9QF4|1|A1|G|403","s53","9QF4|1|A1|A|448"
"9QF4|1|A1|G|403","s35","9QF4|1|A1|C|404"
"9QF4|1|A1|G|403","s55","9QF4|1|A1|U|422"
"9QF4|1|A1|C|404","s35","9QF4|1|A1|4AC|405"
"9QF4|1|A1|C|404","s53","9QF4|1|A1|G|403"
"9QF4|1|A1|4AC|405","ns35","9QF4|1|A1|G|406"
"9QF4|1|A1|4AC|405","s53","9QF4|1|A1|C|404"
"9QF4|1|A1|4AC|405","s55","9QF4|1|A1|G|420"
"9QF4|1|A1|G|406","s35","9QF4|1|A1|U|407"
"9QF4|1|A1|G|406","s55","9QF4|1|A1|G|419"
"9QF4|1|A1|G|406","ns53","9QF4|1|A1|4AC|405"
"9QF4|1|A1|U|407","s53","9QF4|1|A1|G|406"
"9QF4|1|A1|U|407","s35","9QF4|1|A1|G|408"
"9QF4|1|A1|G|408","s55","9QF4|1|A1|A|417"
"9QF4|1|A1|G|408","s53","9QF4|1|A1|U|407"
"9QF4|1|A1|G|408","s35","9QF4|1|A1|C|409"
"9QF4|1|A1|C|409","s53","9QF4|1|A1|G|408"
"9QF4|1|A1|C|409","s35","9QF4|1|A1|C|410"
"9QF4|1|A1|C|410","s53","9QF4|1|A1|C|409"
"9QF4|1|A1|C|410","s35","9QF4|1|A1|C|412"
"9QF4|1|A1|C|410","s55","9QF4|1|A1|G|415"
"9QF4|1|A1|C|412","s53","9QF4|1|A1|C|410"
"9QF4|1|A1|C|412","ns55","9QF4|1|A1|G|414"
"9QF4|1|A1|G|414","s35","9QF4|1|A1|G|415"
"9QF4|1|A1|G|414","ns55","9QF4|1|A1|C|412"
"9QF4|1|A1|G|415","s55","9QF4|1|A1|C|410"
"9QF4|1|A1|G|415","s35","9QF4|1|A1|C|416"
"9QF4|1|A1|G|415","s53","9QF4|1|A1|G|414"
"9QF4|1|A1|C|416","s35","9QF4|1|A1|A|417"
"9QF4|1|A1|C|416","s53","9QF4|1|A1|G|415"
"9QF4|1|A1|A|417","s55","9QF4|1|A1|G|408"
"9QF4|1|A1|A|417","s53","9QF4|1|A1|C|416"
"9QF4|1|A1|A|417","s35","9QF4|1|A1|C|418"
"9QF4|1|A1|C|418","s53","9QF4|1|A1|A|417"
"9QF4|1|A1|C|418","s35","9QF4|1|A1|G|419"
"9QF4|1|A1|G|419","s53","9QF4|1|A1|C|418"
"9QF4|1|A1|G|419","s55","9QF4|1|A1|G|406"
"9QF4|1|A1|G|419","s35","9QF4|1|A1|G|420"
"9QF4|1|A1|G|420","s55","9QF4|1|A1|4AC|405"
"9QF4|1|A1|G|420","s53","9QF4|1|A1|G|419"
"9QF4|1|A1|G|420","s35","9QF4|1|A1|C|421"
"9QF4|1|A1|C|421","s53","9QF4|1|A1|G|420"
"9QF4|1|A1|C|421","s35","9QF4|1|A1|U|422"
"9QF4|1|A1|U|422","ns35","9QF4|1|A1|U|423"
"9QF4|1|A1|U|422","s55","9QF4|1|A1|G|403"
"9QF4|1|A1|U|422","s53","9QF4|1|A1|C|421"
"9QF4|1|A1|U|423","s33","9QF4|1|A1|G|447"
"9QF4|1|A1|U|423","ns53","9QF4|1|A1|U|422"
"9QF4|1|A1|U|424","s35","9QF4|1|A1|OMU|425"
"9QF4|1|A1|OMU|425","s53","9QF4|1|A1|U|424"
"9QF4|1|A1|OMU|425","ns55","9QF4|1|A1|A|451"
"9QF4|1|A1|OMU|425","ns55","9QF4|1|A1|A|449"
"9QF4|1|A1|OMU|425","s35","9QF4|1|A1|OMC|426"
"9QF4|1|A1|OMC|426","s53","9QF4|1|A1|OMU|425"
"9QF4|1|A1|OMC|426","s55","9QF4|1|A1|U|450"
"9QF4|1|A1|OMC|426","s35","9QF4|1|A1|4AC|427"
"9QF4|1|A1|OMC|426","ns55","9QF4|1|A1|G|447"
"9QF4|1|A1|4AC|427","s53","9QF4|1|A1|OMC|426"
"9QF4|1|A1|4AC|427","s55","9QF4|1|A1|G|446"
"9QF4|1|A1|4AC|427","s35","9QF4|1|A1|G|428"
"9QF4|1|A1|G|428","s35","9QF4|1|A1|G|429"
"9QF4|1|A1|G|428","s55","9QF4|1|A1|G|445"
"9QF4|1|A1|G|428","s53","9QF4|1|A1|4AC|427"
"9QF4|1|A1|G|429","s35","9QF4|1|A1|A|430"
"9QF4|1|A1|G|429","s55","9QF4|1|A1|4AC|444"
"9QF4|1|A1|G|429","s53","9QF4|1|A1|G|428"
"9QF4|1|A1|A|430","s35","9QF4|1|A1|G|431"
"9QF4|1|A1|A|430","s55","9QF4|1|A1|C|443"
"9QF4|1|A1|A|430","s53","9QF4|1|A1|G|429"
"9QF4|1|A1|G|431","s55","9QF4|1|A1|U|442"
"9QF4|1|A1|G|431","s53","9QF4|1|A1|A|430"
"9QF4|1|A1|G|431","s35","9QF4|1|A1|U|432"
"9QF4|1|A1|U|432","s53","9QF4|1|A1|G|431"
"9QF4|1|A1|U|432","s35","9QF4|1|A1|G|433"
"9QF4|1|A1|G|433","s53","9QF4|1|A1|U|432"
"9QF4|1|A1|G|433","ns55","9QF4|1|A1|G|440"
"9QF4|1|A1|G|433","ns35","9QF4|1|A1|U|434"
"9QF4|1|A1|U|434","ns53","9QF4|1|A1|G|433"
"9QF4|1|A1|A|435","s35","9QF4|1|A1|A|436"
"9QF4|1|A1|A|435","ns55","9QF4|1|A1|A|370"
"9QF4|1|A1|A|436","s35","9QF4|1|A1|A|437"
"9QF4|1|A1|A|436","s53","9QF4|1|A1|A|435"
"9QF4|1|A1|A|437","s53","9QF4|1|A1|A|436"
"9QF4|1|A1|A|437","s35","9QF4|1|A1|A|438"
"9QF4|1|A1|A|438","s53","9QF4|1|A1|A|437"
"9QF4|1|A1|A|438","s35","9QF4|1|A1|A|439"
"9QF4|1|A1|A|439","s53","9QF4|1|A1|A|438"
"9QF4|1|A1|A|439","s35","9QF4|1|A1|G|440"
"9QF4|1|A1|G|440","s53","9QF4|1|A1|A|439"
"9QF4|1|A1|G|440","s35","9QF4|1|A1|C|441"
"9QF4|1|A1|G|440","ns55","9QF4|1|A1|G|433"
"9QF4|1|A1|C|441","s35","9QF4|1|A1|U|442"
"9QF4|1|A1|C|441","s53","9QF4|1|A1|G|440"
"9QF4|1|A1|U|442","s55","9QF4|1|A1|G|431"
"9QF4|1|A1|U|442","s53","9QF4|1|A1|C|441"
"9QF4|1|A1|U|442","s35","9QF4|1|A1|C|443"
"9QF4|1|A1|C|443","s53","9QF4|1|A1|U|442"
"9QF4|1|A1|C|443","s55","9QF4|1|A1|A|430"
"9QF4|1|A1|C|443","s35","9QF4|1|A1|4AC|444"
"9QF4|1|A1|4AC|444","ns35","9QF4|1|A1|G|445"
"9QF4|1|A1|4AC|444","s55","9QF4|1|A1|G|429"
"9QF4|1|A1|4AC|444","s53","9QF4|1|A1|C|443"
"9QF4|1|A1|G|445","s35","9QF4|1|A1|G|446"
"9QF4|1|A1|G|445","s55","9QF4|1|A1|G|428"
"9QF4|1|A1|G|445","ns53","9QF4|1|A1|4AC|444"
"9QF4|1|A1|G|446","s35","9QF4|1|A1|G|447"
"9QF4|1|A1|G|446","s53","9QF4|1|A1|G|445"
"9QF4|1|A1|G|446","s55","9QF4|1|A1|4AC|427"
"9QF4|1|A1|G|447","s33","9QF4|1|A1|U|423"
"9QF4|1|A1|G|447","s53","9QF4|1|A1|G|446"
"9QF4|1|A1|G|447","ns55","9QF4|1|A1|OMC|426"
"9QF4|1|A1|A|448","s53","9QF4|1|A1|A|449"
"9QF4|1|A1|A|448","s35","9QF4|1|A1|G|403"
"9QF4|1|A1|A|449","ns55","9QF4|1|A1|OMU|425"
"9QF4|1|A1|A|449","s35","9QF4|1|A1|A|448"
"9QF4|1|A1|A|449","s53","9QF4|1|A1|U|450"
"9QF4|1|A1|U|450","ns35","9QF4|1|A1|A|451"
"9QF4|1|A1|U|450","s55","9QF4|1|A1|OMC|426"
"9QF4|1|A1|U|450","s35","9QF4|1|A1|A|449"
"9QF4|1|A1|A|451","ns53","9QF4|1|A1|U|450"
"9QF4|1|A1|A|451","ns55","9QF4|1|A1|OMU|425"
"9QF4|1|A1|A|452","s55","9QF4|1|A1|A|501"
"9QF4|1|A1|G|453","s35","9QF4|1|A1|G|454"
"9QF4|1|A1|G|453","s55","9QF4|1|A1|G|500"
"9QF4|1|A1|G|454","s53","9QF4|1|A1|G|453"
"9QF4|1|A1|G|454","s35","9QF4|1|A1|OMG|455"
"9QF4|1|A1|G|454","s55","9QF4|1|A1|4AC|499"
"9QF4|1|A1|OMG|455","s35","9QF4|1|A1|C|456"
"9QF4|1|A1|OMG|455","s55","9QF4|1|A1|C|498"
"9QF4|1|A1|OMG|455","s53","9QF4|1|A1|G|454"
"9QF4|1|A1|C|456","s53","9QF4|1|A1|OMG|455"
"9QF4|1|A1|C|456","s35","9QF4|1|A1|U|457"
"9QF4|1|A1|U|457","s53","9QF4|1|A1|C|456"
"9QF4|1|A1|U|457","s55","9QF4|1|A1|G|496"
"9QF4|1|A1|G|458","s35","9QF4|1|A1|OMG|459"
"9QF4|1|A1|G|458","s55","9QF4|1|A1|A|489"
"9QF4|1|A1|OMG|459","s35","9QF4|1|A1|G|460"
"9QF4|1|A1|OMG|459","ns55","9QF4|1|A1|C|480"
"9QF4|1|A1|OMG|459","s53","9QF4|1|A1|G|458"
"9QF4|1|A1|G|460","ns55","9QF4|1|A1|C|479"
"9QF4|1|A1|G|460","s53","9QF4|1|A1|OMG|459"
"9QF4|1|A1|G|460","s33","9QF4|1|A1|C|461"
"9QF4|1|A1|C|461","s33","9QF4|1|A1|G|460"
"9QF4|1|A1|A|462","s35","9QF4|1|A1|A|463"
"9QF4|1|A1|A|463","s53","9QF4|1|A1|A|462"
"9QF4|1|A1|OMG|464","s55","9QF4|1|A1|G|495"
"9QF4|1|A1|OMG|464","s35","9QF4|1|A1|5MC|466"
"9QF4|1|A1|G|465","s55","9QF4|1|A1|OMU|488"
"9QF4|1|A1|5MC|466","s53","9QF4|1|A1|OMG|464"
"9QF4|1|A1|5MC|466","s35","9QF4|1|A1|4AC|467"
"9QF4|1|A1|4AC|467","s55","9QF4|1|A1|G|493"
"9QF4|1|A1|4AC|467","s53","9QF4|1|A1|5MC|466"
"9QF4|1|A1|4AC|467","ns35","9QF4|1|A1|G|468"
"9QF4|1|A1|G|468","s55","9QF4|1|A1|G|492"
"9QF4|1|A1|G|468","ns53","9QF4|1|A1|4AC|467"
"9QF4|1|A1|G|468","s35","9QF4|1|A1|G|469"
"9QF4|1|A1|G|469","s53","9QF4|1|A1|G|468"
"9QF4|1|A1|G|469","s35","9QF4|1|A1|U|470"
"9QF4|1|A1|G|469","s55","9QF4|1|A1|C|491"
"9QF4|1|A1|U|470","s35","9QF4|1|A1|G|471"
"9QF4|1|A1|U|470","s53","9QF4|1|A1|G|469"
"9QF4|1|A1|G|471","s53","9QF4|1|A1|U|470"
"9QF4|1|A1|G|471","ns55","9QF4|1|A1|A|487"
"9QF4|1|A1|G|471","ns35","9QF4|1|A1|U|485"
"9QF4|1|A1|G|472","s53","9QF4|1|A1|G|483"
"9QF4|1|A1|G|472","s35","9QF4|1|A1|G|484"
"9QF4|1|A1|5MC|473","s35","9QF4|1|A1|A|474"
"9QF4|1|A1|A|474","s35","9QF4|1|A1|G|475"
"9QF4|1|A1|A|474","s53","9QF4|1|A1|5MC|473"
"9QF4|1|A1|G|475","s55","9QF4|1|A1|G|483"
"9QF4|1|A1|G|475","s53","9QF4|1|A1|A|474"
"9QF4|1|A1|G|475","s35","9QF4|1|A1|C|476"
"9QF4|1|A1|C|476","s53","9QF4|1|A1|G|475"
"9QF4|1|A1|C|476","s35","9QF4|1|A1|C|477"
"9QF4|1|A1|C|477","s53","9QF4|1|A1|C|476"
"9QF4|1|A1|G|478","ns55","9QF4|1|A1|C|479"
"9QF4|1|A1|C|479","ns55","9QF4|1|A1|G|478"
"9QF4|1|A1|C|479","s35","9QF4|1|A1|C|480"
"9QF4|1|A1|C|479","ns55","9QF4|1|A1|G|460"
"9QF4|1|A1|C|480","ns55","9QF4|1|A1|OMG|459"
"9QF4|1|A1|C|480","s53","9QF4|1|A1|C|479"
"9QF4|1|A1|C|480","s35","9QF4|1|A1|7MG|481"
"9QF4|1|A1|7MG|481","s35","9QF4|1|A1|C|482"
"9QF4|1|A1|7MG|481","s53","9QF4|1|A1|C|480"
"9QF4|1|A1|C|482","s53","9QF4|1|A1|7MG|481"
"9QF4|1|A1|C|482","s35","9QF4|1|A1|G|483"
"9QF4|1|A1|G|483","s53","9QF4|1|A1|C|482"
"9QF4|1|A1|G|483","s55","9QF4|1|A1|G|475"
"9QF4|1|A1|G|483","s35","9QF4|1|A1|G|472"
"9QF4|1|A1|G|484","s53","9QF4|1|A1|G|472"
"9QF4|1|A1|U|485","ns53","9QF4|1|A1|G|471"
"9QF4|1|A1|A|487","s35","9QF4|1|A1|C|490"
"9QF4|1|A1|A|487","ns55","9QF4|1|A1|G|471"
"9QF4|1|A1|OMU|488","s55","9QF4|1|A1|G|465"
"9QF4|1|A1|A|489","s55","9QF4|1|A1|G|458"
"9QF4|1|A1|C|490","s53","9QF4|1|A1|A|487"
"9QF4|1|A1|C|490","s35","9QF4|1|A1|C|491"
"9QF4|1|A1|C|491","s53","9QF4|1|A1|C|490"
"9QF4|1|A1|C|491","s35","9QF4|1|A1|G|492"
"9QF4|1|A1|C|491","s55","9QF4|1|A1|G|469"
"9QF4|1|A1|G|492","s35","9QF4|1|A1|G|493"
"9QF4|1|A1|G|492","s53","9QF4|1|A1|C|491"
"9QF4|1|A1|G|492","s55","9QF4|1|A1|G|468"
"9QF4|1|A1|G|493","s55","9QF4|1|A1|4AC|467"
"9QF4|1|A1|G|493","s35","9QF4|1|A1|C|494"
"9QF4|1|A1|G|493","s53","9QF4|1|A1|G|492"
"9QF4|1|A1|C|494","s53","9QF4|1|A1|G|493"
"9QF4|1|A1|C|494","ns35","9QF4|1|A1|G|495"
"9QF4|1|A1|G|495","s55","9QF4|1|A1|OMG|464"
"9QF4|1|A1|G|495","s35","9QF4|1|A1|G|496"
"9QF4|1|A1|G|495","ns53","9QF4|1|A1|C|494"
"9QF4|1|A1|G|496","s35","9QF4|1|A1|C|497"
"9QF4|1|A1|G|496","s55","9QF4|1|A1|U|457"
"9QF4|1|A1|G|496","s53","9QF4|1|A1|G|495"
"9QF4|1|A1|C|497","s35","9QF4|1|A1|C|498"
"9QF4|1|A1|C|497","s53","9QF4|1|A1|G|496"
"9QF4|1|A1|C|498","s35","9QF4|1|A1|4AC|499"
"9QF4|1|A1|C|498","s53","9QF4|1|A1|C|497"
"9QF4|1|A1|C|498","s55","9QF4|1|A1|OMG|455"
"9QF4|1|A1|4AC|499","s53","9QF4|1|A1|C|498"
"9QF4|1|A1|4AC|499","s35","9QF4|1|A1|G|500"
"9QF4|1|A1|4AC|499","s55","9QF4|1|A1|G|454"
"9QF4|1|A1|G|500","s53","9QF4|1|A1|4AC|499"
"9QF4|1|A1|G|500","s55","9QF4|1|A1|G|453"
"9QF4|1|A1|A|501","s55","9QF4|1|A1|A|452"
"9QF4|1|A1|G|502","s53","9QF4|1|A1|A|394"
"9QF4|1|A1|G|502","s55","9QF4|1|A1|U|31"
"9QF4|1|A1|G|502","s35","9QF4|1|A1|U|503"
"9QF4|1|A1|U|503","s35","9QF4|1|A1|OMG|504"
"9QF4|1|A1|U|503","s53","9QF4|1|A1|G|502"
"9QF4|1|A1|OMG|504","s35","9QF4|1|A1|G|505"
"9QF4|1|A1|OMG|504","s53","9QF4|1|A1|U|503"
"9QF4|1|A1|OMG|504","s55","9QF4|1|A1|G|29"
"9QF4|1|A1|G|505","s55","9QF4|1|A1|U|28"
"9QF4|1|A1|G|505","s35","9QF4|1|A1|U|506"
"9QF4|1|A1|G|505","s53","9QF4|1|A1|OMG|504"
"9QF4|1|A1|U|506","ns35","9QF4|1|A1|OMG|507"
"9QF4|1|A1|U|506","s53","9QF4|1|A1|G|505"
"9QF4|1|A1|OMG|507","ns53","9QF4|1|A1|U|506"
"9QF4|1|A1|OMG|507","s55","9QF4|1|A1|A|26"
"9QF4|1|A1|OMG|507","s35","9QF4|1|A1|G|508"
"9QF4|1|A1|G|508","s55","9QF4|1|A1|C|25"
"9QF4|1|A1|G|508","s35","9QF4|1|A1|C|509"
"9QF4|1|A1|G|508","s53","9QF4|1|A1|OMG|507"
"9QF4|1|A1|C|509","s53","9QF4|1|A1|G|508"
"9QF4|1|A1|C|509","s35","9QF4|1|A1|C|510"
"9QF4|1|A1|C|510","s55","9QF4|1|A1|G|23"
"9QF4|1|A1|C|510","s53","9QF4|1|A1|C|509"
"9QF4|1|A1|C|510","s35","9QF4|1|A1|A|511"
"9QF4|1|A1|A|511","s35","9QF4|1|A1|C|512"
"9QF4|1|A1|A|511","s55","9QF4|1|A1|G|22"
"9QF4|1|A1|A|511","s53","9QF4|1|A1|C|510"
"9QF4|1|A1|A|511","ns33","9QF4|1|A1|A|21"
"9QF4|1|A1|C|512","s53","9QF4|1|A1|A|511"
"9QF4|1|A1|C|512","s33","9QF4|1|A1|U|513"
"9QF4|1|A1|U|513","s53","9QF4|1|A1|U|515"
"9QF4|1|A1|U|513","s33","9QF4|1|A1|C|512"
"9QF4|1|A1|A|514","s55","9QF4|1|A1|G|520"
"9QF4|1|A1|U|515","s35","9QF4|1|A1|U|513"
"9QF4|1|A1|U|515","ns53","9QF4|1|A1|5MC|17"
"9QF4|1|A1|U|516","s53","9QF4|1|A1|U|843"
"9QF4|1|A1|U|516","s53","9QF4|1|A1|A|517"
"9QF4|1|A1|A|517","s55","9QF4|1|A1|G|521"
"9QF4|1|A1|A|517","s35","9QF4|1|A1|U|516"
"9QF4|1|A1|U|518","s35","9QF4|1|A1|U|519"
"9QF4|1|A1|U|519","s33","9QF4|1|A1|G|520"
"9QF4|1|A1|U|519","s53","9QF4|1|A1|U|518"
"9QF4|1|A1|G|520","s33","9QF4|1|A1|U|519"
"9QF4|1|A1|G|520","ns35","9QF4|1|A1|A|297"
"9QF4|1|A1|G|520","s55","9QF4|1|A1|A|514"
"9QF4|1|A1|G|521","s35","9QF4|1|A1|G|522"
"9QF4|1|A1|G|521","s55","9QF4|1|A1|A|517"
"9QF4|1|A1|G|521","s55","9QF4|1|A1|U|843"
"9QF4|1|A1|G|522","s53","9QF4|1|A1|G|521"
"9QF4|1|A1|G|522","s35","9QF4|1|A1|5MC|523"
"9QF4|1|A1|G|522","s55","9QF4|1|A1|C|842"
"9QF4|1|A1|5MC|523","s53","9QF4|1|A1|G|522"
"9QF4|1|A1|C|524","s55","9QF4|1|A1|A|832"
"9QF4|1|A1|C|524","s35","9QF4|1|A1|U|525"
"9QF4|1|A1|C|524","ns55","9QF4|1|A1|OMU|775"
"9QF4|1|A1|U|525","s53","9QF4|1|A1|C|524"
"9QF4|1|A1|U|525","s55","9QF4|1|A1|G|825"
"9QF4|1|A1|A|526","s55","9QF4|1|A1|A|823"
"9QF4|1|A1|A|526","ns33","9QF4|1|A1|A|527"
"9QF4|1|A1|A|527","s35","9QF4|1|A1|A|528"
"9QF4|1|A1|A|527","ns33","9QF4|1|A1|A|526"
"9QF4|1|A1|A|528","s53","9QF4|1|A1|A|527"
"9QF4|1|A1|G|529","s55","9QF4|1|A1|G|840"
"9QF4|1|A1|G|529","s35","9QF4|1|A1|G|776"
"9QF4|1|A1|G|531","s35","9QF4|1|A1|G|532"
"9QF4|1|A1|G|531","s55","9QF4|1|A1|G|720"
"9QF4|1|A1|G|531","s53","9QF4|1|A1|A|771"
"9QF4|1|A1|G|532","s55","9QF4|1|A1|4AC|719"
"9QF4|1|A1|G|532","s35","9QF4|1|A1|C|533"
"9QF4|1|A1|G|532","s53","9QF4|1|A1|G|531"
"9QF4|1|A1|C|533","s35","9QF4|1|A1|4AC|534"
"9QF4|1|A1|C|533","s53","9QF4|1|A1|G|532"
"9QF4|1|A1|4AC|534","s55","9QF4|1|A1|G|717"
"9QF4|1|A1|4AC|534","s53","9QF4|1|A1|C|533"
"9QF4|1|A1|4AC|534","s35","9QF4|1|A1|G|535"
"9QF4|1|A1|G|535","s53","9QF4|1|A1|4AC|534"
"9QF4|1|A1|G|535","s33","9QF4|1|A1|G|713"
"9QF4|1|A1|G|535","s35","9QF4|1|A1|U|536"
"9QF4|1|A1|G|535","s55","9QF4|1|A1|G|716"
"9QF4|1|A1|U|536","s53","9QF4|1|A1|G|535"
"9QF4|1|A1|U|536","s35","9QF4|1|A1|A|537"
"9QF4|1|A1|U|536","s33","9QF4|1|A1|G|713"
"9QF4|1|A1|U|536","s55","9QF4|1|A1|G|715"
"9QF4|1|A1|A|537","s53","9QF4|1|A1|U|536"
"9QF4|1|A1|A|537","s35","9QF4|1|A1|G|538"
"9QF4|1|A1|A|537","s55","9QF4|1|A1|A|714"
"9QF4|1|A1|G|538","s53","9QF4|1|A1|A|537"
"9QF4|1|A1|G|538","s35","9QF4|1|A1|C|539"
"9QF4|1|A1|C|539","s35","9QF4|1|A1|4AC|540"
"9QF4|1|A1|C|539","s53","9QF4|1|A1|G|538"
"9QF4|1|A1|4AC|540","s55","9QF4|1|A1|G|711"
"9QF4|1|A1|4AC|540","s53","9QF4|1|A1|C|539"
"9QF4|1|A1|4AC|540","ns35","9QF4|1|A1|OMG|541"
"9QF4|1|A1|OMG|541","ns53","9QF4|1|A1|4AC|540"
"9QF4|1|A1|OMG|541","s55","9QF4|1|A1|G|710"
"9QF4|1|A1|G|542","s35","9QF4|1|A1|G|543"
"9QF4|1|A1|G|542","s55","9QF4|1|A1|U|607"
"9QF4|1|A1|G|542","s53","9QF4|1|A1|A|708"
"9QF4|1|A1|G|543","s53","9QF4|1|A1|G|542"
"9QF4|1|A1|G|543","s55","9QF4|1|A1|C|606"
"9QF4|1|A1|G|543","s35","9QF4|1|A1|C|544"
"9QF4|1|A1|C|544","s53","9QF4|1|A1|G|543"
"9QF4|1|A1|C|544","s35","9QF4|1|A1|C|545"
"9QF4|1|A1|C|545","s55","9QF4|1|A1|G|604"
"9QF4|1|A1|C|545","s53","9QF4|1|A1|C|544"
"9QF4|1|A1|C|545","s35","9QF4|1|A1|4AC|546"
"9QF4|1|A1|4AC|546","s53","9QF4|1|A1|C|545"
"9QF4|1|A1|4AC|546","ns35","9QF4|1|A1|G|547"
"9QF4|1|A1|4AC|546","s55","9QF4|1|A1|G|603"
"9QF4|1|A1|G|547","s55","9QF4|1|A1|G|602"
"9QF4|1|A1|G|547","s35","9QF4|1|A1|U|548"
"9QF4|1|A1|G|547","ns53","9QF4|1|A1|4AC|546"
"9QF4|1|A1|U|548","s53","9QF4|1|A1|G|547"
"9QF4|1|A1|U|548","s35","9QF4|1|A1|A|549"
"9QF4|1|A1|A|549","s53","9QF4|1|A1|U|548"
"9QF4|1|A1|A|549","s33","9QF4|1|A1|U|596"
"9QF4|1|A1|A|550","s55","9QF4|1|A1|G|600"
"9QF4|1|A1|A|550","s35","9QF4|1|A1|G|551"
"9QF4|1|A1|G|551","s55","9QF4|1|A1|U|599"
"9QF4|1|A1|G|551","s53","9QF4|1|A1|A|550"
"9QF4|1|A1|G|551","s35","9QF4|1|A1|U|552"
"9QF4|1|A1|U|552","s53","9QF4|1|A1|G|551"
"9QF4|1|A1|U|552","s35","9QF4|1|A1|C|553"
"9QF4|1|A1|C|553","s53","9QF4|1|A1|U|552"
"9QF4|1|A1|C|553","ns55","9QF4|1|A1|A|595"
"9QF4|1|A1|C|553","s35","9QF4|1|A1|C|554"
"9QF4|1|A1|C|554","s53","9QF4|1|A1|C|553"
"9QF4|1|A1|C|554","s35","9QF4|1|A1|C|555"
"9QF4|1|A1|C|554","s55","9QF4|1|A1|G|594"
"9QF4|1|A1|C|555","s53","9QF4|1|A1|C|554"
"9QF4|1|A1|C|555","s55","9QF4|1|A1|G|593"
"9QF4|1|A1|C|555","s35","9QF4|1|A1|U|556"
"9QF4|1|A1|U|556","s55","9QF4|1|A1|G|592"
"9QF4|1|A1|U|556","s53","9QF4|1|A1|C|555"
"9QF4|1|A1|G|557","s55","9QF4|1|A1|G|591"
"9QF4|1|A1|G|557","s35","9QF4|1|A1|G|558"
"9QF4|1|A1|G|558","s55","9QF4|1|A1|U|590"
"9QF4|1|A1|G|558","s53","9QF4|1|A1|G|557"
"9QF4|1|A1|G|558","s35","9QF4|1|A1|C|559"
"9QF4|1|A1|C|559","s53","9QF4|1|A1|G|558"
"9QF4|1|A1|C|559","ns35","9QF4|1|A1|G|560"
"9QF4|1|A1|G|560","s55","9QF4|1|A1|G|588"
"9QF4|1|A1|G|560","s33","9QF4|1|A1|U|586"
"9QF4|1|A1|G|560","ns53","9QF4|1|A1|C|559"
"9QF4|1|A1|A|561","s35","9QF4|1|A1|A|562"
"9QF4|1|A1|A|562","s35","9QF4|1|A1|A|563"
"9QF4|1|A1|A|562","s53","9QF4|1|A1|A|561"
"9QF4|1|A1|A|563","s53","9QF4|1|A1|A|562"
"9QF4|1|A1|A|563","ns53","9QF4|1|A1|G|289"
"9QF4|1|A1|A|563","s35","9QF4|1|A1|U|564"
"9QF4|1|A1|U|564","s53","9QF4|1|A1|A|563"
"9QF4|1|A1|U|564","s35","9QF4|1|A1|C|565"
"9QF4|1|A1|C|565","s35","9QF4|1|A1|C|566"
"9QF4|1|A1|C|565","s55","9QF4|1|A1|G|584"
"9QF4|1|A1|C|565","s53","9QF4|1|A1|U|564"
"9QF4|1|A1|C|566","s35","9QF4|1|A1|C|567"
"9QF4|1|A1|C|566","s55","9QF4|1|A1|G|583"
"9QF4|1|A1|C|566","s53","9QF4|1|A1|C|565"
"9QF4|1|A1|C|567","s35","9QF4|1|A1|A|568"
"9QF4|1|A1|C|567","s55","9QF4|1|A1|G|582"
"9QF4|1|A1|C|567","s53","9QF4|1|A1|C|566"
"9QF4|1|A1|A|568","s55","9QF4|1|A1|G|581"
"9QF4|1|A1|A|568","s35","9QF4|1|A1|C|569"
"9QF4|1|A1|A|568","s53","9QF4|1|A1|C|567"
"9QF4|1|A1|C|569","s35","9QF4|1|A1|G|570"
"9QF4|1|A1|C|569","s53","9QF4|1|A1|A|568"
"9QF4|1|A1|G|570","s55","9QF4|1|A1|G|579"
"9QF4|1|A1|G|570","s35","9QF4|1|A1|G|571"
"9QF4|1|A1|G|570","s53","9QF4|1|A1|C|569"
"9QF4|1|A1|G|571","s53","9QF4|1|A1|G|570"
"9QF4|1|A1|G|571","s35","9QF4|1|A1|C|572"
"9QF4|1|A1|G|571","s55","9QF4|1|A1|4AC|578"
"9QF4|1|A1|C|572","ns55","9QF4|1|A1|C|577"
"9QF4|1|A1|C|572","s53","9QF4|1|A1|G|571"
"9QF4|1|A1|C|574","s35","9QF4|1|A1|A|575"
"9QF4|1|A1|A|575","s53","9QF4|1|A1|C|574"
"9QF4|1|A1|A|575","s35","9QF4|1|A1|A|576"
"9QF4|1|A1|A|576","ns35","9QF4|1|A1|C|577"
"9QF4|1|A1|A|576","s53","9QF4|1|A1|A|575"
"9QF4|1|A1|C|577","ns53","9QF4|1|A1|A|576"
"9QF4|1|A1|C|577","s35","9QF4|1|A1|4AC|578"
"9QF4|1|A1|C|577","ns55","9QF4|1|A1|C|572"
"9QF4|1|A1|4AC|578","s35","9QF4|1|A1|G|579"
"9QF4|1|A1|4AC|578","s53","9QF4|1|A1|C|577"
"9QF4|1|A1|4AC|578","s55","9QF4|1|A1|G|571"
"9QF4|1|A1|G|579","s35","9QF4|1|A1|U|580"
"9QF4|1|A1|G|579","s55","9QF4|1|A1|G|570"
"9QF4|1|A1|G|579","s53","9QF4|1|A1|4AC|578"
"9QF4|1|A1|U|580","s35","9QF4|1|A1|G|581"
"9QF4|1|A1|U|580","s53","9QF4|1|A1|G|579"
"9QF4|1|A1|G|581","s53","9QF4|1|A1|U|580"
"9QF4|1|A1|G|581","s35","9QF4|1|A1|G|582"
"9QF4|1|A1|G|581","s55","9QF4|1|A1|A|568"
"9QF4|1|A1|G|582","s55","9QF4|1|A1|C|567"
"9QF4|1|A1|G|582","s53","9QF4|1|A1|G|581"
"9QF4|1|A1|G|582","s35","9QF4|1|A1|G|583"
"9QF4|1|A1|G|583","s53","9QF4|1|A1|G|582"
"9QF4|1|A1|G|583","s35","9QF4|1|A1|G|584"
"9QF4|1|A1|G|583","s55","9QF4|1|A1|C|566"
"9QF4|1|A1|G|584","s53","9QF4|1|A1|G|583"
"9QF4|1|A1|G|584","s35","9QF4|1|A1|C|585"
"9QF4|1|A1|G|584","s55","9QF4|1|A1|C|565"
"9QF4|1|A1|C|585","s35","9QF4|1|A1|U|586"
"9QF4|1|A1|C|585","s53","9QF4|1|A1|G|584"
"9QF4|1|A1|U|586","s33","9QF4|1|A1|G|560"
"9QF4|1|A1|U|586","s53","9QF4|1|A1|C|585"
"9QF4|1|A1|G|588","s35","9QF4|1|A1|C|589"
"9QF4|1|A1|G|588","s55","9QF4|1|A1|G|560"
"9QF4|1|A1|C|589","s53","9QF4|1|A1|G|588"
"9QF4|1|A1|C|589","s35","9QF4|1|A1|U|590"
"9QF4|1|A1|U|590","s55","9QF4|1|A1|G|558"
"9QF4|1|A1|U|590","s53","9QF4|1|A1|C|589"
"9QF4|1|A1|G|591","s55","9QF4|1|A1|G|557"
"9QF4|1|A1|G|591","s35","9QF4|1|A1|G|592"
"9QF4|1|A1|G|592","s53","9QF4|1|A1|G|591"
"9QF4|1|A1|G|592","s55","9QF4|1|A1|U|556"
"9QF4|1|A1|G|592","s35","9QF4|1|A1|G|593"
"9QF4|1|A1|G|593","s35","9QF4|1|A1|G|594"
"9QF4|1|A1|G|593","s55","9QF4|1|A1|C|555"
"9QF4|1|A1|G|593","s53","9QF4|1|A1|G|592"
"9QF4|1|A1|G|594","s53","9QF4|1|A1|G|593"
"9QF4|1|A1|G|594","s55","9QF4|1|A1|C|554"
"9QF4|1|A1|G|594","s35","9QF4|1|A1|A|595"
"9QF4|1|A1|A|595","ns55","9QF4|1|A1|C|553"
"9QF4|1|A1|A|595","s53","9QF4|1|A1|G|594"
"9QF4|1|A1|A|595","s35","9QF4|1|A1|U|596"
"9QF4|1|A1|U|596","s33","9QF4|1|A1|A|549"
"9QF4|1|A1|U|596","s53","9QF4|1|A1|A|595"
"9QF4|1|A1|A|597","s35","9QF4|1|A1|C|598"
"9QF4|1|A1|C|598","s53","9QF4|1|A1|A|597"
"9QF4|1|A1|C|598","s35","9QF4|1|A1|U|599"
"9QF4|1|A1|U|599","s53","9QF4|1|A1|C|598"
"9QF4|1|A1|U|599","s35","9QF4|1|A1|G|600"
"9QF4|1|A1|U|599","s55","9QF4|1|A1|G|551"
"9QF4|1|A1|G|600","s55","9QF4|1|A1|A|550"
"9QF4|1|A1|G|600","s35","9QF4|1|A1|C|601"
"9QF4|1|A1|G|600","s53","9QF4|1|A1|U|599"
"9QF4|1|A1|C|601","s53","9QF4|1|A1|G|600"
"9QF4|1|A1|C|601","s35","9QF4|1|A1|G|602"
"9QF4|1|A1|G|602","s53","9QF4|1|A1|C|601"
"9QF4|1|A1|G|602","s35","9QF4|1|A1|G|603"
"9QF4|1|A1|G|602","s55","9QF4|1|A1|G|547"
"9QF4|1|A1|G|603","s35","9QF4|1|A1|G|604"
"9QF4|1|A1|G|603","s55","9QF4|1|A1|4AC|546"
"9QF4|1|A1|G|603","s53","9QF4|1|A1|G|602"
"9QF4|1|A1|G|604","s35","9QF4|1|A1|5MC|605"
"9QF4|1|A1|G|604","s53","9QF4|1|A1|G|603"
"9QF4|1|A1|G|604","s55","9QF4|1|A1|C|545"
"9QF4|1|A1|5MC|605","s35","9QF4|1|A1|C|606"
"9QF4|1|A1|5MC|605","s53","9QF4|1|A1|G|604"
"9QF4|1|A1|C|606","s53","9QF4|1|A1|5MC|605"
"9QF4|1|A1|C|606","s35","9QF4|1|A1|U|607"
"9QF4|1|A1|C|606","s55","9QF4|1|A1|G|543"
"9QF4|1|A1|U|607","s55","9QF4|1|A1|G|542"
"9QF4|1|A1|U|607","s53","9QF4|1|A1|C|606"
"9QF4|1|A1|U|607","s33","9QF4|1|A1|G|707"
"9QF4|1|A1|G|609","s35","9QF4|1|A1|G|610"
"9QF4|1|A1|G|609","s55","9QF4|1|A1|A|708"
"9QF4|1|A1|G|610","s53","9QF4|1|A1|G|609"
"9QF4|1|A1|G|610","s35","9QF4|1|A1|G|611"
"9QF4|1|A1|G|610","s55","9QF4|1|A1|C|709"
"9QF4|1|A1|G|611","s35","9QF4|1|A1|A|612"
"9QF4|1|A1|G|611","s55","9QF4|1|A1|4AC|706"
"9QF4|1|A1|G|611","s53","9QF4|1|A1|G|610"
"9QF4|1|A1|A|612","s55","9QF4|1|A1|C|705"
"9QF4|1|A1|A|612","s53","9QF4|1|A1|G|611"
"9QF4|1|A1|A|612","s35","9QF4|1|A1|C|613"
"9QF4|1|A1|C|613","s53","9QF4|1|A1|A|612"
"9QF4|1|A1|C|613","s35","9QF4|1|A1|4AC|614"
"9QF4|1|A1|4AC|614","ns35","9QF4|1|A1|G|615"
"9QF4|1|A1|4AC|614","s53","9QF4|1|A1|C|613"
"9QF4|1|A1|4AC|614","s55","9QF4|1|A1|G|702"
"9QF4|1|A1|G|615","s55","9QF4|1|A1|G|701"
"9QF4|1|A1|G|615","ns53","9QF4|1|A1|4AC|614"
"9QF4|1|A1|G|615","s35","9QF4|1|A1|G|616"
"9QF4|1|A1|G|616","s53","9QF4|1|A1|G|615"
"9QF4|1|A1|G|616","s35","9QF4|1|A1|G|617"
"9QF4|1|A1|G|617","s53","9QF4|1|A1|G|616"
"9QF4|1|A1|G|617","s55","9QF4|1|A1|A|699"
"9QF4|1|A1|G|617","s35","9QF4|1|A1|A|618"
"9QF4|1|A1|A|618","s55","9QF4|1|A1|A|698"
"9QF4|1|A1|A|618","s35","9QF4|1|A1|G|619"
"9QF4|1|A1|A|618","s53","9QF4|1|A1|G|617"
"9QF4|1|A1|G|619","s35","9QF4|1|A1|G|621"
"9QF4|1|A1|G|619","s55","9QF4|1|A1|G|697"
"9QF4|1|A1|G|619","s53","9QF4|1|A1|A|618"
"9QF4|1|A1|A|620","s55","9QF4|1|A1|G|688"
"9QF4|1|A1|A|620","s33","9QF4|1|A1|5MC|687"
"9QF4|1|A1|A|620","s35","9QF4|1|A1|G|680"
"9QF4|1|A1|G|621","s55","9QF4|1|A1|G|696"
"9QF4|1|A1|G|621","s35","9QF4|1|A1|G|622"
"9QF4|1|A1|G|621","s53","9QF4|1|A1|G|619"
"9QF4|1|A1|G|622","s55","9QF4|1|A1|U|695"
"9QF4|1|A1|G|622","s53","9QF4|1|A1|G|621"
"9QF4|1|A1|G|622","s35","9QF4|1|A1|C|623"
"9QF4|1|A1|C|623","s35","9QF4|1|A1|4AC|624"
"9QF4|1|A1|C|623","s53","9QF4|1|A1|G|622"
"9QF4|1|A1|4AC|624","s55","9QF4|1|A1|G|693"
"9QF4|1|A1|4AC|624","s53","9QF4|1|A1|C|623"
"9QF4|1|A1|4AC|624","s35","9QF4|1|A1|G|625"
"9QF4|1|A1|G|625","s55","9QF4|1|A1|G|692"
"9QF4|1|A1|G|625","s53","9QF4|1|A1|4AC|624"
"9QF4|1|A1|G|625","s35","9QF4|1|A1|G|626"
"9QF4|1|A1|G|626","s55","9QF4|1|A1|C|691"
"9QF4|1|A1|G|626","s53","9QF4|1|A1|G|625"
"9QF4|1|A1|G|626","s35","9QF4|1|A1|G|627"
"9QF4|1|A1|G|627","s55","9QF4|1|A1|C|690"
"9QF4|1|A1|G|627","s53","9QF4|1|A1|G|626"
"9QF4|1|A1|G|627","s35","9QF4|1|A1|G|628"
"9QF4|1|A1|G|628","s55","9QF4|1|A1|C|689"
"9QF4|1|A1|G|628","s53","9QF4|1|A1|G|627"
"9QF4|1|A1|G|628","s35","9QF4|1|A1|G|629"
"9QF4|1|A1|G|629","s35","9QF4|1|A1|U|630"
"9QF4|1|A1|G|629","s53","9QF4|1|A1|G|628"
"9QF4|1|A1|G|629","s55","9QF4|1|A1|C|672"
"9QF4|1|A1|U|630","s53","9QF4|1|A1|G|629"
"9QF4|1|A1|U|630","s35","9QF4|1|A1|A|631"
"9QF4|1|A1|A|631","s53","9QF4|1|A1|U|630"
"9QF4|1|A1|A|631","s35","9QF4|1|A1|C|632"
"9QF4|1|A1|A|631","ns55","9QF4|1|A1|A|670"
"9QF4|1|A1|C|632","s35","9QF4|1|A1|C|633"
"9QF4|1|A1|C|632","s53","9QF4|1|A1|A|631"
"9QF4|1|A1|C|633","s53","9QF4|1|A1|C|632"
"9QF4|1|A1|C|633","s55","9QF4|1|A1|OMG|668"
"9QF4|1|A1|C|633","s35","9QF4|1|A1|C|634"
"9QF4|1|A1|C|634","s55","9QF4|1|A1|G|667"
"9QF4|1|A1|C|634","s35","9QF4|1|A1|C|635"
"9QF4|1|A1|C|634","s53","9QF4|1|A1|C|633"
"9QF4|1|A1|C|635","s55","9QF4|1|A1|G|666"
"9QF4|1|A1|C|635","s35","9QF4|1|A1|4AC|636"
"9QF4|1|A1|C|635","s53","9QF4|1|A1|C|634"
"9QF4|1|A1|4AC|636","s55","9QF4|1|A1|G|665"
"9QF4|1|A1|4AC|636","s35","9QF4|1|A1|G|637"
"9QF4|1|A1|4AC|636","s53","9QF4|1|A1|C|635"
"9QF4|1|A1|G|637","s35","9QF4|1|A1|G|638"
"9QF4|1|A1|G|637","s55","9QF4|1|A1|G|664"
"9QF4|1|A1|G|637","s53","9QF4|1|A1|4AC|636"
"9QF4|1|A1|G|638","s53","9QF4|1|A1|G|637"
"9QF4|1|A1|G|638","s55","9QF4|1|A1|C|663"
"9QF4|1|A1|G|638","s35","9QF4|1|A1|G|639"
"9QF4|1|A1|G|639","s55","9QF4|1|A1|C|662"
"9QF4|1|A1|G|639","s53","9QF4|1|A1|G|638"
"9QF4|1|A1|G|639","s35","9QF4|1|A1|G|640"
"9QF4|1|A1|G|640","ns35","9QF4|1|A1|U|641"
"9QF4|1|A1|G|640","s53","9QF4|1|A1|G|639"
"9QF4|1|A1|G|640","ns55","9QF4|1|A1|C|661"
"9QF4|1|A1|U|641","ns33","9QF4|1|A1|A|658"
"9QF4|1|A1|U|641","ns53","9QF4|1|A1|G|640"
"9QF4|1|A1|U|641","s35","9QF4|1|A1|A|642"
"9QF4|1|A1|A|642","s55","9QF4|1|A1|A|659"
"9QF4|1|A1|A|642","s53","9QF4|1|A1|U|641"
"9QF4|1|A1|A|642","s35","9QF4|1|A1|A|656"
"9QF4|1|A1|G|643","s35","9QF4|1|A1|G|644"
"9QF4|1|A1|G|643","s55","9QF4|1|A1|U|655"
"9QF4|1|A1|G|644","s55","9QF4|1|A1|C|654"
"9QF4|1|A1|G|644","s35","9QF4|1|A1|OMG|645"
"9QF4|1|A1|G|644","s53","9QF4|1|A1|G|643"
"9QF4|1|A1|OMG|645","s35","9QF4|1|A1|G|646"
"9QF4|1|A1|OMG|645","s53","9QF4|1|A1|G|644"
"9QF4|1|A1|OMG|645","s55","9QF4|1|A1|C|653"
"9QF4|1|A1|OMG|645","ns33","9QF4|1|A1|A|651"
"9QF4|1|A1|G|646","s35","9QF4|1|A1|U|647"
"9QF4|1|A1|G|646","s53","9QF4|1|A1|OMG|645"
"9QF4|1|A1|U|647","s53","9QF4|1|A1|G|646"
"9QF4|1|A1|G|648","s35","9QF4|1|A1|A|649"
"9QF4|1|A1|A|649","s53","9QF4|1|A1|G|648"
"9QF4|1|A1|A|649","s35","9QF4|1|A1|A|650"
"9QF4|1|A1|A|650","s53","9QF4|1|A1|A|649"
"9QF4|1|A1|A|650","s35","9QF4|1|A1|A|651"
"9QF4|1|A1|A|651","s35","9QF4|1|A1|U|652"
"9QF4|1|A1|A|651","s53","9QF4|1|A1|A|650"
"9QF4|1|A1|A|651","ns33","9QF4|1|A1|OMG|645"
"9QF4|1|A1|U|652","s35","9QF4|1|A1|C|653"
"9QF4|1|A1|U|652","s53","9QF4|1|A1|A|651"
"9QF4|1|A1|C|653","s35","9QF4|1|A1|C|654"
"9QF4|1|A1|C|653","s55","9QF4|1|A1|OMG|645"
"9QF4|1|A1|C|653","s53","9QF4|1|A1|U|652"
"9QF4|1|A1|C|654","s55","9QF4|1|A1|G|644"
"9QF4|1|A1|C|654","s35","9QF4|1|A1|U|655"
"9QF4|1|A1|C|654","s53","9QF4|1|A1|C|653"
"9QF4|1|A1|U|655","s55","9QF4|1|A1|G|643"
"9QF4|1|A1|U|655","s53","9QF4|1|A1|C|654"
"9QF4|1|A1|A|656","s53","9QF4|1|A1|A|642"
"9QF4|1|A1|A|656","ns55","9QF4|1|A1|A|658"
"9QF4|1|A1|A|658","ns33","9QF4|1|A1|U|641"
"9QF4|1|A1|A|658","ns55","9QF4|1|A1|A|656"
"9QF4|1|A1|A|659","s33","9QF4|1|A1|U|660"
"9QF4|1|A1|A|659","s55","9QF4|1|A1|A|642"
"9QF4|1|A1|U|660","s33","9QF4|1|A1|A|659"
"9QF4|1|A1|U|660","s55","9QF4|1|A1|C|661"
"9QF4|1|A1|C|661","ns55","9QF4|1|A1|G|640"
"9QF4|1|A1|C|661","s35","9QF4|1|A1|C|662"
"9QF4|1|A1|C|661","s55","9QF4|1|A1|U|660"
"9QF4|1|A1|C|662","s53","9QF4|1|A1|C|661"
"9QF4|1|A1|C|662","s35","9QF4|1|A1|C|663"
"9QF4|1|A1|C|662","s55","9QF4|1|A1|G|639"
"9QF4|1|A1|C|663","s53","9QF4|1|A1|C|662"
"9QF4|1|A1|C|663","ns35","9QF4|1|A1|G|664"
"9QF4|1|A1|C|663","s55","9QF4|1|A1|G|638"
"9QF4|1|A1|G|664","s35","9QF4|1|A1|G|665"
"9QF4|1|A1|G|664","ns53","9QF4|1|A1|C|663"
"9QF4|1|A1|G|664","s55","9QF4|1|A1|G|637"
"9QF4|1|A1|G|665","s35","9QF4|1|A1|G|666"
"9QF4|1|A1|G|665","s53","9QF4|1|A1|G|664"
"9QF4|1|A1|G|665","s55","9QF4|1|A1|4AC|636"
"9QF4|1|A1|G|666","s35","9QF4|1|A1|G|667"
"9QF4|1|A1|G|666","s55","9QF4|1|A1|C|635"
"9QF4|1|A1|G|666","s53","9QF4|1|A1|G|665"
"9QF4|1|A1|G|667","s55","9QF4|1|A1|C|634"
"9QF4|1|A1|G|667","s53","9QF4|1|A1|G|666"
"9QF4|1|A1|G|667","s35","9QF4|1|A1|OMG|668"
"9QF4|1|A1|OMG|668","s53","9QF4|1|A1|G|667"
"9QF4|1|A1|OMG|668","s55","9QF4|1|A1|C|633"
"9QF4|1|A1|OMG|668","s35","9QF4|1|A1|G|669"
"9QF4|1|A1|G|669","s35","9QF4|1|A1|A|670"
"9QF4|1|A1|G|669","s53","9QF4|1|A1|OMG|668"
"9QF4|1|A1|A|670","s53","9QF4|1|A1|G|669"
"9QF4|1|A1|A|670","ns55","9QF4|1|A1|A|631"
"9QF4|1|A1|A|670","ns55","9QF4|1|A1|A|732"
"9QF4|1|A1|A|670","s35","9QF4|1|A1|C|671"
"9QF4|1|A1|C|671","s35","9QF4|1|A1|C|672"
"9QF4|1|A1|C|671","s53","9QF4|1|A1|A|670"
"9QF4|1|A1|C|672","s53","9QF4|1|A1|C|671"
"9QF4|1|A1|C|672","s55","9QF4|1|A1|G|629"
"9QF4|1|A1|C|672","s35","9QF4|1|A1|C|689"
"9QF4|1|A1|G|673","s35","9QF4|1|A1|C|674"
"9QF4|1|A1|C|674","s35","9QF4|1|A1|C|675"
"9QF4|1|A1|C|674","s53","9QF4|1|A1|G|673"
"9QF4|1|A1|C|675","s33","9QF4|1|A1|A|676"
"9QF4|1|A1|C|675","s53","9QF4|1|A1|C|674"
"9QF4|1|A1|A|676","s33","9QF4|1|A1|C|675"
"9QF4|1|A1|A|676","s53","9QF4|1|A1|G|688"
"9QF4|1|A1|A|676","s53","9QF4|1|A1|G|677"
"9QF4|1|A1|G|677","s55","9QF4|1|A1|G|679"
"9QF4|1|A1|G|677","s35","9QF4|1|A1|A|676"
"9QF4|1|A1|G|679","s35","9QF4|1|A1|G|680"
"9QF4|1|A1|G|679","s55","9QF4|1|A1|G|677"
"9QF4|1|A1|G|679","ns55","9QF4|1|A1|G|688"
"9QF4|1|A1|G|680","s35","9QF4|1|A1|5MC|681"
"9QF4|1|A1|G|680","s53","9QF4|1|A1|A|620"
"9QF4|1|A1|G|680","s53","9QF4|1|A1|G|679"
"9QF4|1|A1|5MC|681","s53","9QF4|1|A1|G|680"
"9QF4|1|A1|5MC|681","s35","9QF4|1|A1|G|682"
"9QF4|1|A1|G|682","s53","9QF4|1|A1|5MC|681"
"9QF4|1|A1|G|682","s55","9QF4|1|A1|G|686"
"9QF4|1|A1|G|682","s33","9QF4|1|A1|A|684"
"9QF4|1|A1|A|683","s35","9QF4|1|A1|A|684"
"9QF4|1|A1|A|684","s35","9QF4|1|A1|G|685"
"9QF4|1|A1|A|684","s53","9QF4|1|A1|A|683"
"9QF4|1|A1|A|684","s33","9QF4|1|A1|G|682"
"9QF4|1|A1|G|685","s53","9QF4|1|A1|A|684"
"9QF4|1|A1|G|686","s35","9QF4|1|A1|5MC|687"
"9QF4|1|A1|G|686","s55","9QF4|1|A1|G|682"
"9QF4|1|A1|5MC|687","s53","9QF4|1|A1|G|686"
"9QF4|1|A1|5MC|687","s33","9QF4|1|A1|A|620"
"9QF4|1|A1|G|688","s55","9QF4|1|A1|A|620"
"9QF4|1|A1|G|688","ns55","9QF4|1|A1|G|679"
"9QF4|1|A1|G|688","s35","9QF4|1|A1|A|676"
"9QF4|1|A1|C|689","s53","9QF4|1|A1|C|672"
"9QF4|1|A1|C|689","s35","9QF4|1|A1|C|690"
"9QF4|1|A1|C|689","s55","9QF4|1|A1|G|628"
"9QF4|1|A1|C|690","s55","9QF4|1|A1|G|627"
"9QF4|1|A1|C|690","s35","9QF4|1|A1|C|691"
"9QF4|1|A1|C|690","s53","9QF4|1|A1|C|689"
"9QF4|1|A1|C|691","s35","9QF4|1|A1|G|692"
"9QF4|1|A1|C|691","s53","9QF4|1|A1|C|690"
"9QF4|1|A1|C|691","s55","9QF4|1|A1|G|626"
"9QF4|1|A1|G|692","s53","9QF4|1|A1|C|691"
"9QF4|1|A1|G|692","s55","9QF4|1|A1|G|625"
"9QF4|1|A1|G|692","s35","9QF4|1|A1|G|693"
"9QF4|1|A1|G|693","s53","9QF4|1|A1|G|692"
"9QF4|1|A1|G|693","s35","9QF4|1|A1|C|694"
"9QF4|1|A1|G|693","s55","9QF4|1|A1|4AC|624"
"9QF4|1|A1|C|694","s35","9QF4|1|A1|U|695"
"9QF4|1|A1|C|694","s53","9QF4|1|A1|G|693"
"9QF4|1|A1|U|695","s55","9QF4|1|A1|G|622"
"9QF4|1|A1|U|695","s53","9QF4|1|A1|C|694"
"9QF4|1|A1|G|696","s35","9QF4|1|A1|G|697"
"9QF4|1|A1|G|696","s55","9QF4|1|A1|G|621"
"9QF4|1|A1|G|697","s53","9QF4|1|A1|G|696"
"9QF4|1|A1|G|697","s35","9QF4|1|A1|A|698"
"9QF4|1|A1|G|697","s55","9QF4|1|A1|G|619"
"9QF4|1|A1|A|698","s55","9QF4|1|A1|A|618"
"9QF4|1|A1|A|698","s53","9QF4|1|A1|G|697"
"9QF4|1|A1|A|698","s35","9QF4|1|A1|A|699"
"9QF4|1|A1|A|699","s55","9QF4|1|A1|G|617"
"9QF4|1|A1|A|699","s53","9QF4|1|A1|A|698"
"9QF4|1|A1|A|699","s35","9QF4|1|A1|C|700"
"9QF4|1|A1|C|700","s35","9QF4|1|A1|G|701"
"9QF4|1|A1|C|700","s53","9QF4|1|A1|A|699"
"9QF4|1|A1|G|701","s53","9QF4|1|A1|C|700"
"9QF4|1|A1|G|701","s35","9QF4|1|A1|G|702"
"9QF4|1|A1|G|701","s55","9QF4|1|A1|G|615"
"9QF4|1|A1|G|702","s35","9QF4|1|A1|U|704"
"9QF4|1|A1|G|702","s55","9QF4|1|A1|4AC|614"
"9QF4|1|A1|G|702","s53","9QF4|1|A1|G|701"
"9QF4|1|A1|U|704","s53","9QF4|1|A1|G|702"
"9QF4|1|A1|U|704","s35","9QF4|1|A1|C|705"
"9QF4|1|A1|C|705","ns35","9QF4|1|A1|4AC|706"
"9QF4|1|A1|C|705","s53","9QF4|1|A1|U|704"
"9QF4|1|A1|C|705","s55","9QF4|1|A1|A|612"
"9QF4|1|A1|4AC|706","s55","9QF4|1|A1|G|611"
"9QF4|1|A1|4AC|706","s35","9QF4|1|A1|G|707"
"9QF4|1|A1|4AC|706","ns53","9QF4|1|A1|C|705"
"9QF4|1|A1|G|707","s53","9QF4|1|A1|4AC|706"
"9QF4|1|A1|G|707","s33","9QF4|1|A1|U|607"
"9QF4|1|A1|A|708","ns53","9QF4|1|A1|C|709"
"9QF4|1|A1|A|708","s35","9QF4|1|A1|G|542"
"9QF4|1|A1|A|708","s55","9QF4|1|A1|G|609"
"9QF4|1|A1|C|709","s55","9QF4|1|A1|G|610"
"9QF4|1|A1|C|709","ns35","9QF4|1|A1|A|708"
"9QF4|1|A1|G|710","s55","9QF4|1|A1|OMG|541"
"9QF4|1|A1|G|710","s35","9QF4|1|A1|G|711"
"9QF4|1|A1|G|711","s53","9QF4|1|A1|G|710"
"9QF4|1|A1|G|711","s35","9QF4|1|A1|U|712"
"9QF4|1|A1|G|711","s55","9QF4|1|A1|4AC|540"
"9QF4|1|A1|U|712","s35","9QF4|1|A1|G|713"
"9QF4|1|A1|U|712","s53","9QF4|1|A1|G|711"
"9QF4|1|A1|G|713","s33","9QF4|1|A1|U|536"
"9QF4|1|A1|G|713","s33","9QF4|1|A1|G|535"
"9QF4|1|A1|G|713","s53","9QF4|1|A1|U|712"
"9QF4|1|A1|A|714","s55","9QF4|1|A1|A|537"
"9QF4|1|A1|A|714","s35","9QF4|1|A1|G|715"
"9QF4|1|A1|G|715","s53","9QF4|1|A1|A|714"
"9QF4|1|A1|G|715","s35","9QF4|1|A1|G|716"
"9QF4|1|A1|G|715","s55","9QF4|1|A1|U|536"
"9QF4|1|A1|G|716","s53","9QF4|1|A1|G|715"
"9QF4|1|A1|G|716","s35","9QF4|1|A1|G|717"
"9QF4|1|A1|G|716","s55","9QF4|1|A1|G|535"
"9QF4|1|A1|G|717","s53","9QF4|1|A1|G|716"
"9QF4|1|A1|G|717","s35","9QF4|1|A1|C|718"
"9QF4|1|A1|G|717","s55","9QF4|1|A1|4AC|534"
"9QF4|1|A1|C|718","s35","9QF4|1|A1|4AC|719"
"9QF4|1|A1|C|718","s53","9QF4|1|A1|G|717"
"9QF4|1|A1|4AC|719","s35","9QF4|1|A1|G|720"
"9QF4|1|A1|4AC|719","s55","9QF4|1|A1|G|532"
"9QF4|1|A1|4AC|719","s53","9QF4|1|A1|C|718"
"9QF4|1|A1|G|720","ns33","9QF4|1|A1|U|768"
"9QF4|1|A1|G|720","s33","9QF4|1|A1|G|767"
"9QF4|1|A1|G|720","s53","9QF4|1|A1|4AC|719"
"9QF4|1|A1|G|720","s55","9QF4|1|A1|G|531"
"9QF4|1|A1|A|721","s55","9QF4|1|A1|A|769"
"9QF4|1|A1|A|721","s35","9QF4|1|A1|A|722"
"9QF4|1|A1|A|722","ns55","9QF4|1|A1|U|768"
"9QF4|1|A1|A|722","s35","9QF4|1|A1|G|723"
"9QF4|1|A1|A|722","s53","9QF4|1|A1|A|721"
"9QF4|1|A1|G|723","s35","9QF4|1|A1|G|724"
"9QF4|1|A1|G|723","s53","9QF4|1|A1|A|722"
"9QF4|1|A1|G|724","s55","9QF4|1|A1|U|766"
"9QF4|1|A1|G|724","s35","9QF4|1|A1|C|725"
"9QF4|1|A1|G|724","s53","9QF4|1|A1|G|723"
"9QF4|1|A1|C|725","s35","9QF4|1|A1|C|726"
"9QF4|1|A1|C|725","s53","9QF4|1|A1|G|724"
"9QF4|1|A1|C|726","s35","9QF4|1|A1|A|727"
"9QF4|1|A1|C|726","s53","9QF4|1|A1|C|725"
"9QF4|1|A1|C|726","s55","9QF4|1|A1|G|764"
"9QF4|1|A1|A|727","s53","9QF4|1|A1|C|726"
"9QF4|1|A1|A|727","s35","9QF4|1|A1|G|728"
"9QF4|1|A1|A|727","s55","9QF4|1|A1|OMG|763"
"9QF4|1|A1|G|728","s35","9QF4|1|A1|G|729"
"9QF4|1|A1|G|728","s55","9QF4|1|A1|OMU|762"
"9QF4|1|A1|G|728","s53","9QF4|1|A1|A|727"
"9QF4|1|A1|G|729","s35","9QF4|1|A1|G|730"
"9QF4|1|A1|G|729","s55","9QF4|1|A1|OMC|761"
"9QF4|1|A1|G|729","s53","9QF4|1|A1|G|728"
"9QF4|1|A1|G|730","s35","9QF4|1|A1|G|731"
"9QF4|1|A1|G|730","s53","9QF4|1|A1|G|729"
"9QF4|1|A1|G|730","s55","9QF4|1|A1|C|760"
"9QF4|1|A1|G|731","s53","9QF4|1|A1|G|730"
"9QF4|1|A1|A|732","ns55","9QF4|1|A1|A|670"
"9QF4|1|A1|A|732","s35","9QF4|1|A1|G|733"
"9QF4|1|A1|G|733","s53","9QF4|1|A1|A|732"
"9QF4|1|A1|G|733","s35","9QF4|1|A1|C|734"
"9QF4|1|A1|C|734","s53","9QF4|1|A1|G|733"
"9QF4|1|A1|C|734","s35","9QF4|1|A1|G|735"
"9QF4|1|A1|G|735","s33","9QF4|1|A1|4SU|756"
"9QF4|1|A1|G|735","s53","9QF4|1|A1|C|734"
"9QF4|1|A1|G|735","s55","9QF4|1|A1|G|758"
"9QF4|1|A1|G|735","s33","9QF4|1|A1|G|755"
"9QF4|1|A1|A|736","s35","9QF4|1|A1|A|737"
"9QF4|1|A1|A|736","s55","9QF4|1|A1|A|757"
"9QF4|1|A1|A|737","s55","9QF4|1|A1|4SU|756"
"9QF4|1|A1|A|737","s53","9QF4|1|A1|A|736"
"9QF4|1|A1|A|737","s35","9QF4|1|A1|C|738"
"9QF4|1|A1|C|738","s35","9QF4|1|A1|4AC|739"
"9QF4|1|A1|C|738","s53","9QF4|1|A1|A|737"
"9QF4|1|A1|C|738","s55","9QF4|1|A1|G|755"
"9QF4|1|A1|4AC|739","s53","9QF4|1|A1|C|738"
"9QF4|1|A1|4AC|739","s55","9QF4|1|A1|G|754"
"9QF4|1|A1|4AC|739","s35","9QF4|1|A1|G|740"
"9QF4|1|A1|G|740","s35","9QF4|1|A1|G|741"
"9QF4|1|A1|G|740","s55","9QF4|1|A1|G|753"
"9QF4|1|A1|G|740","s53","9QF4|1|A1|4AC|739"
"9QF4|1|A1|G|741","s35","9QF4|1|A1|A|742"
"9QF4|1|A1|G|741","s53","9QF4|1|A1|G|740"
"9QF4|1|A1|G|741","s55","9QF4|1|A1|C|752"
"9QF4|1|A1|A|742","s35","9QF4|1|A1|U|743"
"9QF4|1|A1|A|742","s53","9QF4|1|A1|G|741"
"9QF4|1|A1|A|742","s55","9QF4|1|A1|C|751"
"9QF4|1|A1|U|743","s35","9QF4|1|A1|U|744"
"9QF4|1|A1|U|743","s53","9QF4|1|A1|A|742"
"9QF4|1|A1|U|744","s53","9QF4|1|A1|U|743"
"9QF4|1|A1|A|745","s35","9QF4|1|A1|G|746"
"9QF4|1|A1|G|746","ns35","9QF4|1|A1|A|747"
"9QF4|1|A1|G|746","s53","9QF4|1|A1|A|745"
"9QF4|1|A1|A|747","ns53","9QF4|1|A1|G|746"
"9QF4|1|A1|A|747","s35","9QF4|1|A1|A|749"
"9QF4|1|A1|A|749","s53","9QF4|1|A1|A|747"
"9QF4|1|A1|A|749","s35","9QF4|1|A1|C|750"
"9QF4|1|A1|C|750","s53","9QF4|1|A1|A|749"
"9QF4|1|A1|C|751","s55","9QF4|1|A1|A|742"
"9QF4|1|A1|C|751","s35","9QF4|1|A1|C|752"
"9QF4|1|A1|C|752","s53","9QF4|1|A1|C|751"
"9QF4|1|A1|C|752","s55","9QF4|1|A1|G|741"
"9QF4|1|A1|C|752","s35","9QF4|1|A1|G|753"
"9QF4|1|A1|G|753","s53","9QF4|1|A1|C|752"
"9QF4|1|A1|G|753","s55","9QF4|1|A1|G|740"
"9QF4|1|A1|G|753","s35","9QF4|1|A1|G|754"
"9QF4|1|A1|G|754","s53","9QF4|1|A1|G|753"
"9QF4|1|A1|G|754","s35","9QF4|1|A1|G|755"
"9QF4|1|A1|G|754","s55","9QF4|1|A1|4AC|739"
"9QF4|1|A1|G|755","s33","9QF4|1|A1|G|735"
"9QF4|1|A1|G|755","s53","9QF4|1|A1|G|754"
"9QF4|1|A1|G|755","ns35","9QF4|1|A1|4SU|756"
"9QF4|1|A1|G|755","s55","9QF4|1|A1|C|738"
"9QF4|1|A1|4SU|756","ns53","9QF4|1|A1|G|755"
"9QF4|1|A1|4SU|756","s55","9QF4|1|A1|A|737"
"9QF4|1|A1|4SU|756","s35","9QF4|1|A1|A|757"
"9QF4|1|A1|4SU|756","s33","9QF4|1|A1|G|735"
"9QF4|1|A1|A|757","s55","9QF4|1|A1|A|736"
"9QF4|1|A1|A|757","s53","9QF4|1|A1|4SU|756"
"9QF4|1|A1|A|757","s35","9QF4|1|A1|G|758"
"9QF4|1|A1|G|758","s35","9QF4|1|A1|U|759"
"9QF4|1|A1|G|758","s55","9QF4|1|A1|G|735"
"9QF4|1|A1|G|758","s53","9QF4|1|A1|A|757"
"9QF4|1|A1|U|759","s53","9QF4|1|A1|G|758"
"9QF4|1|A1|C|760","s55","9QF4|1|A1|G|730"
"9QF4|1|A1|OMC|761","s55","9QF4|1|A1|G|729"
"9QF4|1|A1|OMC|761","ns35","9QF4|1|A1|OMU|762"
"9QF4|1|A1|OMU|762","s55","9QF4|1|A1|G|728"
"9QF4|1|A1|OMU|762","s35","9QF4|1|A1|OMG|763"
"9QF4|1|A1|OMU|762","ns53","9QF4|1|A1|OMC|761"
"9QF4|1|A1|OMG|763","s35","9QF4|1|A1|G|764"
"9QF4|1|A1|OMG|763","s55","9QF4|1|A1|A|727"
"9QF4|1|A1|OMG|763","s53","9QF4|1|A1|OMU|762"
"9QF4|1|A1|G|764","s35","9QF4|1|A1|C|765"
"9QF4|1|A1|G|764","s53","9QF4|1|A1|OMG|763"
"9QF4|1|A1|G|764","s55","9QF4|1|A1|C|726"
"9QF4|1|A1|C|765","s53","9QF4|1|A1|G|764"
"9QF4|1|A1|C|765","s35","9QF4|1|A1|U|766"
"9QF4|1|A1|U|766","s55","9QF4|1|A1|G|724"
"9QF4|1|A1|U|766","s53","9QF4|1|A1|C|765"
"9QF4|1|A1|U|766","s35","9QF4|1|A1|G|767"
"9QF4|1|A1|G|767","s33","9QF4|1|A1|G|720"
"9QF4|1|A1|G|767","s53","9QF4|1|A1|U|766"
"9QF4|1|A1|U|768","ns35","9QF4|1|A1|A|769"
"9QF4|1|A1|U|768","ns33","9QF4|1|A1|G|720"
"9QF4|1|A1|U|768","ns35","9QF4|1|A1|A|771"
"9QF4|1|A1|U|768","ns55","9QF4|1|A1|A|722"
"9QF4|1|A1|A|769","s55","9QF4|1|A1|A|721"
"9QF4|1|A1|A|769","s35","9QF4|1|A1|A|771"
"9QF4|1|A1|A|769","ns53","9QF4|1|A1|U|768"
"9QF4|1|A1|A|770","s55","9QF4|1|A1|5MC|1486"
"9QF4|1|A1|A|771","ns53","9QF4|1|A1|U|768"
"9QF4|1|A1|A|771","s35","9QF4|1|A1|G|531"
"9QF4|1|A1|A|771","s53","9QF4|1|A1|A|769"
"9QF4|1|A1|G|772","s55","9QF4|1|A1|A|774"
"9QF4|1|A1|G|773","ns33","9QF4|1|A1|OMU|775"
"9QF4|1|A1|A|774","s55","9QF4|1|A1|G|772"
"9QF4|1|A1|A|774","s53","9QF4|1|A1|5MC|1486"
"9QF4|1|A1|OMU|775","ns33","9QF4|1|A1|G|773"
"9QF4|1|A1|OMU|775","ns55","9QF4|1|A1|C|524"
"9QF4|1|A1|G|776","s35","9QF4|1|A1|5MC|777"
"9QF4|1|A1|G|776","s53","9QF4|1|A1|G|529"
"9QF4|1|A1|G|776","s55","9QF4|1|A1|4AC|839"
"9QF4|1|A1|5MC|777","s53","9QF4|1|A1|G|776"
"9QF4|1|A1|5MC|777","ns35","9QF4|1|A1|G|778"
"9QF4|1|A1|G|778","s55","9QF4|1|A1|G|837"
"9QF4|1|A1|G|778","ns53","9QF4|1|A1|5MC|777"
"9QF4|1|A1|G|778","s35","9QF4|1|A1|G|779"
"9QF4|1|A1|G|779","s55","9QF4|1|A1|4AC|836"
"9QF4|1|A1|G|779","s35","9QF4|1|A1|G|780"
"9QF4|1|A1|G|779","s53","9QF4|1|A1|G|778"
"9QF4|1|A1|G|780","s53","9QF4|1|A1|G|779"
"9QF4|1|A1|G|780","s35","9QF4|1|A1|C|781"
"9QF4|1|A1|G|780","s55","9QF4|1|A1|C|835"
"9QF4|1|A1|C|781","s53","9QF4|1|A1|G|780"
"9QF4|1|A1|C|781","s35","9QF4|1|A1|U|782"
"9QF4|1|A1|U|782","s53","9QF4|1|A1|C|781"
"9QF4|1|A1|U|782","s35","9QF4|1|A1|U|829"
"9QF4|1|A1|U|782","s55","9QF4|1|A1|OMG|833"
"9QF4|1|A1|A|783","s55","9QF4|1|A1|U|818"
"9QF4|1|A1|A|783","s35","9QF4|1|A1|G|784"
"9QF4|1|A1|G|784","s35","9QF4|1|A1|G|785"
"9QF4|1|A1|G|784","s55","9QF4|1|A1|G|817"
"9QF4|1|A1|G|784","s53","9QF4|1|A1|A|783"
"9QF4|1|A1|G|785","s35","9QF4|1|A1|U|786"
"9QF4|1|A1|G|785","s55","9QF4|1|A1|4AC|816"
"9QF4|1|A1|G|785","s53","9QF4|1|A1|G|784"
"9QF4|1|A1|U|786","s53","9QF4|1|A1|G|785"
"9QF4|1|A1|U|786","ns35","9QF4|1|A1|G|787"
"9QF4|1|A1|G|787","ns53","9QF4|1|A1|U|786"
"9QF4|1|A1|G|787","s35","9QF4|1|A1|U|788"
"9QF4|1|A1|G|787","s55","9QF4|1|A1|G|814"
"9QF4|1|A1|U|788","s35","9QF4|1|A1|C|789"
"9QF4|1|A1|U|788","s53","9QF4|1|A1|G|787"
"9QF4|1|A1|C|789","s55","9QF4|1|A1|G|812"
"9QF4|1|A1|C|789","s53","9QF4|1|A1|U|788"
"9QF4|1|A1|C|789","s35","9QF4|1|A1|G|790"
"9QF4|1|A1|G|790","s53","9QF4|1|A1|C|789"
"9QF4|1|A1|G|790","s35","9QF4|1|A1|G|791"
"9QF4|1|A1|G|790","s55","9QF4|1|A1|G|811"
"9QF4|1|A1|G|791","s55","9QF4|1|A1|C|810"
"9QF4|1|A1|G|791","s53","9QF4|1|A1|G|790"
"9QF4|1|A1|G|791","s35","9QF4|1|A1|G|792"
"9QF4|1|A1|G|792","s55","9QF4|1|A1|C|809"
"9QF4|1|A1|G|792","s53","9QF4|1|A1|G|791"
"9QF4|1|A1|G|792","s35","9QF4|1|A1|C|793"
"9QF4|1|A1|C|793","s53","9QF4|1|A1|G|792"
"9QF4|1|A1|C|793","s35","9QF4|1|A1|G|794"
"9QF4|1|A1|G|794","s53","9QF4|1|A1|C|793"
"9QF4|1|A1|G|794","s55","9QF4|1|A1|G|807"
"9QF4|1|A1|G|794","s35","9QF4|1|A1|A|795"
"9QF4|1|A1|A|795","s53","9QF4|1|A1|G|794"
"9QF4|1|A1|A|795","s35","9QF4|1|A1|G|796"
"9QF4|1|A1|A|795","ns55","9QF4|1|A1|C|806"
"9QF4|1|A1|G|796","s55","9QF4|1|A1|U|805"
"9QF4|1|A1|G|796","s35","9QF4|1|A1|C|797"
"9QF4|1|A1|G|796","s53","9QF4|1|A1|A|795"
"9QF4|1|A1|C|797","s35","9QF4|1|A1|U|798"
"9QF4|1|A1|C|797","s53","9QF4|1|A1|G|796"
"9QF4|1|A1|U|798","ns55","9QF4|1|A1|G|803"
"9QF4|1|A1|U|798","s33","9QF4|1|A1|C|800"
"9QF4|1|A1|U|798","s53","9QF4|1|A1|C|797"
"9QF4|1|A1|C|800","ns33","9QF4|1|A1|G|801"
"9QF4|1|A1|C|800","s33","9QF4|1|A1|U|798"
"9QF4|1|A1|G|801","ns33","9QF4|1|A1|C|800"
"9QF4|1|A1|G|801","s55","9QF4|1|A1|G|803"
"9QF4|1|A1|G|803","s35","9QF4|1|A1|C|804"
"9QF4|1|A1|G|803","ns55","9QF4|1|A1|U|798"
"9QF4|1|A1|G|803","s55","9QF4|1|A1|G|801"
"9QF4|1|A1|C|804","s53","9QF4|1|A1|G|803"
"9QF4|1|A1|C|804","s35","9QF4|1|A1|U|805"
"9QF4|1|A1|U|805","s53","9QF4|1|A1|C|804"
"9QF4|1|A1|U|805","s35","9QF4|1|A1|C|806"
"9QF4|1|A1|U|805","s55","9QF4|1|A1|G|796"
"9QF4|1|A1|C|806","ns35","9QF4|1|A1|G|807"
"9QF4|1|A1|C|806","s53","9QF4|1|A1|U|805"
"9QF4|1|A1|C|806","ns55","9QF4|1|A1|A|795"
"9QF4|1|A1|G|807","s55","9QF4|1|A1|G|794"
"9QF4|1|A1|G|807","ns53","9QF4|1|A1|C|806"
"9QF4|1|A1|G|807","s35","9QF4|1|A1|C|808"
"9QF4|1|A1|C|808","s35","9QF4|1|A1|C|809"
"9QF4|1|A1|C|808","s53","9QF4|1|A1|G|807"
"9QF4|1|A1|C|809","s53","9QF4|1|A1|C|808"
"9QF4|1|A1|C|809","s55","9QF4|1|A1|G|792"
"9QF4|1|A1|C|809","s35","9QF4|1|A1|C|810"
"9QF4|1|A1|C|810","s55","9QF4|1|A1|G|791"
"9QF4|1|A1|C|810","s35","9QF4|1|A1|G|811"
"9QF4|1|A1|C|810","s53","9QF4|1|A1|C|809"
"9QF4|1|A1|G|811","s53","9QF4|1|A1|C|810"
"9QF4|1|A1|G|811","s35","9QF4|1|A1|G|812"
"9QF4|1|A1|G|811","s55","9QF4|1|A1|G|790"
"9QF4|1|A1|G|812","s53","9QF4|1|A1|G|811"
"9QF4|1|A1|G|812","s35","9QF4|1|A1|U|813"
"9QF4|1|A1|G|812","s55","9QF4|1|A1|C|789"
"9QF4|1|A1|U|813","s53","9QF4|1|A1|G|812"
"9QF4|1|A1|U|813","ns35","9QF4|1|A1|U|830"
"9QF4|1|A1|U|813","ns35","9QF4|1|A1|G|814"
"9QF4|1|A1|G|814","ns53","9QF4|1|A1|U|813"
"9QF4|1|A1|G|814","s35","9QF4|1|A1|5MC|815"
"9QF4|1|A1|G|814","s55","9QF4|1|A1|G|787"
"9QF4|1|A1|5MC|815","s53","9QF4|1|A1|G|814"
"9QF4|1|A1|5MC|815","s35","9QF4|1|A1|4AC|816"
"9QF4|1|A1|4AC|816","s53","9QF4|1|A1|5MC|815"
"9QF4|1|A1|4AC|816","s35","9QF4|1|A1|G|817"
"9QF4|1|A1|4AC|816","s55","9QF4|1|A1|G|785"
"9QF4|1|A1|G|817","ns33","9QF4|1|A1|G|828"
"9QF4|1|A1|G|817","s53","9QF4|1|A1|4AC|816"
"9QF4|1|A1|G|817","s55","9QF4|1|A1|G|784"
"9QF4|1|A1|G|817","s35","9QF4|1|A1|U|818"
"9QF4|1|A1|U|818","s55","9QF4|1|A1|A|783"
"9QF4|1|A1|U|818","s33","9QF4|1|A1|G|828"
"9QF4|1|A1|U|818","s35","9QF4|1|A1|A2M|819"
"9QF4|1|A1|U|818","s53","9QF4|1|A1|G|817"
"9QF4|1|A1|A2M|819","s35","9QF4|1|A1|G|820"
"9QF4|1|A1|A2M|819","s53","9QF4|1|A1|U|818"
"9QF4|1|A1|G|820","s53","9QF4|1|A1|A2M|819"
"9QF4|1|A1|G|820","s35","9QF4|1|A1|G|821"
"9QF4|1|A1|G|820","ns55","9QF4|1|A1|G|828"
"9QF4|1|A1|G|821","s55","9QF4|1|A1|4AC|827"
"9QF4|1|A1|G|821","s35","9QF4|1|A1|G|822"
"9QF4|1|A1|G|821","s53","9QF4|1|A1|G|820"
"9QF4|1|A1|G|822","s55","9QF4|1|A1|C|826"
"9QF4|1|A1|G|822","ns33","9QF4|1|A1|A|824"
"9QF4|1|A1|G|822","s53","9QF4|1|A1|G|821"
"9QF4|1|A1|A|823","s35","9QF4|1|A1|A|824"
"9QF4|1|A1|A|823","s55","9QF4|1|A1|A|526"
"9QF4|1|A1|A|824","ns33","9QF4|1|A1|G|822"
"9QF4|1|A1|A|824","s53","9QF4|1|A1|A|823"
"9QF4|1|A1|A|824","s35","9QF4|1|A1|G|825"
"9QF4|1|A1|G|825","s53","9QF4|1|A1|A|824"
"9QF4|1|A1|G|825","ns35","9QF4|1|A1|C|826"
"9QF4|1|A1|G|825","s55","9QF4|1|A1|U|525"
"9QF4|1|A1|C|826","s35","9QF4|1|A1|4AC|827"
"9QF4|1|A1|C|826","s55","9QF4|1|A1|G|822"
"9QF4|1|A1|C|826","ns53","9QF4|1|A1|G|825"
"9QF4|1|A1|4AC|827","s55","9QF4|1|A1|G|821"
"9QF4|1|A1|4AC|827","s35","9QF4|1|A1|G|828"
"9QF4|1|A1|4AC|827","s53","9QF4|1|A1|C|826"
"9QF4|1|A1|G|828","s53","9QF4|1|A1|4AC|827"
"9QF4|1|A1|G|828","ns33","9QF4|1|A1|G|817"
"9QF4|1|A1|G|828","ns55","9QF4|1|A1|G|820"
"9QF4|1|A1|G|828","s33","9QF4|1|A1|U|818"
"9QF4|1|A1|U|829","s53","9QF4|1|A1|U|782"
"9QF4|1|A1|U|830","ns53","9QF4|1|A1|U|813"
"9QF4|1|A1|A|831","s55","9QF4|1|A1|OMG|833"
"9QF4|1|A1|A|832","s55","9QF4|1|A1|C|524"
"9QF4|1|A1|OMG|833","s35","9QF4|1|A1|OMC|834"
"9QF4|1|A1|OMG|833","s55","9QF4|1|A1|U|782"
"9QF4|1|A1|OMG|833","s55","9QF4|1|A1|A|831"
"9QF4|1|A1|OMC|834","s35","9QF4|1|A1|C|835"
"9QF4|1|A1|OMC|834","s53","9QF4|1|A1|OMG|833"
"9QF4|1|A1|C|835","s35","9QF4|1|A1|4AC|836"
"9QF4|1|A1|C|835","s53","9QF4|1|A1|OMC|834"
"9QF4|1|A1|C|835","s55","9QF4|1|A1|G|780"
"9QF4|1|A1|4AC|836","ns35","9QF4|1|A1|G|837"
"9QF4|1|A1|4AC|836","s53","9QF4|1|A1|C|835"
"9QF4|1|A1|4AC|836","s55","9QF4|1|A1|G|779"
"9QF4|1|A1|G|837","s35","9QF4|1|A1|C|838"
"9QF4|1|A1|G|837","ns53","9QF4|1|A1|4AC|836"
"9QF4|1|A1|G|837","s55","9QF4|1|A1|G|778"
"9QF4|1|A1|C|838","s53","9QF4|1|A1|G|837"
"9QF4|1|A1|C|838","s35","9QF4|1|A1|4AC|839"
"9QF4|1|A1|4AC|839","s35","9QF4|1|A1|G|840"
"9QF4|1|A1|4AC|839","s53","9QF4|1|A1|C|838"
"9QF4|1|A1|4AC|839","s55","9QF4|1|A1|G|776"
"9QF4|1|A1|G|840","s55","9QF4|1|A1|G|529"
"9QF4|1|A1|G|840","s53","9QF4|1|A1|4AC|839"
"9QF4|1|A1|G|840","s35","9QF4|1|A1|C|841"
"9QF4|1|A1|C|841","ns35","9QF4|1|A1|C|842"
"9QF4|1|A1|C|841","s53","9QF4|1|A1|G|840"
"9QF4|1|A1|C|842","s55","9QF4|1|A1|G|522"
"9QF4|1|A1|C|842","ns53","9QF4|1|A1|C|841"
"9QF4|1|A1|C|842","s35","9QF4|1|A1|U|843"
"9QF4|1|A1|U|843","s35","9QF4|1|A1|U|516"
"9QF4|1|A1|U|843","s53","9QF4|1|A1|C|842"
"9QF4|1|A1|U|843","s55","9QF4|1|A1|G|521"
"9QF4|1|A1|G|844","s55","9QF4|1|A1|A|872"
"9QF4|1|A1|G|844","s35","9QF4|1|A1|G|845"
"9QF4|1|A1|G|845","s55","9QF4|1|A1|U|871"
"9QF4|1|A1|G|845","s53","9QF4|1|A1|G|844"
"9QF4|1|A1|G|845","s35","9QF4|1|A1|G|846"
"9QF4|1|A1|G|846","s53","9QF4|1|A1|G|845"
"9QF4|1|A1|G|846","s35","9QF4|1|A1|G|847"
"9QF4|1|A1|G|846","s55","9QF4|1|A1|U|870"
"9QF4|1|A1|G|847","s33","9QF4|1|A1|A|848"
"9QF4|1|A1|G|847","s33","9QF4|1|A1|A|867"
"9QF4|1|A1|G|847","s53","9QF4|1|A1|G|846"
"9QF4|1|A1|G|847","s55","9QF4|1|A1|C|869"
"9QF4|1|A1|A|848","s33","9QF4|1|A1|G|847"
"9QF4|1|A1|A|848","s55","9QF4|1|A1|U|850"
"9QF4|1|A1|A|848","ns55","9QF4|1|A1|G|849"
"9QF4|1|A1|A|848","s53","9QF4|1|A1|A|866"
"9QF4|1|A1|G|849","ns55","9QF4|1|A1|A|848"
"9QF4|1|A1|G|849","ns33","9QF4|1|A1|G|865"
"9QF4|1|A1|U|850","s55","9QF4|1|A1|A|848"
"9QF4|1|A1|U|850","s33","9QF4|1|A1|G|865"
"9QF4|1|A1|A|851","s55","9QF4|1|A1|A|866"
"9QF4|1|A1|A|851","s35","9QF4|1|A1|C|852"
"9QF4|1|A1|C|852","s53","9QF4|1|A1|A|851"
"9QF4|1|A1|C|852","s35","9QF4|1|A1|G|853"
"9QF4|1|A1|G|853","s55","9QF4|1|A1|U|241"
"9QF4|1|A1|G|853","s35","9QF4|1|A1|G|854"
"9QF4|1|A1|G|853","s53","9QF4|1|A1|C|852"
"9QF4|1|A1|G|854","ns55","9QF4|1|A1|U|864"
"9QF4|1|A1|G|854","s35","9QF4|1|A1|C|855"
"9QF4|1|A1|G|854","s53","9QF4|1|A1|G|853"
"9QF4|1|A1|C|855","s35","9QF4|1|A1|4AC|856"
"9QF4|1|A1|C|855","s53","9QF4|1|A1|G|854"
"9QF4|1|A1|4AC|856","s35","9QF4|1|A1|G|857"
"9QF4|1|A1|4AC|856","s53","9QF4|1|A1|C|855"
"9QF4|1|A1|4AC|856","s55","9QF4|1|A1|G|862"
"9QF4|1|A1|G|857","s53","9QF4|1|A1|4AC|856"
"9QF4|1|A1|G|857","s55","9QF4|1|A1|OMG|861"
"9QF4|1|A1|C|858","s35","9QF4|1|A1|A|859"
"9QF4|1|A1|A|859","s35","9QF4|1|A1|A|860"
"9QF4|1|A1|A|859","s53","9QF4|1|A1|C|858"
"9QF4|1|A1|A|860","ns35","9QF4|1|A1|OMG|861"
"9QF4|1|A1|A|860","s53","9QF4|1|A1|A|859"
"9QF4|1|A1|OMG|861","s35","9QF4|1|A1|G|862"
"9QF4|1|A1|OMG|861","ns53","9QF4|1|A1|A|860"
"9QF4|1|A1|OMG|861","s55","9QF4|1|A1|G|857"
"9QF4|1|A1|G|862","s53","9QF4|1|A1|OMG|861"
"9QF4|1|A1|G|862","s55","9QF4|1|A1|4AC|856"
"9QF4|1|A1|G|862","s35","9QF4|1|A1|5MC|863"
"9QF4|1|A1|5MC|863","s53","9QF4|1|A1|G|862"
"9QF4|1|A1|5MC|863","s35","9QF4|1|A1|U|864"
"9QF4|1|A1|U|864","s53","9QF4|1|A1|5MC|863"
"9QF4|1|A1|U|864","s35","9QF4|1|A1|G|865"
"9QF4|1|A1|U|864","ns55","9QF4|1|A1|G|854"
"9QF4|1|A1|G|865","s33","9QF4|1|A1|U|850"
"9QF4|1|A1|G|865","s53","9QF4|1|A1|U|864"
"9QF4|1|A1|G|865","ns33","9QF4|1|A1|G|849"
"9QF4|1|A1|A|866","s35","9QF4|1|A1|A|848"
"9QF4|1|A1|A|866","s35","9QF4|1|A1|A|867"
"9QF4|1|A1|A|866","s55","9QF4|1|A1|A|851"
"9QF4|1|A1|A|867","s33","9QF4|1|A1|G|847"
"9QF4|1|A1|A|867","s35","9QF4|1|A1|A|868"
"9QF4|1|A1|A|867","s53","9QF4|1|A1|A|866"
"9QF4|1|A1|A|868","s35","9QF4|1|A1|C|869"
"9QF4|1|A1|A|868","s53","9QF4|1|A1|A|867"
"9QF4|1|A1|C|869","s53","9QF4|1|A1|A|868"
"9QF4|1|A1|C|869","s35","9QF4|1|A1|U|870"
"9QF4|1|A1|C|869","s55","9QF4|1|A1|G|847"
"9QF4|1|A1|U|870","s35","9QF4|1|A1|U|871"
"9QF4|1|A1|U|870","s53","9QF4|1|A1|C|869"
"9QF4|1|A1|U|870","s55","9QF4|1|A1|G|846"
"9QF4|1|A1|U|871","s55","9QF4|1|A1|G|845"
"9QF4|1|A1|U|871","s53","9QF4|1|A1|U|870"
"9QF4|1|A1|A|872","s55","9QF4|1|A1|G|844"
"9QF4|1|A1|A|873","s35","9QF4|1|A1|A|874"
"9QF4|1|A1|A|873","s35","9QF4|1|A1|OMU|8"
"9QF4|1|A1|A|874","s53","9QF4|1|A1|A|873"
"9QF4|1|A1|A|874","s35","9QF4|1|A1|G|875"
"9QF4|1|A1|G|875","s35","9QF4|1|A1|G|876"
"9QF4|1|A1|G|875","s53","9QF4|1|A1|A|874"
"9QF4|1|A1|G|875","s55","9QF4|1|A1|U|15"
"9QF4|1|A1|G|875","ns53","9QF4|1|A1|OMU|8"
"9QF4|1|A1|G|876","s35","9QF4|1|A1|A|877"
"9QF4|1|A1|G|876","s53","9QF4|1|A1|G|875"
"9QF4|1|A1|G|876","s55","9QF4|1|A1|C|14"
"9QF4|1|A1|A|877","s35","9QF4|1|A1|A|878"
"9QF4|1|A1|A|877","s53","9QF4|1|A1|G|876"
"9QF4|1|A1|A|877","ns55","9QF4|1|A1|C|13"
"9QF4|1|A1|A|878","s35","9QF4|1|A1|U|879"
"9QF4|1|A1|A|878","s55","9QF4|1|A1|U|12"
"9QF4|1|A1|A|878","s53","9QF4|1|A1|A|877"
"9QF4|1|A1|U|879","s35","9QF4|1|A1|U|880"
"9QF4|1|A1|U|879","ns55","9QF4|1|A1|A|11"
"9QF4|1|A1|U|879","s53","9QF4|1|A1|A|878"
"9QF4|1|A1|U|880","s35","9QF4|1|A1|G|881"
"9QF4|1|A1|U|880","s55","9QF4|1|A1|G|10"
"9QF4|1|A1|U|880","s53","9QF4|1|A1|U|879"
"9QF4|1|A1|G|881","s53","9QF4|1|A1|U|880"
"9QF4|1|A1|G|881","s55","9QF4|1|A1|A|1358"
"9QF4|1|A1|G|881","s35","9QF4|1|A1|G|882"
"9QF4|1|A1|G|882","s55","9QF4|1|A1|C|1357"
"9QF4|1|A1|G|882","s53","9QF4|1|A1|G|881"
"9QF4|1|A1|G|882","s35","9QF4|1|A1|C|883"
"9QF4|1|A1|C|883","s53","9QF4|1|A1|G|882"
"9QF4|1|A1|G|884","ns53","9QF4|1|A1|A|1459"
"9QF4|1|A1|G|884","s55","9QF4|1|A1|G|1354"
"9QF4|1|A1|G|884","s35","9QF4|1|A1|G|886"
"9QF4|1|A1|G|885","s33","9QF4|1|A1|G|1462"
"9QF4|1|A1|G|886","s35","9QF4|1|A1|G|887"
"9QF4|1|A1|G|886","s53","9QF4|1|A1|G|884"
"9QF4|1|A1|G|886","s55","9QF4|1|A1|U|1353"
"9QF4|1|A1|G|887","s53","9QF4|1|A1|G|886"
"9QF4|1|A1|G|887","s35","9QF4|1|A1|G|888"
"9QF4|1|A1|G|887","s55","9QF4|1|A1|U|1352"
"9QF4|1|A1|G|888","s35","9QF4|1|A1|A|889"
"9QF4|1|A1|G|888","s55","9QF4|1|A1|C|1351"
"9QF4|1|A1|G|888","s53","9QF4|1|A1|G|887"
"9QF4|1|A1|A|889","s53","9QF4|1|A1|G|888"
"9QF4|1|A1|A|889","s55","9QF4|1|A1|C|1350"
"9QF4|1|A1|A|889","s35","9QF4|1|A1|G|890"
"9QF4|1|A1|G|890","s53","9QF4|1|A1|A|889"
"9QF4|1|A1|G|890","s55","9QF4|1|A1|U|1349"
"9QF4|1|A1|G|890","s35","9QF4|1|A1|C|891"
"9QF4|1|A1|C|891","s53","9QF4|1|A1|G|890"
"9QF4|1|A1|C|891","s33","9QF4|1|A1|C|1343"
"9QF4|1|A1|C|891","s35","9QF4|1|A1|A|892"
"9QF4|1|A1|A|892","s55","9QF4|1|A1|G|1347"
"9QF4|1|A1|A|892","s35","9QF4|1|A1|A|895"
"9QF4|1|A1|A|892","s53","9QF4|1|A1|C|891"
"9QF4|1|A1|C|893","s55","9QF4|1|A1|U|1307"
"9QF4|1|A1|C|893","s33","9QF4|1|A1|C|1306"
"9QF4|1|A1|C|893","ns35","9QF4|1|A1|G|899"
"9QF4|1|A1|A|895","s35","9QF4|1|A1|C|896"
"9QF4|1|A1|A|895","s53","9QF4|1|A1|A|892"
"9QF4|1|A1|C|896","s53","9QF4|1|A1|A|895"
"9QF4|1|A1|C|896","ns35","9QF4|1|A1|A|897"
"9QF4|1|A1|A|897","s35","9QF4|1|A1|A|898"
"9QF4|1|A1|A|897","s55","9QF4|1|A1|G|1341"
"9QF4|1|A1|A|897","ns53","9QF4|1|A1|C|896"
"9QF4|1|A1|A|898","s53","9QF4|1|A1|A|897"
"9QF4|1|A1|A|898","s35","9QF4|1|A1|G|899"
"9QF4|1|A1|G|899","s35","9QF4|1|A1|G|900"
"9QF4|1|A1|G|899","ns53","9QF4|1|A1|C|893"
"9QF4|1|A1|G|899","s53","9QF4|1|A1|A|898"
"9QF4|1|A1|G|900","s35","9QF4|1|A1|OMG|901"
"9QF4|1|A1|G|900","ns55","9QF4|1|A1|C|1306"
"9QF4|1|A1|G|900","s53","9QF4|1|A1|G|899"
"9QF4|1|A1|OMG|901","s55","9QF4|1|A1|C|1305"
"9QF4|1|A1|OMG|901","s53","9QF4|1|A1|G|900"
"9QF4|1|A1|OMG|901","s35","9QF4|1|A1|G|902"
"9QF4|1|A1|G|902","s53","9QF4|1|A1|OMG|901"
"9QF4|1|A1|G|902","s35","9QF4|1|A1|U|903"
"9QF4|1|A1|G|902","s55","9QF4|1|A1|C|1304"
"9QF4|1|A1|U|903","s53","9QF4|1|A1|G|902"
"9QF4|1|A1|U|903","s35","9QF4|1|A1|G|904"
"9QF4|1|A1|G|904","s53","9QF4|1|A1|U|903"
"9QF4|1|A1|G|904","s55","9QF4|1|A1|A|1302"
"9QF4|1|A1|G|905","s53","9QF4|1|A1|G|1299"
"9QF4|1|A1|G|905","s35","9QF4|1|A1|A|906"
"9QF4|1|A1|A|906","s35","9QF4|1|A1|G|907"
"9QF4|1|A1|A|906","s53","9QF4|1|A1|G|905"
"9QF4|1|A1|A|906","s55","9QF4|1|A1|A|1198"
"9QF4|1|A1|G|907","s55","9QF4|1|A1|U|1197"
"9QF4|1|A1|G|907","s53","9QF4|1|A1|A|906"
"9QF4|1|A1|G|907","s35","9QF4|1|A1|C|908"
"9QF4|1|A1|C|908","s53","9QF4|1|A1|G|907"
"9QF4|1|A1|G|909","s55","9QF4|1|A1|G|1195"
"9QF4|1|A1|G|909","s35","9QF4|1|A1|U|910"
"9QF4|1|A1|U|910","s35","9QF4|1|A1|G|911"
"9QF4|1|A1|U|910","s53","9QF4|1|A1|G|909"
"9QF4|1|A1|G|911","s53","9QF4|1|A1|U|910"
"9QF4|1|A1|G|911","s35","9QF4|1|A1|C|912"
"9QF4|1|A1|G|911","s55","9QF4|1|A1|G|1193"
"9QF4|1|A1|C|912","s53","9QF4|1|A1|G|911"
"9QF4|1|A1|C|912","s35","9QF4|1|A1|G|913"
"9QF4|1|A1|G|913","s35","9QF4|1|A1|G|914"
"9QF4|1|A1|G|913","s55","9QF4|1|A1|G|1191"
"9QF4|1|A1|G|913","s53","9QF4|1|A1|C|912"
"9QF4|1|A1|G|914","s55","9QF4|1|A1|5MC|1190"
"9QF4|1|A1|G|914","s35","9QF4|1|A1|U|915"
"9QF4|1|A1|G|914","s53","9QF4|1|A1|G|913"
"9QF4|1|A1|U|915","s53","9QF4|1|A1|G|914"
"9QF4|1|A1|U|915","s35","9QF4|1|A1|U|916"
"9QF4|1|A1|U|916","s35","9QF4|1|A1|U|917"
"9QF4|1|A1|U|916","s55","9QF4|1|A1|A|1187"
"9QF4|1|A1|U|916","s53","9QF4|1|A1|U|915"
"9QF4|1|A1|U|917","s53","9QF4|1|A1|U|916"
"9QF4|1|A1|U|917","ns53","9QF4|1|A1|U|920"
"9QF4|1|A1|A|918","s35","9QF4|1|A1|A|919"
"9QF4|1|A1|A|919","s53","9QF4|1|A1|A|918"
"9QF4|1|A1|A|919","s33","9QF4|1|A1|U|920"
"9QF4|1|A1|U|920","ns35","9QF4|1|A1|U|917"
"9QF4|1|A1|U|920","s55","9QF4|1|A1|A|1187"
"9QF4|1|A1|U|920","s33","9QF4|1|A1|A|919"
"9QF4|1|A1|U|921","s35","9QF4|1|A1|G|922"
"9QF4|1|A1|U|921","s55","9QF4|1|A1|A|943"
"9QF4|1|A1|G|922","s53","9QF4|1|A1|U|921"
"9QF4|1|A1|G|922","s53","9QF4|1|A1|G|935"
"9QF4|1|A1|G|922","ns53","9QF4|1|A1|A|1163"
"9QF4|1|A1|G|922","s35","9QF4|1|A1|G|923"
"9QF4|1|A1|G|923","s55","9QF4|1|A1|C|933"
"9QF4|1|A1|G|923","s53","9QF4|1|A1|G|922"
"9QF4|1|A1|G|923","s35","9QF4|1|A1|A|924"
"9QF4|1|A1|A|924","s53","9QF4|1|A1|G|923"
"9QF4|1|A1|U|925","s55","9QF4|1|A1|A|929"
"9QF4|1|A1|5MU|926","s35","9QF4|1|A1|LV2|927"
"9QF4|1|A1|LV2|927","s33","9QF4|1|A1|A|928"
"9QF4|1|A1|LV2|927","s53","9QF4|1|A1|5MU|926"
"9QF4|1|A1|A|928","s33","9QF4|1|A1|LV2|927"
"9QF4|1|A1|A|929","s35","9QF4|1|A1|C|930"
"9QF4|1|A1|A|929","s55","9QF4|1|A1|U|925"
"9QF4|1|A1|C|930","s53","9QF4|1|A1|A|929"
"9QF4|1|A1|G|931","ns35","9QF4|1|A1|A|1325"
"9QF4|1|A1|C|932","s35","9QF4|1|A1|C|933"
"9QF4|1|A1|C|933","s55","9QF4|1|A1|G|923"
"9QF4|1|A1|C|933","s53","9QF4|1|A1|C|932"
"9QF4|1|A1|C|933","s33","9QF4|1|A1|G|935"
"9QF4|1|A1|G|935","s33","9QF4|1|A1|C|933"
"9QF4|1|A1|G|935","s35","9QF4|1|A1|G|922"
"9QF4|1|A1|G|936","s53","9QF4|1|A1|U|1320"
"9QF4|1|A1|G|936","s55","9QF4|1|A1|A|1325"
"9QF4|1|A1|G|936","s33","9QF4|1|A1|C|1324"
"9QF4|1|A1|A|937","s53","9QF4|1|A1|C|1185"
"9QF4|1|A1|A|937","ns55","9QF4|1|A1|U|1186"
"9QF4|1|A1|A|938","s33","9QF4|1|A1|A|1280"
"9QF4|1|A1|A|938","s55","9QF4|1|A1|A|1281"
"9QF4|1|A1|C|939","s35","9QF4|1|A1|C|940"
"9QF4|1|A1|C|940","s53","9QF4|1|A1|C|939"
"9QF4|1|A1|C|940","s35","9QF4|1|A1|U|941"
"9QF4|1|A1|U|941","s33","9QF4|1|A1|C|942"
"9QF4|1|A1|U|941","s53","9QF4|1|A1|C|940"
"9QF4|1|A1|C|942","s33","9QF4|1|A1|U|941"
"9QF4|1|A1|C|942","s53","9QF4|1|A1|A|943"
"9QF4|1|A1|A|943","s55","9QF4|1|A1|A|1163"
"9QF4|1|A1|A|943","s35","9QF4|1|A1|C|942"
"9QF4|1|A1|A|943","s55","9QF4|1|A1|U|921"
"9QF4|1|A1|C|944","s35","9QF4|1|A1|4AC|945"
"9QF4|1|A1|C|944","s55","9QF4|1|A1|G|1184"
"9QF4|1|A1|4AC|945","s55","9QF4|1|A1|G|1183"
"9QF4|1|A1|4AC|945","s53","9QF4|1|A1|C|944"
"9QF4|1|A1|G|946","s55","9QF4|1|A1|G|1182"
"9QF4|1|A1|G|946","s35","9QF4|1|A1|G|947"
"9QF4|1|A1|G|947","s53","9QF4|1|A1|G|946"
"9QF4|1|A1|G|947","s35","9QF4|1|A1|G|948"
"9QF4|1|A1|G|947","s55","9QF4|1|A1|4AC|1181"
"9QF4|1|A1|G|948","s55","9QF4|1|A1|C|1180"
"9QF4|1|A1|G|948","s53","9QF4|1|A1|G|947"
"9QF4|1|A1|G|948","s35","9QF4|1|A1|G|949"
"9QF4|1|A1|G|949","s53","9QF4|1|A1|G|948"
"9QF4|1|A1|G|949","s35","9QF4|1|A1|G|950"
"9QF4|1|A1|G|949","s55","9QF4|1|A1|C|1179"
"9QF4|1|A1|G|950","s35","9QF4|1|A1|5MC|951"
"9QF4|1|A1|G|950","s55","9QF4|1|A1|C|1178"
"9QF4|1|A1|G|950","s53","9QF4|1|A1|G|949"
"9QF4|1|A1|5MC|951","s35","9QF4|1|A1|A|1174"
"9QF4|1|A1|5MC|951","s53","9QF4|1|A1|G|950"
"9QF4|1|A1|G|952","s53","9QF4|1|A1|A|1174"
"9QF4|1|A1|G|952","s33","9QF4|1|A1|C|992"
"9QF4|1|A1|A|953","s35","9QF4|1|A1|C|954"
"9QF4|1|A1|C|954","s55","9QF4|1|A1|A|997"
"9QF4|1|A1|C|954","s53","9QF4|1|A1|A|953"
"9QF4|1|A1|C|954","s35","9QF4|1|A1|G|955"
"9QF4|1|A1|G|955","s35","9QF4|1|A1|G|956"
"9QF4|1|A1|G|955","s55","9QF4|1|A1|G|996"
"9QF4|1|A1|G|955","s53","9QF4|1|A1|C|954"
"9QF4|1|A1|G|956","s55","9QF4|1|A1|C|995"
"9QF4|1|A1|G|956","s35","9QF4|1|A1|C|957"
"9QF4|1|A1|G|956","s53","9QF4|1|A1|G|955"
"9QF4|1|A1|C|957","s33","9QF4|1|A1|G|991"
"9QF4|1|A1|C|957","s35","9QF4|1|A1|A|958"
"9QF4|1|A1|C|957","s53","9QF4|1|A1|G|956"
"9QF4|1|A1|A|958","s55","9QF4|1|A1|G|993"
"9QF4|1|A1|A|958","s35","9QF4|1|A1|G|959"
"9QF4|1|A1|A|958","s53","9QF4|1|A1|C|957"
"9QF4|1|A1|G|959","s35","9QF4|1|A1|G|960"
"9QF4|1|A1|G|959","s53","9QF4|1|A1|A|958"
"9QF4|1|A1|G|959","ns55","9QF4|1|A1|G|991"
"9QF4|1|A1|G|960","s55","9QF4|1|A1|C|990"
"9QF4|1|A1|G|960","s53","9QF4|1|A1|G|959"
"9QF4|1|A1|A|961","s53","9QF4|1|A1|A|989"
"9QF4|1|A1|G|963","s33","9QF4|1|A1|G|988"
"9QF4|1|A1|A|964","s33","9QF4|1|A1|A|965"
"9QF4|1|A1|A|964","s55","9QF4|1|A1|A|989"
"9QF4|1|A1|A|965","s33","9QF4|1|A1|A|964"
"9QF4|1|A1|A|965","s55","9QF4|1|A1|G|966"
"9QF4|1|A1|G|966","s55","9QF4|1|A1|G|987"
"9QF4|1|A1|G|966","s35","9QF4|1|A1|G|967"
"9QF4|1|A1|G|966","s55","9QF4|1|A1|A|965"
"9QF4|1|A1|G|967","s35","9QF4|1|A1|C|968"
"9QF4|1|A1|G|967","s53","9QF4|1|A1|G|966"
"9QF4|1|A1|G|967","s55","9QF4|1|A1|C|986"
"9QF4|1|A1|C|968","s33","9QF4|1|A1|G|978"
"9QF4|1|A1|C|968","s53","9QF4|1|A1|G|967"
"9QF4|1|A1|C|968","ns35","9QF4|1|A1|C|969"
"9QF4|1|A1|C|969","s55","9QF4|1|A1|G|984"
"9QF4|1|A1|C|969","ns53","9QF4|1|A1|C|968"
"9QF4|1|A1|C|969","s35","9QF4|1|A1|A|970"
"9QF4|1|A1|A|970","s35","9QF4|1|A1|G|971"
"9QF4|1|A1|A|970","s53","9QF4|1|A1|C|969"
"9QF4|1|A1|A|970","ns55","9QF4|1|A1|U|983"
"9QF4|1|A1|G|971","s53","9QF4|1|A1|A|970"
"9QF4|1|A1|G|971","s55","9QF4|1|A1|U|982"
"9QF4|1|A1|G|971","s35","9QF4|1|A1|G|972"
"9QF4|1|A1|G|972","s53","9QF4|1|A1|G|971"
"9QF4|1|A1|G|972","s55","9QF4|1|A1|C|981"
"9QF4|1|A1|G|972","s35","9QF4|1|A1|C|973"
"9QF4|1|A1|C|973","s53","9QF4|1|A1|G|972"
"9QF4|1|A1|C|973","s35","9QF4|1|A1|U|974"
"9QF4|1|A1|U|974","s53","9QF4|1|A1|C|973"
"9QF4|1|A1|G|975","ns55","9QF4|1|A1|4AC|1181"
"9QF4|1|A1|G|975","s35","9QF4|1|A1|A|976"
"9QF4|1|A1|A|976","s53","9QF4|1|A1|G|975"
"9QF4|1|A1|A|976","s35","9QF4|1|A1|A|977"
"9QF4|1|A1|A|977","s53","9QF4|1|A1|A|976"
"9QF4|1|A1|A|977","s35","9QF4|1|A1|G|979"
"9QF4|1|A1|G|978","ns53","9QF4|1|A1|C|981"
"9QF4|1|A1|G|978","s33","9QF4|1|A1|C|968"
"9QF4|1|A1|G|979","s53","9QF4|1|A1|A|977"
"9QF4|1|A1|G|979","s35","9QF4|1|A1|U|980"
"9QF4|1|A1|U|980","s53","9QF4|1|A1|G|979"
"9QF4|1|A1|U|980","s35","9QF4|1|A1|C|981"
"9QF4|1|A1|C|981","s55","9QF4|1|A1|G|972"
"9QF4|1|A1|C|981","ns35","9QF4|1|A1|U|982"
"9QF4|1|A1|C|981","s53","9QF4|1|A1|U|980"
"9QF4|1|A1|C|981","ns35","9QF4|1|A1|G|978"
"9QF4|1|A1|U|982","ns53","9QF4|1|A1|C|981"
"9QF4|1|A1|U|982","s35","9QF4|1|A1|U|983"
"9QF4|1|A1|U|982","s55","9QF4|1|A1|G|971"
"9QF4|1|A1|U|983","s35","9QF4|1|A1|G|984"
"9QF4|1|A1|U|983","ns55","9QF4|1|A1|A|970"
"9QF4|1|A1|U|983","s53","9QF4|1|A1|U|982"
"9QF4|1|A1|G|984","s55","9QF4|1|A1|C|969"
"9QF4|1|A1|G|984","s35","9QF4|1|A1|C|985"
"9QF4|1|A1|G|984","s53","9QF4|1|A1|U|983"
"9QF4|1|A1|C|985","s35","9QF4|1|A1|C|986"
"9QF4|1|A1|C|985","s53","9QF4|1|A1|G|984"
"9QF4|1|A1|C|986","s53","9QF4|1|A1|C|985"
"9QF4|1|A1|C|986","s55","9QF4|1|A1|G|967"
"9QF4|1|A1|C|986","s35","9QF4|1|A1|G|987"
"9QF4|1|A1|G|987","s53","9QF4|1|A1|C|986"
"9QF4|1|A1|G|987","s55","9QF4|1|A1|G|966"
"9QF4|1|A1|G|987","s35","9QF4|1|A1|G|988"
"9QF4|1|A1|G|988","s33","9QF4|1|A1|G|963"
"9QF4|1|A1|G|988","s53","9QF4|1|A1|G|987"
"9QF4|1|A1|G|988","ns35","9QF4|1|A1|A|989"
"9QF4|1|A1|A|989","ns53","9QF4|1|A1|G|988"
"9QF4|1|A1|A|989","s35","9QF4|1|A1|A|961"
"9QF4|1|A1|A|989","s55","9QF4|1|A1|A|964"
"9QF4|1|A1|C|990","s35","9QF4|1|A1|G|991"
"9QF4|1|A1|C|990","s55","9QF4|1|A1|G|960"
"9QF4|1|A1|G|991","s33","9QF4|1|A1|C|957"
"9QF4|1|A1|G|991","s53","9QF4|1|A1|C|990"
"9QF4|1|A1|G|991","ns55","9QF4|1|A1|G|959"
"9QF4|1|A1|C|992","ns35","9QF4|1|A1|A|997"
"9QF4|1|A1|C|992","s33","9QF4|1|A1|G|952"
"9QF4|1|A1|C|992","ns53","9QF4|1|A1|C|995"
"9QF4|1|A1|C|992","ns53","9QF4|1|A1|C|994"
"9QF4|1|A1|G|993","s55","9QF4|1|A1|A|958"
"9QF4|1|A1|G|993","s35","9QF4|1|A1|C|994"
"9QF4|1|A1|C|994","s35","9QF4|1|A1|C|995"
"9QF4|1|A1|C|994","ns35","9QF4|1|A1|C|992"
"9QF4|1|A1|C|994","s53","9QF4|1|A1|G|993"
"9QF4|1|A1|C|995","s35","9QF4|1|A1|G|996"
"9QF4|1|A1|C|995","s55","9QF4|1|A1|G|956"
"9QF4|1|A1|C|995","s53","9QF4|1|A1|C|994"
"9QF4|1|A1|C|995","ns35","9QF4|1|A1|C|992"
"9QF4|1|A1|G|996","s53","9QF4|1|A1|C|995"
"9QF4|1|A1|G|996","s55","9QF4|1|A1|G|955"
"9QF4|1|A1|G|996","s35","9QF4|1|A1|A|997"
"9QF4|1|A1|A|997","ns53","9QF4|1|A1|C|992"
"9QF4|1|A1|A|997","s53","9QF4|1|A1|G|996"
"9QF4|1|A1|A|997","s35","9QF4|1|A1|G|998"
"9QF4|1|A1|A|997","s55","9QF4|1|A1|C|954"
"9QF4|1|A1|G|998","ns33","9QF4|1|A1|G|1173"
"9QF4|1|A1|G|998","s53","9QF4|1|A1|A|997"
"9QF4|1|A1|G|998","s35","9QF4|1|A1|A|999"
"9QF4|1|A1|A|999","s53","9QF4|1|A1|G|998"
"9QF4|1|A1|A|999","s35","9QF4|1|A1|G|1000"
"9QF4|1|A1|G|1000","s53","9QF4|1|A1|A|999"
"9QF4|1|A1|G|1000","ns55","9QF4|1|A1|G|1173"
"9QF4|1|A1|G|1000","s35","9QF4|1|A1|G|1001"
"9QF4|1|A1|G|1001","s55","9QF4|1|A1|C|1172"
"9QF4|1|A1|G|1001","s53","9QF4|1|A1|G|1000"
"9QF4|1|A1|G|1001","s35","9QF4|1|A1|OMG|1003"
"9QF4|1|A1|A|1002","ns55","9QF4|1|A1|A|1163"
"9QF4|1|A1|OMG|1003","s53","9QF4|1|A1|G|1001"
"9QF4|1|A1|OMG|1003","s35","9QF4|1|A1|2MG|1004"
"9QF4|1|A1|OMG|1003","s55","9QF4|1|A1|C|1171"
"9QF4|1|A1|2MG|1004","s55","9QF4|1|A1|C|1170"
"9QF4|1|A1|2MG|1004","s53","9QF4|1|A1|OMG|1003"
"9QF4|1|A1|2MG|1004","s35","9QF4|1|A1|U|1005"
"9QF4|1|A1|U|1005","s53","9QF4|1|A1|2MG|1004"
"9QF4|1|A1|U|1005","s33","9QF4|1|A1|C|1162"
"9QF4|1|A1|G|1006","ns55","9QF4|1|A1|C|1162"
"9QF4|1|A1|G|1006","s33","9QF4|1|A1|U|1161"
"9QF4|1|A1|G|1006","s53","9QF4|1|A1|U|1009"
"9QF4|1|A1|C|1007","s53","9QF4|1|A1|A|1158"
"9QF4|1|A1|A|1008","s55","9QF4|1|A1|G|1168"
"9QF4|1|A1|A|1008","s35","9QF4|1|A1|U|1009"
"9QF4|1|A1|U|1009","s53","9QF4|1|A1|A|1008"
"9QF4|1|A1|U|1009","ns35","9QF4|1|A1|G|1010"
"9QF4|1|A1|U|1009","s35","9QF4|1|A1|G|1006"
"9QF4|1|A1|U|1009","ns55","9QF4|1|A1|C|1162"
"9QF4|1|A1|G|1010","ns53","9QF4|1|A1|U|1009"
"9QF4|1|A1|G|1010","s55","9QF4|1|A1|A|1166"
"9QF4|1|A1|G|1010","s35","9QF4|1|A1|G|1011"
"9QF4|1|A1|G|1011","s53","9QF4|1|A1|G|1010"
"9QF4|1|A1|G|1011","s35","9QF4|1|A1|5MC|1012"
"9QF4|1|A1|G|1011","ns55","9QF4|1|A1|OMU|1165"
"9QF4|1|A1|5MC|1012","s53","9QF4|1|A1|G|1011"
"9QF4|1|A1|5MC|1012","s35","9QF4|1|A1|5MC|1013"
"9QF4|1|A1|5MC|1013","ns35","9QF4|1|A1|G|1014"
"9QF4|1|A1|5MC|1013","s53","9QF4|1|A1|5MC|1012"
"9QF4|1|A1|5MC|1013","s55","9QF4|1|A1|G|1160"
"9QF4|1|A1|G|1014","ns53","9QF4|1|A1|5MC|1013"
"9QF4|1|A1|G|1014","s35","9QF4|1|A1|C|1015"
"9QF4|1|A1|G|1014","s55","9QF4|1|A1|G|1159"
"9QF4|1|A1|C|1015","s53","9QF4|1|A1|G|1014"
"9QF4|1|A1|C|1015","s35","9QF4|1|A1|4AC|1016"
"9QF4|1|A1|4AC|1016","s55","9QF4|1|A1|G|1156"
"9QF4|1|A1|4AC|1016","s33","9QF4|1|A1|G|1017"
"9QF4|1|A1|4AC|1016","s53","9QF4|1|A1|C|1015"
"9QF4|1|A1|G|1017","ns53","9QF4|1|A1|A|1153"
"9QF4|1|A1|G|1017","s55","9QF4|1|A1|C|1019"
"9QF4|1|A1|G|1017","s33","9QF4|1|A1|4AC|1016"
"9QF4|1|A1|U|1018","s53","9QF4|1|A1|C|1151"
"9QF4|1|A1|C|1019","s55","9QF4|1|A1|G|1017"
"9QF4|1|A1|C|1019","s35","9QF4|1|A1|A|1020"
"9QF4|1|A1|A|1020","s55","9QF4|1|A1|A|1153"
"9QF4|1|A1|A|1020","s53","9QF4|1|A1|C|1019"
"9QF4|1|A1|G|1021","s55","9QF4|1|A1|G|1061"
"9QF4|1|A1|G|1021","s35","9QF4|1|A1|C|1022"
"9QF4|1|A1|C|1022","s35","9QF4|1|A1|U|1023"
"9QF4|1|A1|C|1022","s53","9QF4|1|A1|G|1021"
"9QF4|1|A1|U|1023","s53","9QF4|1|A1|C|1022"
"9QF4|1|A1|U|1023","ns35","9QF4|1|A1|U|1038"
"9QF4|1|A1|U|1023","s55","9QF4|1|A1|G|1059"
"9QF4|1|A1|U|1023","s35","9QF4|1|A1|C|1024"
"9QF4|1|A1|C|1024","s55","9QF4|1|A1|A|1058"
"9QF4|1|A1|C|1024","s33","9QF4|1|A1|G|1037"
"9QF4|1|A1|C|1024","s53","9QF4|1|A1|U|1023"
"9QF4|1|A1|G|1025","s55","9QF4|1|A1|G|1057"
"9QF4|1|A1|G|1025","s35","9QF4|1|A1|U|1026"
"9QF4|1|A1|U|1026","s35","9QF4|1|A1|A|1027"
"9QF4|1|A1|U|1026","s53","9QF4|1|A1|G|1025"
"9QF4|1|A1|A|1027","s35","9QF4|1|A1|OMC|1028"
"9QF4|1|A1|A|1027","s53","9QF4|1|A1|U|1026"
"9QF4|1|A1|A|1027","s55","9QF4|1|A1|A|1055"
"9QF4|1|A1|OMC|1028","ns35","9QF4|1|A1|LHH|1029"
"9QF4|1|A1|OMC|1028","s53","9QF4|1|A1|A|1027"
"9QF4|1|A1|LHH|1029","s35","9QF4|1|A1|G|1030"
"9QF4|1|A1|LHH|1029","s55","9QF4|1|A1|G|1035"
"9QF4|1|A1|LHH|1029","ns53","9QF4|1|A1|OMC|1028"
"9QF4|1|A1|G|1030","ns33","9QF4|1|A1|G|1032"
"9QF4|1|A1|G|1030","s55","9QF4|1|A1|G|1034"
"9QF4|1|A1|G|1030","s53","9QF4|1|A1|LHH|1029"
"9QF4|1|A1|U|1031","s35","9QF4|1|A1|G|1032"
"9QF4|1|A1|G|1032","s53","9QF4|1|A1|U|1031"
"9QF4|1|A1|G|1032","ns33","9QF4|1|A1|G|1030"
"9QF4|1|A1|G|1032","s35","9QF4|1|A1|A|1033"
"9QF4|1|A1|A|1033","s53","9QF4|1|A1|G|1032"
"9QF4|1|A1|G|1034","s55","9QF4|1|A1|G|1030"
"9QF4|1|A1|G|1034","s35","9QF4|1|A1|G|1035"
"9QF4|1|A1|G|1035","s53","9QF4|1|A1|G|1034"
"9QF4|1|A1|G|1035","s55","9QF4|1|A1|LHH|1029"
"9QF4|1|A1|G|1035","s35","9QF4|1|A1|C|1036"
"9QF4|1|A1|C|1036","s53","9QF4|1|A1|G|1035"
"9QF4|1|A1|C|1036","s35","9QF4|1|A1|G|1037"
"9QF4|1|A1|G|1037","s33","9QF4|1|A1|U|1038"
"9QF4|1|A1|G|1037","s33","9QF4|1|A1|C|1024"
"9QF4|1|A1|G|1037","s53","9QF4|1|A1|C|1036"
"9QF4|1|A1|U|1038","s33","9QF4|1|A1|G|1037"
"9QF4|1|A1|U|1038","ns53","9QF4|1|A1|U|1023"
"9QF4|1|A1|U|1038","ns55","9QF4|1|A1|G|1047"
"9QF4|1|A1|C|1039","s35","9QF4|1|A1|C|1040"
"9QF4|1|A1|C|1040","s55","9QF4|1|A1|G|1052"
"9QF4|1|A1|C|1040","ns35","9QF4|1|A1|A|1041"
"9QF4|1|A1|C|1040","s53","9QF4|1|A1|C|1039"
"9QF4|1|A1|A|1041","ns53","9QF4|1|A1|C|1040"
"9QF4|1|A1|A|1041","s55","9QF4|1|A1|G|1051"
"9QF4|1|A1|A|1041","s35","9QF4|1|A1|C|1042"
"9QF4|1|A1|C|1042","s35","9QF4|1|A1|U|1043"
"9QF4|1|A1|C|1042","s53","9QF4|1|A1|A|1041"
"9QF4|1|A1|U|1043","s55","9QF4|1|A1|G|1049"
"9QF4|1|A1|U|1043","s35","9QF4|1|A1|U|1044"
"9QF4|1|A1|U|1043","s53","9QF4|1|A1|C|1042"
"9QF4|1|A1|U|1044","s55","9QF4|1|A1|U|1048"
"9QF4|1|A1|U|1044","s53","9QF4|1|A1|U|1043"
"9QF4|1|A1|A|1045","s55","9QF4|1|A1|G|1145"
"9QF4|1|A1|A|1045","s35","9QF4|1|A1|A|1046"
"9QF4|1|A1|A|1046","ns35","9QF4|1|A1|U|1048"
"9QF4|1|A1|A|1046","s53","9QF4|1|A1|A|1045"
"9QF4|1|A1|G|1047","ns55","9QF4|1|A1|U|1038"
"9QF4|1|A1|U|1048","s55","9QF4|1|A1|U|1044"
"9QF4|1|A1|U|1048","s35","9QF4|1|A1|G|1049"
"9QF4|1|A1|U|1048","ns53","9QF4|1|A1|A|1046"
"9QF4|1|A1|G|1049","s53","9QF4|1|A1|U|1048"
"9QF4|1|A1|G|1049","s35","9QF4|1|A1|U|1050"
"9QF4|1|A1|G|1049","s55","9QF4|1|A1|U|1043"
"9QF4|1|A1|U|1050","s35","9QF4|1|A1|G|1051"
"9QF4|1|A1|U|1050","s53","9QF4|1|A1|G|1049"
"9QF4|1|A1|G|1051","s35","9QF4|1|A1|G|1052"
"9QF4|1|A1|G|1051","s55","9QF4|1|A1|A|1041"
"9QF4|1|A1|G|1051","s53","9QF4|1|A1|U|1050"
"9QF4|1|A1|G|1052","s35","9QF4|1|A1|U|1053"
"9QF4|1|A1|G|1052","s53","9QF4|1|A1|G|1051"
"9QF4|1|A1|G|1052","s55","9QF4|1|A1|C|1040"
"9QF4|1|A1|U|1053","s53","9QF4|1|A1|G|1052"
"9QF4|1|A1|A|1055","s35","9QF4|1|A1|C|1056"
"9QF4|1|A1|A|1055","s55","9QF4|1|A1|A|1027"
"9QF4|1|A1|C|1056","s53","9QF4|1|A1|A|1055"
"9QF4|1|A1|C|1056","s35","9QF4|1|A1|G|1057"
"9QF4|1|A1|G|1057","s35","9QF4|1|A1|A|1058"
"9QF4|1|A1|G|1057","s53","9QF4|1|A1|C|1056"
"9QF4|1|A1|G|1057","s55","9QF4|1|A1|G|1025"
"9QF4|1|A1|A|1058","s55","9QF4|1|A1|C|1024"
"9QF4|1|A1|A|1058","s53","9QF4|1|A1|G|1057"
"9QF4|1|A1|A|1058","s35","9QF4|1|A1|G|1059"
"9QF4|1|A1|G|1059","s35","9QF4|1|A1|C|1060"
"9QF4|1|A1|G|1059","s53","9QF4|1|A1|A|1058"
"9QF4|1|A1|G|1059","s55","9QF4|1|A1|U|1023"
"9QF4|1|A1|C|1060","s35","9QF4|1|A1|G|1061"
"9QF4|1|A1|C|1060","s53","9QF4|1|A1|G|1059"
"9QF4|1|A1|G|1061","s53","9QF4|1|A1|C|1060"
"9QF4|1|A1|G|1061","s35","9QF4|1|A1|A|1062"
"9QF4|1|A1|G|1061","s55","9QF4|1|A1|G|1021"
"9QF4|1|A1|A|1062","s53","9QF4|1|A1|G|1061"
"9QF4|1|A1|A|1062","s35","9QF4|1|A1|G|1063"
"9QF4|1|A1|G|1063","s53","9QF4|1|A1|A|1062"
"9QF4|1|A1|G|1063","s35","9QF4|1|A1|A|1064"
"9QF4|1|A1|A|1064","s35","9QF4|1|A1|C|1065"
"9QF4|1|A1|A|1064","s53","9QF4|1|A1|G|1063"
"9QF4|1|A1|C|1065","s53","9QF4|1|A1|A|1064"
"9QF4|1|A1|C|1065","s35","9QF4|1|A1|C|1066"
"9QF4|1|A1|C|1066","s55","9QF4|1|A1|G|1150"
"9QF4|1|A1|C|1066","s53","9QF4|1|A1|C|1065"
"9QF4|1|A1|C|1066","s35","9QF4|1|A1|4AC|1067"
"9QF4|1|A1|4AC|1067","s53","9QF4|1|A1|C|1066"
"9QF4|1|A1|4AC|1067","s55","9QF4|1|A1|G|1149"
"9QF4|1|A1|4AC|1067","s35","9QF4|1|A1|G|1068"
"9QF4|1|A1|G|1068","s55","9QF4|1|A1|G|1148"
"9QF4|1|A1|G|1068","s53","9QF4|1|A1|4AC|1067"
"9QF4|1|A1|G|1068","s35","9QF4|1|A1|C|1069"
"9QF4|1|A1|C|1069","s35","9QF4|1|A1|G|1070"
"9QF4|1|A1|C|1069","s53","9QF4|1|A1|G|1068"
"9QF4|1|A1|G|1070","s55","9QF4|1|A1|G|1146"
"9QF4|1|A1|G|1070","s53","9QF4|1|A1|C|1069"
"9QF4|1|A1|C|1071","s55","9QF4|1|A1|A|1141"
"9QF4|1|A1|C|1071","s55","9QF4|1|A1|G|1118"
"9QF4|1|A1|C|1071","s35","9QF4|1|A1|C|1072"
"9QF4|1|A1|C|1072","s55","9QF4|1|A1|G|1117"
"9QF4|1|A1|C|1072","s35","9QF4|1|A1|C|1073"
"9QF4|1|A1|C|1072","s53","9QF4|1|A1|C|1071"
"9QF4|1|A1|C|1073","s35","9QF4|1|A1|C|1074"
"9QF4|1|A1|C|1073","s53","9QF4|1|A1|C|1072"
"9QF4|1|A1|C|1073","s55","9QF4|1|A1|G|1116"
"9QF4|1|A1|C|1074","s35","9QF4|1|A1|C|1075"
"9QF4|1|A1|C|1074","s53","9QF4|1|A1|C|1073"
"9QF4|1|A1|C|1074","s55","9QF4|1|A1|G|1115"
"9QF4|1|A1|C|1075","s35","9QF4|1|A1|A|1076"
"9QF4|1|A1|C|1075","s53","9QF4|1|A1|C|1074"
"9QF4|1|A1|C|1075","s55","9QF4|1|A1|G|1114"
"9QF4|1|A1|A|1076","s55","9QF4|1|A1|G|1113"
"9QF4|1|A1|A|1076","s35","9QF4|1|A1|G|1077"
"9QF4|1|A1|A|1076","s53","9QF4|1|A1|C|1075"
"9QF4|1|A1|G|1077","ns55","9QF4|1|A1|U|1112"
"9QF4|1|A1|G|1077","s53","9QF4|1|A1|A|1076"
"9QF4|1|A1|G|1077","ns33","9QF4|1|A1|C|1107"
"9QF4|1|A1|G|1077","s35","9QF4|1|A1|G|1080"
"9QF4|1|A1|U|1078","s35","9QF4|1|A1|G|1080"
"9QF4|1|A1|U|1079","s53","9QF4|1|A1|U|1243"
"9QF4|1|A1|G|1080","s35","9QF4|1|A1|C|1081"
"9QF4|1|A1|G|1080","s53","9QF4|1|A1|G|1077"
"9QF4|1|A1|G|1080","s53","9QF4|1|A1|U|1078"
"9QF4|1|A1|C|1081","s35","9QF4|1|A1|C|1082"
"9QF4|1|A1|C|1081","s53","9QF4|1|A1|G|1080"
"9QF4|1|A1|C|1082","s53","9QF4|1|A1|C|1081"
"9QF4|1|A1|C|1082","s55","9QF4|1|A1|G|1106"
"9QF4|1|A1|A|1083","s35","9QF4|1|A1|G|1084"
"9QF4|1|A1|A|1083","s55","9QF4|1|A1|A|1108"
"9QF4|1|A1|G|1084","s53","9QF4|1|A1|A|1083"
"9QF4|1|A1|G|1084","s35","9QF4|1|A1|U|1085"
"9QF4|1|A1|U|1085","s53","9QF4|1|A1|G|1084"
"9QF4|1|A1|U|1085","s35","9QF4|1|A1|C|1086"
"9QF4|1|A1|C|1086","s35","9QF4|1|A1|C|1087"
"9QF4|1|A1|C|1086","s53","9QF4|1|A1|U|1085"
"9QF4|1|A1|C|1087","s53","9QF4|1|A1|C|1086"
"9QF4|1|A1|C|1087","s35","9QF4|1|A1|C|1088"
"9QF4|1|A1|C|1087","s55","9QF4|1|A1|G|1103"
"9QF4|1|A1|C|1088","s55","9QF4|1|A1|G|1102"
"9QF4|1|A1|C|1088","s53","9QF4|1|A1|C|1087"
"9QF4|1|A1|C|1088","s35","9QF4|1|A1|U|1089"
"9QF4|1|A1|U|1089","s53","9QF4|1|A1|C|1088"
"9QF4|1|A1|U|1089","s55","9QF4|1|A1|G|1101"
"9QF4|1|A1|U|1089","s35","9QF4|1|A1|C|1090"
"9QF4|1|A1|C|1090","s35","9QF4|1|A1|C|1091"
"9QF4|1|A1|C|1090","s55","9QF4|1|A1|A|1100"
"9QF4|1|A1|C|1090","s53","9QF4|1|A1|U|1089"
"9QF4|1|A1|C|1091","s35","9QF4|1|A1|C|1092"
"9QF4|1|A1|C|1091","s55","9QF4|1|A1|G|1099"
"9QF4|1|A1|C|1091","s53","9QF4|1|A1|C|1090"
"9QF4|1|A1|C|1092","s55","9QF4|1|A1|G|1098"
"9QF4|1|A1|C|1092","s33","9QF4|1|A1|U|1095"
"9QF4|1|A1|C|1092","s53","9QF4|1|A1|C|1091"
"9QF4|1|A1|C|1094","ns55","9QF4|1|A1|U|1095"
"9QF4|1|A1|U|1095","ns55","9QF4|1|A1|C|1094"
"9QF4|1|A1|U|1095","s33","9QF4|1|A1|C|1092"
"9QF4|1|A1|U|1095","s35","9QF4|1|A1|G|1097"
"9QF4|1|A1|C|1096","s35","9QF4|1|A1|G|1097"
"9QF4|1|A1|G|1097","s53","9QF4|1|A1|U|1095"
"9QF4|1|A1|G|1097","s53","9QF4|1|A1|C|1096"
"9QF4|1|A1|G|1097","s35","9QF4|1|A1|G|1098"
"9QF4|1|A1|G|1098","s35","9QF4|1|A1|G|1099"
"9QF4|1|A1|G|1098","s53","9QF4|1|A1|G|1097"
"9QF4|1|A1|G|1098","s55","9QF4|1|A1|C|1092"
"9QF4|1|A1|G|1099","s35","9QF4|1|A1|A|1100"
"9QF4|1|A1|G|1099","s53","9QF4|1|A1|G|1098"
"9QF4|1|A1|G|1099","s55","9QF4|1|A1|C|1091"
"9QF4|1|A1|A|1100","s35","9QF4|1|A1|G|1101"
"9QF4|1|A1|A|1100","s55","9QF4|1|A1|C|1090"
"9QF4|1|A1|A|1100","s53","9QF4|1|A1|G|1099"
"9QF4|1|A1|G|1101","s35","9QF4|1|A1|G|1102"
"9QF4|1|A1|G|1101","s55","9QF4|1|A1|U|1089"
"9QF4|1|A1|G|1101","s53","9QF4|1|A1|A|1100"
"9QF4|1|A1|G|1102","s53","9QF4|1|A1|G|1101"
"9QF4|1|A1|G|1102","s55","9QF4|1|A1|C|1088"
"9QF4|1|A1|G|1102","s35","9QF4|1|A1|G|1103"
"9QF4|1|A1|G|1103","s55","9QF4|1|A1|C|1087"
"9QF4|1|A1|G|1103","s53","9QF4|1|A1|G|1102"
"9QF4|1|A1|G|1103","s35","9QF4|1|A1|A|1104"
"9QF4|1|A1|A|1104","s53","9QF4|1|A1|G|1103"
"9QF4|1|A1|A|1104","s35","9QF4|1|A1|G|1105"
"9QF4|1|A1|G|1105","s35","9QF4|1|A1|G|1106"
"9QF4|1|A1|G|1105","s53","9QF4|1|A1|A|1104"
"9QF4|1|A1|G|1106","s35","9QF4|1|A1|C|1107"
"9QF4|1|A1|G|1106","s55","9QF4|1|A1|C|1082"
"9QF4|1|A1|G|1106","s53","9QF4|1|A1|G|1105"
"9QF4|1|A1|C|1107","ns33","9QF4|1|A1|G|1077"
"9QF4|1|A1|C|1107","s53","9QF4|1|A1|G|1106"
"9QF4|1|A1|A|1108","s55","9QF4|1|A1|A|1083"
"9QF4|1|A1|A|1108","s35","9QF4|1|A1|C|1109"
"9QF4|1|A1|C|1109","s35","9QF4|1|A1|OMU|1110"
"9QF4|1|A1|C|1109","s53","9QF4|1|A1|A|1108"
"9QF4|1|A1|OMU|1110","s53","9QF4|1|A1|C|1109"
"9QF4|1|A1|OMU|1110","s35","9QF4|1|A1|C|1111"
"9QF4|1|A1|C|1111","s53","9QF4|1|A1|OMU|1110"
"9QF4|1|A1|C|1111","s35","9QF4|1|A1|U|1112"
"9QF4|1|A1|U|1112","ns55","9QF4|1|A1|G|1077"
"9QF4|1|A1|U|1112","s53","9QF4|1|A1|C|1111"
"9QF4|1|A1|U|1112","ns35","9QF4|1|A1|G|1113"
"9QF4|1|A1|G|1113","ns53","9QF4|1|A1|U|1112"
"9QF4|1|A1|G|1113","s55","9QF4|1|A1|A|1076"
"9QF4|1|A1|G|1113","s35","9QF4|1|A1|G|1114"
"9QF4|1|A1|G|1114","s55","9QF4|1|A1|C|1075"
"9QF4|1|A1|G|1114","s53","9QF4|1|A1|G|1113"
"9QF4|1|A1|G|1114","s35","9QF4|1|A1|G|1115"
"9QF4|1|A1|G|1115","s55","9QF4|1|A1|C|1074"
"9QF4|1|A1|G|1115","s35","9QF4|1|A1|G|1116"
"9QF4|1|A1|G|1115","s53","9QF4|1|A1|G|1114"
"9QF4|1|A1|G|1116","s35","9QF4|1|A1|G|1117"
"9QF4|1|A1|G|1116","s55","9QF4|1|A1|C|1073"
"9QF4|1|A1|G|1116","s53","9QF4|1|A1|G|1115"
"9QF4|1|A1|G|1117","s35","9QF4|1|A1|G|1118"
"9QF4|1|A1|G|1117","s53","9QF4|1|A1|G|1116"
"9QF4|1|A1|G|1117","s55","9QF4|1|A1|C|1072"
"9QF4|1|A1|G|1118","s53","9QF4|1|A1|G|1117"
"9QF4|1|A1|G|1118","s55","9QF4|1|A1|C|1071"
"9QF4|1|A1|A|1119","s33","9QF4|1|A1|A|1142"
"9QF4|1|A1|A|1119","s53","9QF4|1|A1|G|1139"
"9QF4|1|A1|A|1119","s55","9QF4|1|A1|G|1143"
"9QF4|1|A1|C|1120","s55","9QF4|1|A1|G|1122"
"9QF4|1|A1|U|1121","s53","9QF4|1|A1|G|1144"
"9QF4|1|A1|G|1122","ns53","9QF4|1|A1|G|1143"
"9QF4|1|A1|G|1122","s35","9QF4|1|A1|5MC|1123"
"9QF4|1|A1|G|1122","s55","9QF4|1|A1|C|1120"
"9QF4|1|A1|5MC|1123","s53","9QF4|1|A1|G|1122"
"9QF4|1|A1|5MC|1123","s35","9QF4|1|A1|C|1124"
"9QF4|1|A1|5MC|1123","ns55","9QF4|1|A1|A|1138"
"9QF4|1|A1|C|1124","s55","9QF4|1|A1|G|1137"
"9QF4|1|A1|C|1124","s53","9QF4|1|A1|5MC|1123"
"9QF4|1|A1|C|1124","s35","9QF4|1|A1|G|1125"
"9QF4|1|A1|G|1125","s53","9QF4|1|A1|C|1124"
"9QF4|1|A1|G|1125","s55","9QF4|1|A1|G|1136"
"9QF4|1|A1|G|1125","s35","9QF4|1|A1|G|1126"
"9QF4|1|A1|G|1126","s55","9QF4|1|A1|4AC|1135"
"9QF4|1|A1|G|1126","s35","9QF4|1|A1|C|1127"
"9QF4|1|A1|G|1126","s53","9QF4|1|A1|G|1125"
"9QF4|1|A1|C|1127","s35","9QF4|1|A1|G|1128"
"9QF4|1|A1|C|1127","s53","9QF4|1|A1|G|1126"
"9QF4|1|A1|G|1128","s55","9QF4|1|A1|G|1133"
"9QF4|1|A1|G|1128","s53","9QF4|1|A1|C|1127"
"9QF4|1|A1|A|1129","s35","9QF4|1|A1|A|1131"
"9QF4|1|A1|A|1131","s53","9QF4|1|A1|A|1129"
"9QF4|1|A1|A|1131","s35","9QF4|1|A1|A|1132"
"9QF4|1|A1|A|1132","s35","9QF4|1|A1|G|1133"
"9QF4|1|A1|A|1132","s53","9QF4|1|A1|A|1131"
"9QF4|1|A1|G|1133","s35","9QF4|1|A1|C|1134"
"9QF4|1|A1|G|1133","s53","9QF4|1|A1|A|1132"
"9QF4|1|A1|G|1133","s55","9QF4|1|A1|G|1128"
"9QF4|1|A1|C|1134","s35","9QF4|1|A1|4AC|1135"
"9QF4|1|A1|C|1134","s53","9QF4|1|A1|G|1133"
"9QF4|1|A1|4AC|1135","s55","9QF4|1|A1|G|1126"
"9QF4|1|A1|4AC|1135","s53","9QF4|1|A1|C|1134"
"9QF4|1|A1|4AC|1135","s35","9QF4|1|A1|G|1136"
"9QF4|1|A1|G|1136","s35","9QF4|1|A1|G|1137"
"9QF4|1|A1|G|1136","s53","9QF4|1|A1|4AC|1135"
"9QF4|1|A1|G|1136","s55","9QF4|1|A1|G|1125"
"9QF4|1|A1|G|1137","s53","9QF4|1|A1|G|1136"
"9QF4|1|A1|G|1137","s35","9QF4|1|A1|A|1138"
"9QF4|1|A1|G|1137","s55","9QF4|1|A1|C|1124"
"9QF4|1|A1|A|1138","s35","9QF4|1|A1|G|1139"
"9QF4|1|A1|A|1138","s53","9QF4|1|A1|G|1137"
"9QF4|1|A1|A|1138","ns55","9QF4|1|A1|5MC|1123"
"9QF4|1|A1|G|1139","s35","9QF4|1|A1|G|1140"
"9QF4|1|A1|G|1139","s35","9QF4|1|A1|A|1119"
"9QF4|1|A1|G|1139","s53","9QF4|1|A1|A|1138"
"9QF4|1|A1|G|1140","s53","9QF4|1|A1|G|1139"
"9QF4|1|A1|A|1141","s55","9QF4|1|A1|C|1071"
"9QF4|1|A1|A|1141","s35","9QF4|1|A1|A|1142"
"9QF4|1|A1|A|1142","s33","9QF4|1|A1|A|1119"
"9QF4|1|A1|A|1142","s53","9QF4|1|A1|A|1141"
"9QF4|1|A1|G|1143","ns35","9QF4|1|A1|G|1122"
"9QF4|1|A1|G|1143","s35","9QF4|1|A1|G|1144"
"9QF4|1|A1|G|1143","s55","9QF4|1|A1|A|1119"
"9QF4|1|A1|G|1144","s53","9QF4|1|A1|G|1143"
"9QF4|1|A1|G|1144","s35","9QF4|1|A1|U|1121"
"9QF4|1|A1|G|1145","s55","9QF4|1|A1|A|1045"
"9QF4|1|A1|G|1146","s35","9QF4|1|A1|C|1147"
"9QF4|1|A1|G|1146","s55","9QF4|1|A1|G|1070"
"9QF4|1|A1|C|1147","s35","9QF4|1|A1|G|1148"
"9QF4|1|A1|C|1147","s53","9QF4|1|A1|G|1146"
"9QF4|1|A1|G|1148","s53","9QF4|1|A1|C|1147"
"9QF4|1|A1|G|1148","s55","9QF4|1|A1|G|1068"
"9QF4|1|A1|G|1148","s35","9QF4|1|A1|G|1149"
"9QF4|1|A1|G|1149","s55","9QF4|1|A1|4AC|1067"
"9QF4|1|A1|G|1149","s53","9QF4|1|A1|G|1148"
"9QF4|1|A1|G|1149","s35","9QF4|1|A1|G|1150"
"9QF4|1|A1|G|1150","s35","9QF4|1|A1|C|1151"
"9QF4|1|A1|G|1150","s55","9QF4|1|A1|C|1066"
"9QF4|1|A1|G|1150","s53","9QF4|1|A1|G|1149"
"9QF4|1|A1|C|1151","s35","9QF4|1|A1|U|1018"
"9QF4|1|A1|C|1151","s53","9QF4|1|A1|G|1150"
"9QF4|1|A1|A|1153","ns35","9QF4|1|A1|G|1017"
"9QF4|1|A1|A|1153","s55","9QF4|1|A1|A|1020"
"9QF4|1|A1|A|1153","s35","9QF4|1|A1|C|1154"
"9QF4|1|A1|C|1154","s35","9QF4|1|A1|G|1155"
"9QF4|1|A1|C|1154","s53","9QF4|1|A1|A|1153"
"9QF4|1|A1|G|1155","s35","9QF4|1|A1|G|1156"
"9QF4|1|A1|G|1155","s53","9QF4|1|A1|C|1154"
"9QF4|1|A1|G|1156","s53","9QF4|1|A1|G|1155"
"9QF4|1|A1|G|1156","s35","9QF4|1|A1|U|1157"
"9QF4|1|A1|G|1156","s55","9QF4|1|A1|4AC|1016"
"9QF4|1|A1|U|1157","s35","9QF4|1|A1|G|1159"
"9QF4|1|A1|U|1157","s53","9QF4|1|A1|G|1156"
"9QF4|1|A1|A|1158","s35","9QF4|1|A1|C|1007"
"9QF4|1|A1|G|1159","s55","9QF4|1|A1|G|1014"
"9QF4|1|A1|G|1159","s35","9QF4|1|A1|G|1160"
"9QF4|1|A1|G|1159","s53","9QF4|1|A1|U|1157"
"9QF4|1|A1|G|1160","s55","9QF4|1|A1|5MC|1013"
"9QF4|1|A1|G|1160","s35","9QF4|1|A1|U|1161"
"9QF4|1|A1|G|1160","s53","9QF4|1|A1|G|1159"
"9QF4|1|A1|U|1161","s53","9QF4|1|A1|G|1160"
"9QF4|1|A1|U|1161","s33","9QF4|1|A1|G|1006"
"9QF4|1|A1|C|1162","ns55","9QF4|1|A1|G|1006"
"9QF4|1|A1|C|1162","ns53","9QF4|1|A1|A|1166"
"9QF4|1|A1|C|1162","s33","9QF4|1|A1|U|1005"
"9QF4|1|A1|C|1162","ns55","9QF4|1|A1|U|1009"
"9QF4|1|A1|A|1163","s55","9QF4|1|A1|A|943"
"9QF4|1|A1|A|1163","ns35","9QF4|1|A1|G|922"
"9QF4|1|A1|A|1163","ns55","9QF4|1|A1|A|1002"
"9QF4|1|A1|G|1164","s35","9QF4|1|A1|OMU|1165"
"9QF4|1|A1|OMU|1165","ns35","9QF4|1|A1|A|1166"
"9QF4|1|A1|OMU|1165","ns55","9QF4|1|A1|G|1011"
"9QF4|1|A1|OMU|1165","s53","9QF4|1|A1|G|1164"
"9QF4|1|A1|A|1166","s55","9QF4|1|A1|G|1010"
"9QF4|1|A1|A|1166","s35","9QF4|1|A1|U|1167"
"9QF4|1|A1|A|1166","ns35","9QF4|1|A1|C|1162"
"9QF4|1|A1|A|1166","ns53","9QF4|1|A1|OMU|1165"
"9QF4|1|A1|U|1167","s53","9QF4|1|A1|A|1166"
"9QF4|1|A1|G|1168","s55","9QF4|1|A1|A|1008"
"9QF4|1|A1|G|1168","s35","9QF4|1|A1|C|1169"
"9QF4|1|A1|C|1169","s53","9QF4|1|A1|G|1168"
"9QF4|1|A1|C|1169","s35","9QF4|1|A1|C|1170"
"9QF4|1|A1|C|1170","s55","9QF4|1|A1|2MG|1004"
"9QF4|1|A1|C|1170","s35","9QF4|1|A1|C|1171"
"9QF4|1|A1|C|1170","s53","9QF4|1|A1|C|1169"
"9QF4|1|A1|C|1171","s53","9QF4|1|A1|C|1170"
"9QF4|1|A1|C|1171","s55","9QF4|1|A1|OMG|1003"
"9QF4|1|A1|C|1171","ns35","9QF4|1|A1|C|1172"
"9QF4|1|A1|C|1172","s35","9QF4|1|A1|G|1173"
"9QF4|1|A1|C|1172","ns53","9QF4|1|A1|A|1176"
"9QF4|1|A1|C|1172","s55","9QF4|1|A1|G|1001"
"9QF4|1|A1|C|1172","ns53","9QF4|1|A1|C|1171"
"9QF4|1|A1|G|1173","ns55","9QF4|1|A1|G|1000"
"9QF4|1|A1|G|1173","s53","9QF4|1|A1|C|1172"
"9QF4|1|A1|G|1173","ns33","9QF4|1|A1|G|998"
"9QF4|1|A1|A|1174","s35","9QF4|1|A1|G|952"
"9QF4|1|A1|A|1174","s55","9QF4|1|A1|A|1175"
"9QF4|1|A1|A|1174","s53","9QF4|1|A1|5MC|951"
"9QF4|1|A1|A|1175","s35","9QF4|1|A1|C|1177"
"9QF4|1|A1|A|1175","s55","9QF4|1|A1|A|1174"
"9QF4|1|A1|A|1176","ns35","9QF4|1|A1|C|1172"
"9QF4|1|A1|C|1177","s53","9QF4|1|A1|A|1175"
"9QF4|1|A1|C|1177","s35","9QF4|1|A1|C|1178"
"9QF4|1|A1|C|1178","s55","9QF4|1|A1|G|950"
"9QF4|1|A1|C|1178","s35","9QF4|1|A1|C|1179"
"9QF4|1|A1|C|1178","s53","9QF4|1|A1|C|1177"
"9QF4|1|A1|C|1179","s35","9QF4|1|A1|C|1180"
"9QF4|1|A1|C|1179","s55","9QF4|1|A1|G|949"
"9QF4|1|A1|C|1179","s53","9QF4|1|A1|C|1178"
"9QF4|1|A1|C|1180","s35","9QF4|1|A1|4AC|1181"
"9QF4|1|A1|C|1180","s53","9QF4|1|A1|C|1179"
"9QF4|1|A1|C|1180","s55","9QF4|1|A1|G|948"
"9QF4|1|A1|4AC|1181","ns55","9QF4|1|A1|G|975"
"9QF4|1|A1|4AC|1181","s55","9QF4|1|A1|G|947"
"9QF4|1|A1|4AC|1181","s53","9QF4|1|A1|C|1180"
"9QF4|1|A1|4AC|1181","s35","9QF4|1|A1|G|1182"
"9QF4|1|A1|G|1182","s53","9QF4|1|A1|4AC|1181"
"9QF4|1|A1|G|1182","s35","9QF4|1|A1|G|1183"
"9QF4|1|A1|G|1182","s55","9QF4|1|A1|G|946"
"9QF4|1|A1|G|1183","s55","9QF4|1|A1|4AC|945"
"9QF4|1|A1|G|1183","s53","9QF4|1|A1|G|1182"
"9QF4|1|A1|G|1183","s35","9QF4|1|A1|G|1184"
"9QF4|1|A1|G|1184","s53","9QF4|1|A1|G|1183"
"9QF4|1|A1|G|1184","s55","9QF4|1|A1|C|944"
"9QF4|1|A1|G|1184","s35","9QF4|1|A1|C|1185"
"9QF4|1|A1|C|1185","s53","9QF4|1|A1|G|1184"
"9QF4|1|A1|C|1185","s35","9QF4|1|A1|A|937"
"9QF4|1|A1|U|1186","s35","9QF4|1|A1|C|1284"
"9QF4|1|A1|U|1186","ns55","9QF4|1|A1|A|937"
"9QF4|1|A1|A|1187","s55","9QF4|1|A1|U|916"
"9QF4|1|A1|A|1187","s55","9QF4|1|A1|U|920"
"9QF4|1|A1|A|1187","s35","9QF4|1|A1|C|1188"
"9QF4|1|A1|C|1188","s53","9QF4|1|A1|A|1187"
"9QF4|1|A1|A|1189","s55","9QF4|1|A1|5MC|1190"
"9QF4|1|A1|5MC|1190","ns35","9QF4|1|A1|G|1191"
"9QF4|1|A1|5MC|1190","s55","9QF4|1|A1|G|914"
"9QF4|1|A1|5MC|1190","s55","9QF4|1|A1|A|1189"
"9QF4|1|A1|G|1191","s55","9QF4|1|A1|G|913"
"9QF4|1|A1|G|1191","s35","9QF4|1|A1|C|1192"
"9QF4|1|A1|G|1191","ns53","9QF4|1|A1|5MC|1190"
"9QF4|1|A1|C|1192","s53","9QF4|1|A1|G|1191"
"9QF4|1|A1|G|1193","s35","9QF4|1|A1|OMC|1194"
"9QF4|1|A1|G|1193","s55","9QF4|1|A1|G|911"
"9QF4|1|A1|OMC|1194","s53","9QF4|1|A1|G|1193"
"9QF4|1|A1|OMC|1194","s35","9QF4|1|A1|G|1195"
"9QF4|1|A1|G|1195","s55","9QF4|1|A1|G|909"
"9QF4|1|A1|G|1195","s53","9QF4|1|A1|OMC|1194"
"9QF4|1|A1|G|1195","s35","9QF4|1|A1|C|1196"
"9QF4|1|A1|C|1196","s53","9QF4|1|A1|G|1195"
"9QF4|1|A1|C|1196","s35","9QF4|1|A1|U|1197"
"9QF4|1|A1|U|1197","s35","9QF4|1|A1|A|1198"
"9QF4|1|A1|U|1197","s55","9QF4|1|A1|G|907"
"9QF4|1|A1|U|1197","s53","9QF4|1|A1|C|1196"
"9QF4|1|A1|A|1198","s53","9QF4|1|A1|U|1197"
"9QF4|1|A1|A|1198","s55","9QF4|1|A1|A|906"
"9QF4|1|A1|A|1198","s35","9QF4|1|A1|C|1199"
"9QF4|1|A1|C|1199","s35","9QF4|1|A1|U|1298"
"9QF4|1|A1|C|1199","s53","9QF4|1|A1|A|1198"
"9QF4|1|A1|A|1200","s35","9QF4|1|A1|A|1201"
"9QF4|1|A1|A|1200","s33","9QF4|1|A1|A|1261"
"9QF4|1|A1|A|1201","s53","9QF4|1|A1|A|1200"
"9QF4|1|A1|A|1201","s55","9QF4|1|A1|G|1203"
"9QF4|1|A1|A|1201","ns35","9QF4|1|A1|U|1259"
"9QF4|1|A1|A|1201","s35","9QF4|1|A1|C|1260"
"9QF4|1|A1|G|1203","s55","9QF4|1|A1|A|1201"
"9QF4|1|A1|G|1203","s35","9QF4|1|A1|G|1204"
"9QF4|1|A1|G|1204","s55","9QF4|1|A1|C|1258"
"9QF4|1|A1|G|1204","s53","9QF4|1|A1|G|1203"
"9QF4|1|A1|G|1204","s35","9QF4|1|A1|G|1205"
"9QF4|1|A1|G|1205","s55","9QF4|1|A1|C|1257"
"9QF4|1|A1|G|1205","s53","9QF4|1|A1|G|1204"
"9QF4|1|A1|G|1205","s35","9QF4|1|A1|C|1206"
"9QF4|1|A1|C|1206","s53","9QF4|1|A1|G|1205"
"9QF4|1|A1|C|1206","s35","9QF4|1|A1|G|1207"
"9QF4|1|A1|G|1207","s35","9QF4|1|A1|G|1208"
"9QF4|1|A1|G|1207","s53","9QF4|1|A1|C|1206"
"9QF4|1|A1|G|1207","s55","9QF4|1|A1|G|1255"
"9QF4|1|A1|G|1208","s35","9QF4|1|A1|G|1209"
"9QF4|1|A1|G|1208","s55","9QF4|1|A1|4AC|1254"
"9QF4|1|A1|G|1208","s53","9QF4|1|A1|G|1207"
"9QF4|1|A1|G|1209","s55","9QF4|1|A1|C|1253"
"9QF4|1|A1|G|1209","s35","9QF4|1|A1|A|1210"
"9QF4|1|A1|G|1209","s53","9QF4|1|A1|G|1208"
"9QF4|1|A1|A|1210","s53","9QF4|1|A1|G|1209"
"9QF4|1|A1|A|1210","s55","9QF4|1|A1|C|1252"
"9QF4|1|A1|A|1210","s35","9QF4|1|A1|C|1211"
"9QF4|1|A1|C|1211","ns33","9QF4|1|A1|A|1249"
"9QF4|1|A1|C|1211","s53","9QF4|1|A1|A|1210"
"9QF4|1|A1|A|1212","s55","9QF4|1|A1|A|1249"
"9QF4|1|A1|A|1212","s35","9QF4|1|A1|A|1213"
"9QF4|1|A1|A|1213","s35","9QF4|1|A1|U|1214"
"9QF4|1|A1|A|1213","s53","9QF4|1|A1|A|1212"
"9QF4|1|A1|A|1213","ns35","9QF4|1|A1|C|1247"
"9QF4|1|A1|U|1214","s35","9QF4|1|A1|G|1215"
"9QF4|1|A1|U|1214","s53","9QF4|1|A1|A|1213"
"9QF4|1|A1|G|1215","s35","9QF4|1|A1|G|1216"
"9QF4|1|A1|G|1215","ns53","9QF4|1|A1|C|1247"
"9QF4|1|A1|G|1215","s53","9QF4|1|A1|U|1214"
"9QF4|1|A1|G|1216","s53","9QF4|1|A1|G|1215"
"9QF4|1|A1|G|1216","s55","9QF4|1|A1|C|1246"
"9QF4|1|A1|G|1216","s35","9QF4|1|A1|G|1217"
"9QF4|1|A1|G|1217","s55","9QF4|1|A1|C|1245"
"9QF4|1|A1|G|1217","s33","9QF4|1|A1|A|1241"
"9QF4|1|A1|G|1217","s53","9QF4|1|A1|G|1216"
"9QF4|1|A1|A|1218","s35","9QF4|1|A1|C|1220"
"9QF4|1|A1|A|1218","s33","9QF4|1|A1|G|1239"
"9QF4|1|A1|A|1218","s53","9QF4|1|A1|G|1240"
"9QF4|1|A1|C|1220","s53","9QF4|1|A1|A|1218"
"9QF4|1|A1|C|1220","s35","9QF4|1|A1|4AC|1221"
"9QF4|1|A1|4AC|1221","s55","9QF4|1|A1|G|1239"
"9QF4|1|A1|4AC|1221","s35","9QF4|1|A1|G|1222"
"9QF4|1|A1|4AC|1221","s53","9QF4|1|A1|C|1220"
"9QF4|1|A1|G|1222","s33","9QF4|1|A1|A|1236"
"9QF4|1|A1|G|1222","s53","9QF4|1|A1|4AC|1221"
"9QF4|1|A1|A|1223","s35","9QF4|1|A1|C|1224"
"9QF4|1|A1|A|1223","s55","9QF4|1|A1|A|1237"
"9QF4|1|A1|C|1224","s35","9QF4|1|A1|C|1225"
"9QF4|1|A1|C|1224","ns55","9QF4|1|A1|A|1236"
"9QF4|1|A1|C|1224","s53","9QF4|1|A1|A|1223"
"9QF4|1|A1|C|1225","s35","9QF4|1|A1|OMC|1226"
"9QF4|1|A1|C|1225","s53","9QF4|1|A1|C|1224"
"9QF4|1|A1|C|1225","s55","9QF4|1|A1|G|1235"
"9QF4|1|A1|OMC|1226","s55","9QF4|1|A1|G|1234"
"9QF4|1|A1|OMC|1226","s35","9QF4|1|A1|4AC|1227"
"9QF4|1|A1|OMC|1226","s53","9QF4|1|A1|C|1225"
"9QF4|1|A1|4AC|1227","s53","9QF4|1|A1|OMC|1226"
"9QF4|1|A1|4AC|1227","s55","9QF4|1|A1|G|1233"
"9QF4|1|A1|4AC|1227","s35","9QF4|1|A1|G|1228"
"9QF4|1|A1|G|1228","s53","9QF4|1|A1|4AC|1227"
"9QF4|1|A1|G|1228","s55","9QF4|1|A1|G|1232"
"9QF4|1|A1|A|1229","s35","9QF4|1|A1|A|1230"
"9QF4|1|A1|A|1230","s53","9QF4|1|A1|A|1229"
"9QF4|1|A1|A|1230","s35","9QF4|1|A1|A|1231"
"9QF4|1|A1|A|1231","s53","9QF4|1|A1|A|1230"
"9QF4|1|A1|G|1232","s35","9QF4|1|A1|G|1233"
"9QF4|1|A1|G|1232","s55","9QF4|1|A1|G|1228"
"9QF4|1|A1|G|1233","s35","9QF4|1|A1|G|1234"
"9QF4|1|A1|G|1233","s55","9QF4|1|A1|4AC|1227"
"9QF4|1|A1|G|1233","s53","9QF4|1|A1|G|1232"
"9QF4|1|A1|G|1234","s53","9QF4|1|A1|G|1233"
"9QF4|1|A1|G|1234","s55","9QF4|1|A1|OMC|1226"
"9QF4|1|A1|G|1234","s35","9QF4|1|A1|G|1235"
"9QF4|1|A1|G|1235","s55","9QF4|1|A1|C|1225"
"9QF4|1|A1|G|1235","s53","9QF4|1|A1|G|1234"
"9QF4|1|A1|G|1235","s35","9QF4|1|A1|A|1236"
"9QF4|1|A1|A|1236","s53","9QF4|1|A1|G|1235"
"9QF4|1|A1|A|1236","ns55","9QF4|1|A1|C|1224"
"9QF4|1|A1|A|1236","s33","9QF4|1|A1|G|1222"
"9QF4|1|A1|A|1237","s35","9QF4|1|A1|G|1238"
"9QF4|1|A1|A|1237","s55","9QF4|1|A1|A|1223"
"9QF4|1|A1|G|1238","s35","9QF4|1|A1|G|1239"
"9QF4|1|A1|G|1238","s53","9QF4|1|A1|A|1237"
"9QF4|1|A1|G|1239","s33","9QF4|1|A1|A|1218"
"9QF4|1|A1|G|1239","s55","9QF4|1|A1|4AC|1221"
"9QF4|1|A1|G|1239","s53","9QF4|1|A1|G|1238"
"9QF4|1|A1|G|1240","s35","9QF4|1|A1|A|1218"
"9QF4|1|A1|A|1241","s33","9QF4|1|A1|G|1217"
"9QF4|1|A1|U|1243","s35","9QF4|1|A1|U|1079"
"9QF4|1|A1|C|1244","s35","9QF4|1|A1|C|1245"
"9QF4|1|A1|C|1245","s55","9QF4|1|A1|G|1217"
"9QF4|1|A1|C|1245","s53","9QF4|1|A1|C|1244"
"9QF4|1|A1|C|1245","s35","9QF4|1|A1|C|1246"
"9QF4|1|A1|C|1246","s53","9QF4|1|A1|C|1245"
"9QF4|1|A1|C|1246","s55","9QF4|1|A1|G|1216"
"9QF4|1|A1|C|1246","s33","9QF4|1|A1|C|1247"
"9QF4|1|A1|C|1247","ns53","9QF4|1|A1|A|1213"
"9QF4|1|A1|C|1247","s33","9QF4|1|A1|C|1246"
"9QF4|1|A1|C|1247","ns35","9QF4|1|A1|G|1215"
"9QF4|1|A1|A|1249","s55","9QF4|1|A1|A|1212"
"9QF4|1|A1|A|1249","ns33","9QF4|1|A1|C|1211"
"9QF4|1|A1|A|1249","s35","9QF4|1|A1|A|1250"
"9QF4|1|A1|A|1250","s53","9QF4|1|A1|A|1249"
"9QF4|1|A1|A|1250","s35","9QF4|1|A1|A|1251"
"9QF4|1|A1|A|1251","ns35","9QF4|1|A1|C|1252"
"9QF4|1|A1|A|1251","s53","9QF4|1|A1|A|1250"
"9QF4|1|A1|C|1252","s55","9QF4|1|A1|A|1210"
"9QF4|1|A1|C|1252","s35","9QF4|1|A1|C|1253"
"9QF4|1|A1|C|1252","ns53","9QF4|1|A1|A|1251"
"9QF4|1|A1|C|1253","s55","9QF4|1|A1|G|1209"
"9QF4|1|A1|C|1253","s53","9QF4|1|A1|C|1252"
"9QF4|1|A1|C|1253","s35","9QF4|1|A1|4AC|1254"
"9QF4|1|A1|4AC|1254","s55","9QF4|1|A1|G|1208"
"9QF4|1|A1|4AC|1254","s53","9QF4|1|A1|C|1253"
"9QF4|1|A1|4AC|1254","ns35","9QF4|1|A1|G|1255"
"9QF4|1|A1|G|1255","ns53","9QF4|1|A1|4AC|1254"
"9QF4|1|A1|G|1255","s35","9QF4|1|A1|C|1256"
"9QF4|1|A1|G|1255","s55","9QF4|1|A1|G|1207"
"9QF4|1|A1|C|1256","s35","9QF4|1|A1|C|1257"
"9QF4|1|A1|C|1256","s53","9QF4|1|A1|G|1255"
"9QF4|1|A1|C|1257","s35","9QF4|1|A1|C|1258"
"9QF4|1|A1|C|1257","s55","9QF4|1|A1|G|1205"
"9QF4|1|A1|C|1257","s53","9QF4|1|A1|C|1256"
"9QF4|1|A1|C|1258","s35","9QF4|1|A1|U|1259"
"9QF4|1|A1|C|1258","s53","9QF4|1|A1|C|1257"
"9QF4|1|A1|C|1258","s55","9QF4|1|A1|G|1204"
"9QF4|1|A1|U|1259","ns53","9QF4|1|A1|A|1201"
"9QF4|1|A1|U|1259","s53","9QF4|1|A1|C|1258"
"9QF4|1|A1|C|1260","s53","9QF4|1|A1|A|1201"
"9QF4|1|A1|C|1260","s55","9QF4|1|A1|A|1261"
"9QF4|1|A1|A|1261","s55","9QF4|1|A1|C|1260"
"9QF4|1|A1|A|1261","s35","9QF4|1|A1|U|1263"
"9QF4|1|A1|A|1261","s33","9QF4|1|A1|A|1200"
"9QF4|1|A1|G|1262","s55","9QF4|1|A1|C|1297"
"9QF4|1|A1|G|1262","s33","9QF4|1|A1|G|1296"
"9QF4|1|A1|U|1263","s35","9QF4|1|A1|C|1265"
"9QF4|1|A1|U|1263","s53","9QF4|1|A1|A|1261"
"9QF4|1|A1|C|1265","s35","9QF4|1|A1|G|1266"
"9QF4|1|A1|C|1265","s53","9QF4|1|A1|U|1263"
"9QF4|1|A1|G|1266","s35","9QF4|1|A1|G|1267"
"9QF4|1|A1|G|1266","s53","9QF4|1|A1|C|1265"
"9QF4|1|A1|G|1266","s33","9QF4|1|A1|A|1294"
"9QF4|1|A1|G|1266","s55","9QF4|1|A1|G|1296"
"9QF4|1|A1|G|1267","ns35","9QF4|1|A1|A|1268"
"9QF4|1|A1|G|1267","s53","9QF4|1|A1|G|1266"
"9QF4|1|A1|G|1267","s33","9QF4|1|A1|G|1293"
"9QF4|1|A1|A|1268","ns53","9QF4|1|A1|G|1267"
"9QF4|1|A1|A|1268","s55","9QF4|1|A1|A|1294"
"9QF4|1|A1|A|1268","s35","9QF4|1|A1|U|1269"
"9QF4|1|A1|U|1269","ns55","9QF4|1|A1|G|1293"
"9QF4|1|A1|U|1269","s53","9QF4|1|A1|A|1268"
"9QF4|1|A1|U|1269","s35","9QF4|1|A1|C|1270"
"9QF4|1|A1|C|1270","s53","9QF4|1|A1|U|1269"
"9QF4|1|A1|G|1271","s35","9QF4|1|A1|C|1272"
"9QF4|1|A1|G|1271","s55","9QF4|1|A1|G|1291"
"9QF4|1|A1|C|1272","s53","9QF4|1|A1|G|1271"
"9QF4|1|A1|C|1272","s35","9QF4|1|A1|G|1273"
"9QF4|1|A1|G|1273","s35","9QF4|1|A1|G|1274"
"9QF4|1|A1|G|1273","s53","9QF4|1|A1|C|1272"
"9QF4|1|A1|G|1273","s55","9QF4|1|A1|G|1289"
"9QF4|1|A1|G|1274","s53","9QF4|1|A1|G|1273"
"9QF4|1|A1|G|1274","s35","9QF4|1|A1|G|1275"
"9QF4|1|A1|G|1274","s55","9QF4|1|A1|4AC|1288"
"9QF4|1|A1|G|1275","s35","9QF4|1|A1|C|1276"
"9QF4|1|A1|G|1275","s55","9QF4|1|A1|C|1287"
"9QF4|1|A1|G|1275","s53","9QF4|1|A1|G|1274"
"9QF4|1|A1|C|1276","s53","9QF4|1|A1|G|1275"
"9QF4|1|A1|C|1276","s35","9QF4|1|A1|U|1277"
"9QF4|1|A1|U|1277","s53","9QF4|1|A1|C|1276"
"9QF4|1|A1|U|1277","s55","9QF4|1|A1|G|1285"
"9QF4|1|A1|U|1277","s35","9QF4|1|A1|G|1278"
"9QF4|1|A1|G|1278","ns33","9QF4|1|A1|A|1280"
"9QF4|1|A1|G|1278","s53","9QF4|1|A1|U|1277"
"9QF4|1|A1|G|1278","s55","9QF4|1|A1|A|1281"
"9QF4|1|A1|C|1279","s35","9QF4|1|A1|A|1280"
"9QF4|1|A1|A|1280","s53","9QF4|1|A1|C|1279"
"9QF4|1|A1|A|1280","s33","9QF4|1|A1|A|938"
"9QF4|1|A1|A|1280","ns33","9QF4|1|A1|G|1278"
"9QF4|1|A1|A|1281","s55","9QF4|1|A1|A|938"
"9QF4|1|A1|A|1281","s55","9QF4|1|A1|G|1278"
"9QF4|1|A1|A|1281","s35","9QF4|1|A1|G|1285"
"9QF4|1|A1|C|1282","s35","9QF4|1|A1|U|1283"
"9QF4|1|A1|U|1283","s33","9QF4|1|A1|C|1284"
"9QF4|1|A1|U|1283","s53","9QF4|1|A1|C|1282"
"9QF4|1|A1|C|1284","s33","9QF4|1|A1|U|1283"
"9QF4|1|A1|C|1284","s53","9QF4|1|A1|U|1186"
"9QF4|1|A1|G|1285","s55","9QF4|1|A1|U|1277"
"9QF4|1|A1|G|1285","s53","9QF4|1|A1|A|1281"
"9QF4|1|A1|G|1285","s35","9QF4|1|A1|C|1286"
"9QF4|1|A1|C|1286","s53","9QF4|1|A1|G|1285"
"9QF4|1|A1|C|1286","s35","9QF4|1|A1|C|1287"
"9QF4|1|A1|C|1287","s53","9QF4|1|A1|C|1286"
"9QF4|1|A1|C|1287","s35","9QF4|1|A1|4AC|1288"
"9QF4|1|A1|C|1287","s55","9QF4|1|A1|G|1275"
"9QF4|1|A1|4AC|1288","s53","9QF4|1|A1|C|1287"
"9QF4|1|A1|4AC|1288","s55","9QF4|1|A1|G|1274"
"9QF4|1|A1|G|1289","s55","9QF4|1|A1|G|1273"
"9QF4|1|A1|G|1289","s35","9QF4|1|A1|C|1290"
"9QF4|1|A1|C|1290","s53","9QF4|1|A1|G|1289"
"9QF4|1|A1|C|1290","ns35","9QF4|1|A1|G|1291"
"9QF4|1|A1|G|1291","ns53","9QF4|1|A1|C|1290"
"9QF4|1|A1|G|1291","s35","9QF4|1|A1|U|1292"
"9QF4|1|A1|G|1291","s55","9QF4|1|A1|G|1271"
"9QF4|1|A1|U|1292","s53","9QF4|1|A1|G|1291"
"9QF4|1|A1|U|1292","s35","9QF4|1|A1|G|1293"
"9QF4|1|A1|G|1293","s53","9QF4|1|A1|U|1292"
"9QF4|1|A1|G|1293","ns55","9QF4|1|A1|U|1269"
"9QF4|1|A1|G|1293","s33","9QF4|1|A1|G|1267"
"9QF4|1|A1|A|1294","s35","9QF4|1|A1|A|1295"
"9QF4|1|A1|A|1294","s55","9QF4|1|A1|A|1268"
"9QF4|1|A1|A|1294","s33","9QF4|1|A1|G|1266"
"9QF4|1|A1|A|1295","s53","9QF4|1|A1|A|1294"
"9QF4|1|A1|A|1295","s35","9QF4|1|A1|G|1296"
"9QF4|1|A1|G|1296","s53","9QF4|1|A1|A|1295"
"9QF4|1|A1|G|1296","s33","9QF4|1|A1|G|1262"
"9QF4|1|A1|G|1296","s55","9QF4|1|A1|G|1266"
"9QF4|1|A1|C|1297","s55","9QF4|1|A1|G|1262"
"9QF4|1|A1|U|1298","s55","9QF4|1|A1|G|1299"
"9QF4|1|A1|U|1298","s53","9QF4|1|A1|C|1199"
"9QF4|1|A1|G|1299","s55","9QF4|1|A1|U|1298"
"9QF4|1|A1|G|1299","s35","9QF4|1|A1|G|905"
"9QF4|1|A1|G|1300","s35","9QF4|1|A1|A|1301"
"9QF4|1|A1|A|1301","s35","9QF4|1|A1|A|1302"
"9QF4|1|A1|A|1301","s53","9QF4|1|A1|G|1300"
"9QF4|1|A1|A|1302","s35","9QF4|1|A1|U|1303"
"9QF4|1|A1|A|1302","s55","9QF4|1|A1|G|904"
"9QF4|1|A1|A|1302","s53","9QF4|1|A1|A|1301"
"9QF4|1|A1|U|1303","s35","9QF4|1|A1|C|1304"
"9QF4|1|A1|U|1303","s53","9QF4|1|A1|A|1302"
"9QF4|1|A1|C|1304","s35","9QF4|1|A1|C|1305"
"9QF4|1|A1|C|1304","s53","9QF4|1|A1|U|1303"
"9QF4|1|A1|C|1304","s55","9QF4|1|A1|G|902"
"9QF4|1|A1|C|1305","s55","9QF4|1|A1|OMG|901"
"9QF4|1|A1|C|1305","s53","9QF4|1|A1|C|1304"
"9QF4|1|A1|C|1305","s35","9QF4|1|A1|C|1306"
"9QF4|1|A1|C|1306","ns55","9QF4|1|A1|G|900"
"9QF4|1|A1|C|1306","s33","9QF4|1|A1|C|893"
"9QF4|1|A1|C|1306","s53","9QF4|1|A1|C|1305"
"9QF4|1|A1|U|1307","s35","9QF4|1|A1|A|1339"
"9QF4|1|A1|U|1307","s55","9QF4|1|A1|C|893"
"9QF4|1|A1|A|1308","s55","9QF4|1|A1|U|1310"
"9QF4|1|A1|A|1308","s53","9QF4|1|A1|A|1336"
"9QF4|1|A1|G|1309","s33","9QF4|1|A1|G|1335"
"9QF4|1|A1|U|1310","s33","9QF4|1|A1|G|1335"
"9QF4|1|A1|U|1310","s35","9QF4|1|A1|A|1311"
"9QF4|1|A1|U|1310","s55","9QF4|1|A1|A|1308"
"9QF4|1|A1|A|1311","s55","9QF4|1|A1|A|1336"
"9QF4|1|A1|A|1311","s35","9QF4|1|A1|C|1312"
"9QF4|1|A1|A|1311","s53","9QF4|1|A1|U|1310"
"9QF4|1|A1|C|1312","ns55","9QF4|1|A1|G|1335"
"9QF4|1|A1|C|1312","s35","9QF4|1|A1|C|1313"
"9QF4|1|A1|C|1312","s53","9QF4|1|A1|A|1311"
"9QF4|1|A1|C|1313","s35","9QF4|1|A1|4AC|1314"
"9QF4|1|A1|C|1313","s53","9QF4|1|A1|C|1312"
"9QF4|1|A1|4AC|1314","s53","9QF4|1|A1|C|1313"
"9QF4|1|A1|4AC|1314","s35","9QF4|1|A1|G|1315"
"9QF4|1|A1|4AC|1314","s55","9QF4|1|A1|G|1333"
"9QF4|1|A1|G|1315","s55","9QF4|1|A1|G|1332"
"9QF4|1|A1|G|1315","s53","9QF4|1|A1|4AC|1314"
"9QF4|1|A1|G|1315","s35","9QF4|1|A1|C|1316"
"9QF4|1|A1|C|1316","s53","9QF4|1|A1|G|1315"
"9QF4|1|A1|G|1317","s55","9QF4|1|A1|G|1330"
"9QF4|1|A1|G|1317","s35","9QF4|1|A1|U|1318"
"9QF4|1|A1|U|1318","s53","9QF4|1|A1|G|1317"
"9QF4|1|A1|U|1318","ns35","9QF4|1|A1|G|1319"
"9QF4|1|A1|G|1319","ns33","9QF4|1|A1|A|1325"
"9QF4|1|A1|G|1319","s55","9QF4|1|A1|G|1328"
"9QF4|1|A1|G|1319","s35","9QF4|1|A1|U|1320"
"9QF4|1|A1|G|1319","ns53","9QF4|1|A1|U|1318"
"9QF4|1|A1|U|1320","s35","9QF4|1|A1|G|936"
"9QF4|1|A1|U|1320","s53","9QF4|1|A1|G|1319"
"9QF4|1|A1|A|1322","s35","9QF4|1|A1|U|1323"
"9QF4|1|A1|U|1323","s53","9QF4|1|A1|A|1322"
"9QF4|1|A1|U|1323","s35","9QF4|1|A1|C|1324"
"9QF4|1|A1|C|1324","s53","9QF4|1|A1|U|1323"
"9QF4|1|A1|C|1324","s33","9QF4|1|A1|G|936"
"9QF4|1|A1|A|1325","ns33","9QF4|1|A1|G|1319"
"9QF4|1|A1|A|1325","s55","9QF4|1|A1|G|936"
"9QF4|1|A1|A|1325","ns53","9QF4|1|A1|G|931"
"9QF4|1|A1|A|1325","s35","9QF4|1|A1|C|1327"
"9QF4|1|A1|C|1327","s53","9QF4|1|A1|A|1325"
"9QF4|1|A1|C|1327","s35","9QF4|1|A1|G|1328"
"9QF4|1|A1|G|1328","s35","9QF4|1|A1|C|1329"
"9QF4|1|A1|G|1328","s53","9QF4|1|A1|C|1327"
"9QF4|1|A1|G|1328","s55","9QF4|1|A1|G|1319"
"9QF4|1|A1|C|1329","s35","9QF4|1|A1|G|1330"
"9QF4|1|A1|C|1329","s53","9QF4|1|A1|G|1328"
"9QF4|1|A1|G|1330","s35","9QF4|1|A1|C|1331"
"9QF4|1|A1|G|1330","s53","9QF4|1|A1|C|1329"
"9QF4|1|A1|G|1330","s55","9QF4|1|A1|G|1317"
"9QF4|1|A1|C|1331","s35","9QF4|1|A1|G|1332"
"9QF4|1|A1|C|1331","s53","9QF4|1|A1|G|1330"
"9QF4|1|A1|G|1332","s35","9QF4|1|A1|G|1333"
"9QF4|1|A1|G|1332","s53","9QF4|1|A1|C|1331"
"9QF4|1|A1|G|1332","s55","9QF4|1|A1|G|1315"
"9QF4|1|A1|G|1333","s35","9QF4|1|A1|C|1334"
"9QF4|1|A1|G|1333","s53","9QF4|1|A1|G|1332"
"9QF4|1|A1|G|1333","s55","9QF4|1|A1|4AC|1314"
"9QF4|1|A1|C|1334","s35","9QF4|1|A1|G|1335"
"9QF4|1|A1|C|1334","s53","9QF4|1|A1|G|1333"
"9QF4|1|A1|G|1335","s53","9QF4|1|A1|C|1334"
"9QF4|1|A1|G|1335","ns55","9QF4|1|A1|C|1312"
"9QF4|1|A1|G|1335","s33","9QF4|1|A1|U|1310"
"9QF4|1|A1|G|1335","s33","9QF4|1|A1|G|1309"
"9QF4|1|A1|A|1336","s55","9QF4|1|A1|A|1311"
"9QF4|1|A1|A|1336","s35","9QF4|1|A1|A|1337"
"9QF4|1|A1|A|1336","s35","9QF4|1|A1|A|1308"
"9QF4|1|A1|A|1337","s35","9QF4|1|A1|U|1338"
"9QF4|1|A1|A|1337","s53","9QF4|1|A1|A|1336"
"9QF4|1|A1|U|1338","s35","9QF4|1|A1|A|1339"
"9QF4|1|A1|U|1338","s53","9QF4|1|A1|A|1337"
"9QF4|1|A1|A|1339","s33","9QF4|1|A1|C|1340"
"9QF4|1|A1|A|1339","s53","9QF4|1|A1|U|1338"
"9QF4|1|A1|A|1339","s53","9QF4|1|A1|U|1307"
"9QF4|1|A1|C|1340","s33","9QF4|1|A1|A|1339"
"9QF4|1|A1|G|1341","s35","9QF4|1|A1|U|1342"
"9QF4|1|A1|G|1341","s55","9QF4|1|A1|A|897"
"9QF4|1|A1|U|1342","s35","9QF4|1|A1|C|1343"
"9QF4|1|A1|U|1342","s53","9QF4|1|A1|G|1341"
"9QF4|1|A1|C|1343","s53","9QF4|1|A1|U|1342"
"9QF4|1|A1|C|1343","ns53","9QF4|1|A1|C|1344"
"9QF4|1|A1|C|1343","s33","9QF4|1|A1|C|891"
"9QF4|1|A1|C|1344","ns35","9QF4|1|A1|C|1343"
"9QF4|1|A1|C|1344","ns35","9QF4|1|A1|C|1345"
"9QF4|1|A1|C|1345","ns53","9QF4|1|A1|C|1344"
"9QF4|1|A1|C|1345","s35","9QF4|1|A1|U|1346"
"9QF4|1|A1|U|1346","s35","9QF4|1|A1|G|1347"
"9QF4|1|A1|U|1346","s53","9QF4|1|A1|C|1345"
"9QF4|1|A1|G|1347","s35","9QF4|1|A1|C|1348"
"9QF4|1|A1|G|1347","s55","9QF4|1|A1|A|892"
"9QF4|1|A1|G|1347","s53","9QF4|1|A1|U|1346"
"9QF4|1|A1|C|1348","s53","9QF4|1|A1|G|1347"
"9QF4|1|A1|C|1348","ns35","9QF4|1|A1|U|1349"
"9QF4|1|A1|U|1349","ns53","9QF4|1|A1|C|1348"
"9QF4|1|A1|U|1349","s55","9QF4|1|A1|G|890"
"9QF4|1|A1|U|1349","s35","9QF4|1|A1|C|1350"
"9QF4|1|A1|C|1350","s55","9QF4|1|A1|A|889"
"9QF4|1|A1|C|1350","s35","9QF4|1|A1|C|1351"
"9QF4|1|A1|C|1350","s53","9QF4|1|A1|U|1349"
"9QF4|1|A1|C|1351","s35","9QF4|1|A1|U|1352"
"9QF4|1|A1|C|1351","s55","9QF4|1|A1|G|888"
"9QF4|1|A1|C|1351","s53","9QF4|1|A1|C|1350"
"9QF4|1|A1|U|1352","s53","9QF4|1|A1|C|1351"
"9QF4|1|A1|U|1352","s55","9QF4|1|A1|G|887"
"9QF4|1|A1|U|1352","s35","9QF4|1|A1|U|1353"
"9QF4|1|A1|U|1353","s35","9QF4|1|A1|G|1354"
"9QF4|1|A1|U|1353","s55","9QF4|1|A1|G|886"
"9QF4|1|A1|U|1353","s53","9QF4|1|A1|U|1352"
"9QF4|1|A1|G|1354","s55","9QF4|1|A1|G|884"
"9QF4|1|A1|G|1354","s35","9QF4|1|A1|C|1355"
"9QF4|1|A1|G|1354","s53","9QF4|1|A1|U|1353"
"9QF4|1|A1|C|1355","s53","9QF4|1|A1|G|1354"
"9QF4|1|A1|C|1355","s35","9QF4|1|A1|C|1357"
"9QF4|1|A1|C|1357","s55","9QF4|1|A1|G|882"
"9QF4|1|A1|C|1357","ns35","9QF4|1|A1|A|1358"
"9QF4|1|A1|C|1357","s53","9QF4|1|A1|C|1355"
"9QF4|1|A1|A|1358","s35","9QF4|1|A1|G|10"
"9QF4|1|A1|A|1358","s55","9QF4|1|A1|G|881"
"9QF4|1|A1|A|1358","ns53","9QF4|1|A1|C|1357"
"9QF4|1|A1|C|1361","s35","9QF4|1|A1|A|1459"
"9QF4|1|A1|C|1361","s55","9QF4|1|A1|G|1363"
"9QF4|1|A1|G|1363","s35","9QF4|1|A1|OMC|1364"
"9QF4|1|A1|G|1363","s55","9QF4|1|A1|C|1361"
"9QF4|1|A1|OMC|1364","s35","9QF4|1|A1|C|1365"
"9QF4|1|A1|OMC|1364","s53","9QF4|1|A1|G|1363"
"9QF4|1|A1|C|1365","s35","9QF4|1|A1|5MC|1366"
"9QF4|1|A1|C|1365","s53","9QF4|1|A1|OMC|1364"
"9QF4|1|A1|5MC|1366","s35","9QF4|1|A1|G|1367"
"9QF4|1|A1|5MC|1366","s55","9QF4|1|A1|A|1456"
"9QF4|1|A1|5MC|1366","s53","9QF4|1|A1|C|1365"
"9QF4|1|A1|G|1367","s53","9QF4|1|A1|5MC|1366"
"9QF4|1|A1|G|1367","s55","9QF4|1|A1|G|1454"
"9QF4|1|A1|G|1367","s35","9QF4|1|A1|OMU|1368"
"9QF4|1|A1|OMU|1368","s53","9QF4|1|A1|G|1367"
"9QF4|1|A1|OMU|1368","s35","9QF4|1|A1|C|1369"
"9QF4|1|A1|C|1369","s53","9QF4|1|A1|OMU|1368"
"9QF4|1|A1|C|1369","ns35","9QF4|1|A1|A|1370"
"9QF4|1|A1|A|1370","ns53","9QF4|1|A1|C|1369"
"9QF4|1|A1|A|1370","s55","9QF4|1|A1|G|1451"
"9QF4|1|A1|A|1370","s35","9QF4|1|A1|OMC|1371"
"9QF4|1|A1|OMC|1371","s53","9QF4|1|A1|A|1370"
"9QF4|1|A1|OMC|1371","s35","9QF4|1|A1|U|1372"
"9QF4|1|A1|OMC|1371","ns55","9QF4|1|B1|C|2039"
"9QF4|1|A1|U|1372","s55","9QF4|1|A1|G|1448"
"9QF4|1|A1|U|1372","s35","9QF4|1|A1|C|1373"
"9QF4|1|A1|U|1372","s53","9QF4|1|A1|OMC|1371"
"9QF4|1|A1|C|1373","s35","9QF4|1|A1|C|1374"
"9QF4|1|A1|C|1373","s53","9QF4|1|A1|U|1372"
"9QF4|1|A1|C|1373","ns55","9QF4|1|A1|A|1447"
"9QF4|1|A1|C|1374","s55","9QF4|1|A1|G|1446"
"9QF4|1|A1|C|1374","s35","9QF4|1|A1|A|1375"
"9QF4|1|A1|C|1374","s53","9QF4|1|A1|C|1373"
"9QF4|1|A1|A|1375","s35","9QF4|1|A1|C|1376"
"9QF4|1|A1|A|1375","s53","9QF4|1|A1|C|1374"
"9QF4|1|A1|A|1375","s55","9QF4|1|A1|G|1445"
"9QF4|1|A1|C|1376","s35","9QF4|1|A1|C|1377"
"9QF4|1|A1|C|1376","s53","9QF4|1|A1|A|1375"
"9QF4|1|A1|C|1377","s55","9QF4|1|A1|G|1443"
"9QF4|1|A1|C|1377","s53","9QF4|1|A1|C|1376"
"9QF4|1|A1|C|1377","s35","9QF4|1|A1|C|1378"
"9QF4|1|A1|C|1378","s55","9QF4|1|A1|G|1442"
"9QF4|1|A1|C|1378","s35","9QF4|1|A1|G|1379"
"9QF4|1|A1|C|1378","s53","9QF4|1|A1|C|1377"
"9QF4|1|A1|G|1379","s55","9QF4|1|A1|G|1441"
"9QF4|1|A1|G|1379","ns35","9QF4|1|A1|A|1380"
"9QF4|1|A1|G|1379","s53","9QF4|1|A1|C|1378"
"9QF4|1|A1|G|1379","s33","9QF4|1|A1|G|1439"
"9QF4|1|A1|A|1380","ns55","9QF4|1|A1|A|1440"
"9QF4|1|A1|A|1380","ns53","9QF4|1|A1|G|1379"
"9QF4|1|A1|A|1380","ns35","9QF4|1|A1|G|1381"
"9QF4|1|A1|G|1381","s55","9QF4|1|A1|G|1439"
"9QF4|1|A1|G|1381","s35","9QF4|1|A1|C|1382"
"9QF4|1|A1|G|1381","ns53","9QF4|1|A1|A|1380"
"9QF4|1|A1|C|1382","s53","9QF4|1|A1|G|1381"
"9QF4|1|A1|C|1382","s35","9QF4|1|A1|G|1383"
"9QF4|1|A1|G|1383","s55","9QF4|1|A1|G|1437"
"9QF4|1|A1|G|1383","s35","9QF4|1|A1|G|1384"
"9QF4|1|A1|G|1383","s53","9QF4|1|A1|C|1382"
"9QF4|1|A1|G|1384","s53","9QF4|1|A1|G|1383"
"9QF4|1|A1|G|1384","s55","9QF4|1|A1|C|1436"
"9QF4|1|A1|G|1384","s35","9QF4|1|A1|A|1385"
"9QF4|1|A1|A|1385","s35","9QF4|1|A1|G|1386"
"9QF4|1|A1|A|1385","ns55","9QF4|1|A1|C|1435"
"9QF4|1|A1|A|1385","s53","9QF4|1|A1|G|1384"
"9QF4|1|A1|G|1386","s55","9QF4|1|A1|U|1434"
"9QF4|1|A1|G|1386","s35","9QF4|1|A1|U|1387"
"9QF4|1|A1|G|1386","s53","9QF4|1|A1|A|1385"
"9QF4|1|A1|U|1387","s53","9QF4|1|A1|G|1386"
"9QF4|1|A1|U|1387","s35","9QF4|1|A1|C|1388"
"9QF4|1|A1|C|1388","s53","9QF4|1|A1|U|1387"
"9QF4|1|A1|C|1388","s55","9QF4|1|A1|G|1432"
"9QF4|1|A1|C|1388","s35","9QF4|1|A1|C|1389"
"9QF4|1|A1|C|1389","s53","9QF4|1|A1|C|1388"
"9QF4|1|A1|C|1389","s35","9QF4|1|A1|G|1390"
"9QF4|1|A1|C|1389","s55","9QF4|1|A1|G|1431"
"9QF4|1|A1|G|1390","s55","9QF4|1|A1|G|1430"
"9QF4|1|A1|G|1390","s53","9QF4|1|A1|C|1389"
"9QF4|1|A1|G|1390","s35","9QF4|1|A1|G|1391"
"9QF4|1|A1|G|1391","s55","9QF4|1|A1|C|1429"
"9QF4|1|A1|G|1391","s53","9QF4|1|A1|G|1390"
"9QF4|1|A1|G|1391","s35","9QF4|1|A1|G|1392"
"9QF4|1|A1|G|1392","s53","9QF4|1|A1|G|1391"
"9QF4|1|A1|G|1392","s55","9QF4|1|A1|C|1428"
"9QF4|1|A1|G|1392","s35","9QF4|1|A1|U|1393"
"9QF4|1|A1|U|1393","s53","9QF4|1|A1|G|1392"
"9QF4|1|A1|U|1393","s35","9QF4|1|A1|G|1394"
"9QF4|1|A1|G|1394","s33","9QF4|1|A1|G|1424"
"9QF4|1|A1|G|1394","s53","9QF4|1|A1|U|1393"
"9QF4|1|A1|A|1395","s55","9QF4|1|A1|A|1425"
"9QF4|1|A1|A|1395","s35","9QF4|1|A1|G|1396"
"9QF4|1|A1|G|1396","ns55","9QF4|1|A1|G|1424"
"9QF4|1|A1|G|1396","s53","9QF4|1|A1|A|1395"
"9QF4|1|A1|G|1396","s35","9QF4|1|A1|G|1397"
"9QF4|1|A1|G|1397","s55","9QF4|1|A1|C|1423"
"9QF4|1|A1|G|1397","s53","9QF4|1|A1|G|1396"
"9QF4|1|A1|G|1397","s35","9QF4|1|A1|C|1398"
"9QF4|1|A1|C|1398","s53","9QF4|1|A1|G|1397"
"9QF4|1|A1|C|1398","s35","9QF4|1|A1|C|1399"
"9QF4|1|A1|C|1399","s55","9QF4|1|A1|G|1421"
"9QF4|1|A1|C|1399","s35","9QF4|1|A1|U|1400"
"9QF4|1|A1|C|1399","s53","9QF4|1|A1|C|1398"
"9QF4|1|A1|U|1400","s55","9QF4|1|A1|OMG|1420"
"9QF4|1|A1|U|1400","s53","9QF4|1|A1|C|1399"
"9QF4|1|A1|U|1400","ns35","9QF4|1|A1|G|1401"
"9QF4|1|A1|G|1401","ns53","9QF4|1|A1|U|1400"
"9QF4|1|A1|G|1401","s35","9QF4|1|A1|A|1402"
"9QF4|1|A1|G|1401","s55","9QF4|1|A1|A|1419"
"9QF4|1|A1|A|1402","s35","9QF4|1|A1|U|1403"
"9QF4|1|A1|A|1402","s53","9QF4|1|A1|G|1401"
"9QF4|1|A1|A|1402","ns55","9QF4|1|A1|C|1418"
"9QF4|1|A1|U|1403","s35","9QF4|1|A1|C|1404"
"9QF4|1|A1|U|1403","s53","9QF4|1|A1|A|1402"
"9QF4|1|A1|C|1404","s35","9QF4|1|A1|U|1405"
"9QF4|1|A1|C|1404","s55","9QF4|1|A1|G|1416"
"9QF4|1|A1|C|1404","s53","9QF4|1|A1|U|1403"
"9QF4|1|A1|U|1405","s53","9QF4|1|A1|C|1404"
"9QF4|1|A1|U|1405","s55","9QF4|1|A1|G|1415"
"9QF4|1|A1|U|1405","s35","9QF4|1|A1|C|1406"
"9QF4|1|A1|C|1406","s55","9QF4|1|A1|A|1414"
"9QF4|1|A1|C|1406","s53","9QF4|1|A1|U|1405"
"9QF4|1|A1|C|1406","s35","9QF4|1|A1|C|1407"
"9QF4|1|A1|C|1407","s53","9QF4|1|A1|C|1406"
"9QF4|1|A1|C|1407","s55","9QF4|1|A1|G|1413"
"9QF4|1|A1|C|1407","s35","9QF4|1|A1|U|1408"
"9QF4|1|A1|U|1408","s35","9QF4|1|A1|C|1410"
"9QF4|1|A1|U|1408","s55","9QF4|1|A1|G|1412"
"9QF4|1|A1|U|1408","s53","9QF4|1|A1|C|1407"
"9QF4|1|A1|C|1410","ns53","9QF4|1|A1|G|1411"
"9QF4|1|A1|C|1410","s53","9QF4|1|A1|U|1408"
"9QF4|1|A1|G|1411","s55","9QF4|1|A1|G|1412"
"9QF4|1|A1|G|1411","ns35","9QF4|1|A1|C|1410"
"9QF4|1|A1|G|1412","s55","9QF4|1|A1|G|1411"
"9QF4|1|A1|G|1412","s35","9QF4|1|A1|G|1413"
"9QF4|1|A1|G|1412","s55","9QF4|1|A1|U|1408"
"9QF4|1|A1|G|1413","s55","9QF4|1|A1|C|1407"
"9QF4|1|A1|G|1413","s53","9QF4|1|A1|G|1412"
"9QF4|1|A1|G|1413","s35","9QF4|1|A1|A|1414"
"9QF4|1|A1|A|1414","s35","9QF4|1|A1|G|1415"
"9QF4|1|A1|A|1414","s55","9QF4|1|A1|C|1406"
"9QF4|1|A1|A|1414","s53","9QF4|1|A1|G|1413"
"9QF4|1|A1|G|1415","s53","9QF4|1|A1|A|1414"
"9QF4|1|A1|G|1415","s55","9QF4|1|A1|U|1405"
"9QF4|1|A1|G|1415","s35","9QF4|1|A1|G|1416"
"9QF4|1|A1|G|1416","s55","9QF4|1|A1|C|1404"
"9QF4|1|A1|G|1416","s35","9QF4|1|A1|U|1417"
"9QF4|1|A1|G|1416","s53","9QF4|1|A1|G|1415"
"9QF4|1|A1|U|1417","s35","9QF4|1|A1|C|1418"
"9QF4|1|A1|U|1417","s53","9QF4|1|A1|G|1416"
"9QF4|1|A1|C|1418","s35","9QF4|1|A1|A|1419"
"9QF4|1|A1|C|1418","s53","9QF4|1|A1|U|1417"
"9QF4|1|A1|C|1418","ns55","9QF4|1|A1|A|1402"
"9QF4|1|A1|A|1419","s35","9QF4|1|A1|OMG|1420"
"9QF4|1|A1|A|1419","s55","9QF4|1|A1|G|1401"
"9QF4|1|A1|A|1419","s53","9QF4|1|A1|C|1418"
"9QF4|1|A1|OMG|1420","s55","9QF4|1|A1|U|1400"
"9QF4|1|A1|OMG|1420","s35","9QF4|1|A1|G|1421"
"9QF4|1|A1|OMG|1420","s53","9QF4|1|A1|A|1419"
"9QF4|1|A1|G|1421","s35","9QF4|1|A1|U|1422"
"9QF4|1|A1|G|1421","s53","9QF4|1|A1|OMG|1420"
"9QF4|1|A1|G|1421","s55","9QF4|1|A1|C|1399"
"9QF4|1|A1|U|1422","s53","9QF4|1|A1|G|1421"
"9QF4|1|A1|U|1422","s35","9QF4|1|A1|C|1423"
"9QF4|1|A1|C|1423","s55","9QF4|1|A1|G|1397"
"9QF4|1|A1|C|1423","s35","9QF4|1|A1|G|1424"
"9QF4|1|A1|C|1423","s53","9QF4|1|A1|U|1422"
"9QF4|1|A1|G|1424","s53","9QF4|1|A1|C|1423"
"9QF4|1|A1|G|1424","s33","9QF4|1|A1|G|1394"
"9QF4|1|A1|G|1424","ns55","9QF4|1|A1|G|1396"
"9QF4|1|A1|A|1425","s35","9QF4|1|A1|G|1426"
"9QF4|1|A1|A|1425","s55","9QF4|1|A1|A|1395"
"9QF4|1|A1|G|1426","s53","9QF4|1|A1|A|1425"
"9QF4|1|A1|G|1426","s35","9QF4|1|A1|C|1427"
"9QF4|1|A1|C|1427","s53","9QF4|1|A1|G|1426"
"9QF4|1|A1|C|1427","s35","9QF4|1|A1|C|1428"
"9QF4|1|A1|C|1428","s55","9QF4|1|A1|G|1392"
"9QF4|1|A1|C|1428","s53","9QF4|1|A1|C|1427"
"9QF4|1|A1|C|1428","s35","9QF4|1|A1|C|1429"
"9QF4|1|A1|C|1429","s55","9QF4|1|A1|G|1391"
"9QF4|1|A1|C|1429","s53","9QF4|1|A1|C|1428"
"9QF4|1|A1|C|1429","s35","9QF4|1|A1|G|1430"
"9QF4|1|A1|G|1430","s53","9QF4|1|A1|C|1429"
"9QF4|1|A1|G|1430","s35","9QF4|1|A1|G|1431"
"9QF4|1|A1|G|1430","s55","9QF4|1|A1|G|1390"
"9QF4|1|A1|G|1431","s55","9QF4|1|A1|C|1389"
"9QF4|1|A1|G|1431","s35","9QF4|1|A1|G|1432"
"9QF4|1|A1|G|1431","s53","9QF4|1|A1|G|1430"
"9QF4|1|A1|G|1432","s35","9QF4|1|A1|C|1433"
"9QF4|1|A1|G|1432","s55","9QF4|1|A1|C|1388"
"9QF4|1|A1|G|1432","s53","9QF4|1|A1|G|1431"
"9QF4|1|A1|C|1433","s35","9QF4|1|A1|U|1434"
"9QF4|1|A1|C|1433","s53","9QF4|1|A1|G|1432"
"9QF4|1|A1|U|1434","s35","9QF4|1|A1|C|1435"
"9QF4|1|A1|U|1434","s53","9QF4|1|A1|C|1433"
"9QF4|1|A1|U|1434","s55","9QF4|1|A1|G|1386"
"9QF4|1|A1|C|1435","s35","9QF4|1|A1|C|1436"
"9QF4|1|A1|C|1435","ns55","9QF4|1|A1|A|1385"
"9QF4|1|A1|C|1435","s53","9QF4|1|A1|U|1434"
"9QF4|1|A1|C|1436","s55","9QF4|1|A1|G|1384"
"9QF4|1|A1|C|1436","s53","9QF4|1|A1|C|1435"
"9QF4|1|A1|C|1436","ns35","9QF4|1|A1|G|1437"
"9QF4|1|A1|G|1437","s55","9QF4|1|A1|G|1383"
"9QF4|1|A1|G|1437","s35","9QF4|1|A1|U|1438"
"9QF4|1|A1|G|1437","ns53","9QF4|1|A1|C|1436"
"9QF4|1|A1|U|1438","s53","9QF4|1|A1|G|1437"
"9QF4|1|A1|U|1438","s35","9QF4|1|A1|G|1439"
"9QF4|1|A1|G|1439","s55","9QF4|1|A1|G|1381"
"9QF4|1|A1|G|1439","s53","9QF4|1|A1|U|1438"
"9QF4|1|A1|G|1439","s33","9QF4|1|A1|G|1379"
"9QF4|1|A1|A|1440","ns55","9QF4|1|A1|A|1380"
"9QF4|1|A1|A|1440","s35","9QF4|1|A1|G|1441"
"9QF4|1|A1|G|1441","s53","9QF4|1|A1|A|1440"
"9QF4|1|A1|G|1441","s55","9QF4|1|A1|G|1379"
"9QF4|1|A1|G|1441","s35","9QF4|1|A1|G|1442"
"9QF4|1|A1|G|1442","s55","9QF4|1|A1|C|1378"
"9QF4|1|A1|G|1442","s35","9QF4|1|A1|G|1443"
"9QF4|1|A1|G|1442","s53","9QF4|1|A1|G|1441"
"9QF4|1|A1|G|1443","s55","9QF4|1|A1|C|1377"
"9QF4|1|A1|G|1443","s53","9QF4|1|A1|G|1442"
"9QF4|1|A1|G|1443","s35","9QF4|1|A1|G|1444"
"9QF4|1|A1|G|1444","s53","9QF4|1|A1|G|1443"
"9QF4|1|A1|G|1444","s35","9QF4|1|A1|G|1445"
"9QF4|1|A1|G|1445","s53","9QF4|1|A1|G|1444"
"9QF4|1|A1|G|1445","s35","9QF4|1|A1|G|1446"
"9QF4|1|A1|G|1445","s55","9QF4|1|A1|A|1375"
"9QF4|1|A1|G|1446","s53","9QF4|1|A1|G|1445"
"9QF4|1|A1|G|1446","s35","9QF4|1|A1|A|1447"
"9QF4|1|A1|G|1446","s55","9QF4|1|A1|C|1374"
"9QF4|1|A1|A|1447","ns55","9QF4|1|A1|C|1373"
"9QF4|1|A1|A|1447","s35","9QF4|1|A1|G|1448"
"9QF4|1|A1|A|1447","s53","9QF4|1|A1|G|1446"
"9QF4|1|A1|G|1448","s53","9QF4|1|A1|A|1447"
"9QF4|1|A1|G|1448","s55","9QF4|1|A1|U|1372"
"9QF4|1|A1|G|1448","s35","9QF4|1|B1|C|2039"
"9QF4|1|A1|A|1449","ns35","9QF4|1|B1|C|2039"
"9QF4|1|A1|G|1451","s55","9QF4|1|A1|A|1370"
"9QF4|1|A1|G|1451","s35","9QF4|1|A1|U|1452"
"9QF4|1|A1|U|1452","s35","9QF4|1|A1|C|1453"
"9QF4|1|A1|U|1452","s53","9QF4|1|A1|G|1451"
"9QF4|1|A1|C|1453","s35","9QF4|1|A1|G|1454"
"9QF4|1|A1|C|1453","s53","9QF4|1|A1|U|1452"
"9QF4|1|A1|G|1454","s35","9QF4|1|A1|U|1455"
"9QF4|1|A1|G|1454","s55","9QF4|1|A1|G|1367"
"9QF4|1|A1|G|1454","s53","9QF4|1|A1|C|1453"
"9QF4|1|A1|U|1455","s53","9QF4|1|A1|G|1454"
"9QF4|1|A1|A|1456","s55","9QF4|1|A1|5MC|1366"
"9QF4|1|A1|A|1456","s35","9QF4|1|A1|MA6|1457"
"9QF4|1|A1|MA6|1457","s53","9QF4|1|A1|A|1456"
"9QF4|1|A1|MA6|1457","s35","9QF4|1|A1|C|1458"
"9QF4|1|A1|C|1458","s53","9QF4|1|A1|MA6|1457"
"9QF4|1|A1|C|1458","s33","9QF4|1|A1|G|1461"
"9QF4|1|A1|A|1459","s53","9QF4|1|A1|C|1361"
"9QF4|1|A1|A|1459","s55","9QF4|1|A1|G|1461"
"9QF4|1|A1|A|1459","ns35","9QF4|1|A1|G|884"
"9QF4|1|A1|G|1461","s33","9QF4|1|A1|C|1458"
"9QF4|1|A1|G|1461","s55","9QF4|1|A1|A|1459"
"9QF4|1|A1|G|1462","s33","9QF4|1|A1|G|885"
"9QF4|1|A1|A|1464","s35","9QF4|1|A1|G|1465"
"9QF4|1|A1|A|1464","s55","9QF4|1|A1|G|1487"
"9QF4|1|A1|G|1465","s35","9QF4|1|A1|C|1466"
"9QF4|1|A1|G|1465","s55","9QF4|1|A1|U|1485"
"9QF4|1|A1|G|1465","s53","9QF4|1|A1|A|1464"
"9QF4|1|A1|C|1466","ns35","9QF4|1|A1|4AC|1467"
"9QF4|1|A1|C|1466","s53","9QF4|1|A1|G|1465"
"9QF4|1|A1|4AC|1467","s35","9QF4|1|A1|G|1468"
"9QF4|1|A1|4AC|1467","s55","9QF4|1|A1|G|1483"
"9QF4|1|A1|4AC|1467","ns53","9QF4|1|A1|C|1466"
"9QF4|1|A1|G|1468","s55","9QF4|1|A1|G|1482"
"9QF4|1|A1|G|1468","s53","9QF4|1|A1|4AC|1467"
"9QF4|1|A1|G|1468","s35","9QF4|1|A1|U|1469"
"9QF4|1|A1|U|1469","s53","9QF4|1|A1|G|1468"
"9QF4|1|A1|U|1469","s35","9QF4|1|A1|A|1470"
"9QF4|1|A1|A|1470","s35","9QF4|1|A1|G|1471"
"9QF4|1|A1|A|1470","s55","9QF4|1|A1|A|1480"
"9QF4|1|A1|A|1470","s53","9QF4|1|A1|U|1469"
"9QF4|1|A1|G|1471","s35","9QF4|1|A1|G|1472"
"9QF4|1|A1|G|1471","s55","9QF4|1|A1|U|1479"
"9QF4|1|A1|G|1471","s53","9QF4|1|A1|A|1470"
"9QF4|1|A1|G|1472","s35","9QF4|1|A1|G|1473"
"9QF4|1|A1|G|1472","s55","9QF4|1|A1|C|1478"
"9QF4|1|A1|G|1472","s53","9QF4|1|A1|G|1471"
"9QF4|1|A1|G|1473","s53","9QF4|1|A1|G|1472"
"9QF4|1|A1|G|1473","s55","9QF4|1|A1|C|1477"
"9QF4|1|A1|G|1474","s35","9QF4|1|A1|MA6|1475"
"9QF4|1|A1|MA6|1475","s53","9QF4|1|A1|G|1474"
"9QF4|1|A1|MA6|1475","s35","9QF4|1|A1|MA6|1476"
"9QF4|1|A1|MA6|1476","s53","9QF4|1|A1|MA6|1475"
"9QF4|1|A1|C|1477","ns35","9QF4|1|A1|C|1478"
"9QF4|1|A1|C|1477","s55","9QF4|1|A1|G|1473"
"9QF4|1|A1|C|1478","s55","9QF4|1|A1|G|1472"
"9QF4|1|A1|C|1478","s35","9QF4|1|A1|U|1479"
"9QF4|1|A1|C|1478","ns53","9QF4|1|A1|C|1477"
"9QF4|1|A1|U|1479","s55","9QF4|1|A1|G|1471"
"9QF4|1|A1|U|1479","s53","9QF4|1|A1|C|1478"
"9QF4|1|A1|A|1480","s35","9QF4|1|A1|C|1481"
"9QF4|1|A1|A|1480","s55","9QF4|1|A1|A|1470"
"9QF4|1|A1|C|1481","s35","9QF4|1|A1|G|1482"
"9QF4|1|A1|C|1481","s53","9QF4|1|A1|A|1480"
"9QF4|1|A1|G|1482","s35","9QF4|1|A1|G|1483"
"9QF4|1|A1|G|1482","s55","9QF4|1|A1|G|1468"
"9QF4|1|A1|G|1482","s53","9QF4|1|A1|C|1481"
"9QF4|1|A1|G|1483","s35","9QF4|1|A1|5MC|1484"
"9QF4|1|A1|G|1483","s55","9QF4|1|A1|4AC|1467"
"9QF4|1|A1|G|1483","s53","9QF4|1|A1|G|1482"
"9QF4|1|A1|5MC|1484","s53","9QF4|1|A1|G|1483"
"9QF4|1|A1|5MC|1484","s35","9QF4|1|A1|U|1485"
"9QF4|1|A1|U|1485","ns35","9QF4|1|A1|G|1487"
"9QF4|1|A1|U|1485","s55","9QF4|1|A1|G|1465"
"9QF4|1|A1|U|1485","s53","9QF4|1|A1|5MC|1484"
"9QF4|1|A1|5MC|1486","s35","9QF4|1|A1|A|774"
"9QF4|1|A1|5MC|1486","s55","9QF4|1|A1|A|770"
"9QF4|1|A1|G|1487","ns53","9QF4|1|A1|U|1485"
"9QF4|1|A1|G|1487","s55","9QF4|1|A1|A|1464"
"9QF4|1|A1|G|1487","s35","9QF4|1|A1|A|1488"
"9QF4|1|A1|A|1488","s53","9QF4|1|A1|G|1487"
"9QF4|1|A1|A|1488","s35","9QF4|1|A1|U|1489"
"9QF4|1|A1|U|1489","s53","9QF4|1|A1|A|1488"
"9QF4|1|A1|U|1489","s35","9QF4|1|A1|C|1490"
"9QF4|1|A1|C|1490","s53","9QF4|1|A1|U|1489"
"9QF4|1|B1|A|15","s55","9QF4|1|B1|A|564"
"9QF4|1|B1|A|15","ns33","9QF4|1|B1|G|563"
"9QF4|1|B1|A|15","s35","9QF4|1|B1|A|16"
"9QF4|1|B1|A|16","s35","9QF4|1|B1|G|17"
"9QF4|1|B1|A|16","s53","9QF4|1|B1|A|15"
"9QF4|1|B1|G|17","s35","9QF4|1|B1|C|18"
"9QF4|1|B1|G|17","ns55","9QF4|1|B1|G|563"
"9QF4|1|B1|G|17","s53","9QF4|1|B1|A|16"
"9QF4|1|B1|C|18","s53","9QF4|1|B1|G|17"
"9QF4|1|B1|C|18","s35","9QF4|1|B1|4AC|19"
"9QF4|1|B1|4AC|19","s55","9QF4|1|B1|G|561"
"9QF4|1|B1|4AC|19","s53","9QF4|1|B1|C|18"
"9QF4|1|B1|4AC|19","s35","9QF4|1|B1|G|20"
"9QF4|1|B1|G|20","s53","9QF4|1|B1|4AC|19"
"9QF4|1|B1|G|20","s35","9QF4|1|B1|C|21"
"9QF4|1|B1|G|20","s55","9QF4|1|B1|G|560"
"9QF4|1|B1|C|21","s35","9QF4|1|B1|C|22"
"9QF4|1|B1|C|21","s53","9QF4|1|B1|G|20"
"9QF4|1|B1|C|22","s55","9QF4|1|B1|G|558"
"9QF4|1|B1|C|22","s35","9QF4|1|B1|4AC|23"
"9QF4|1|B1|C|22","s53","9QF4|1|B1|C|21"
"9QF4|1|B1|4AC|23","s53","9QF4|1|B1|C|22"
"9QF4|1|B1|4AC|23","s55","9QF4|1|B1|G|557"
"9QF4|1|B1|4AC|23","s35","9QF4|1|B1|G|24"
"9QF4|1|B1|G|24","s53","9QF4|1|B1|4AC|23"
"9QF4|1|B1|G|24","s35","9QF4|1|B1|G|25"
"9QF4|1|B1|G|24","s55","9QF4|1|B1|G|556"
"9QF4|1|B1|G|25","s55","9QF4|1|B1|C|555"
"9QF4|1|B1|G|25","s35","9QF4|1|B1|U|26"
"9QF4|1|B1|G|25","s53","9QF4|1|B1|G|24"
"9QF4|1|B1|U|26","s35","9QF4|1|B1|G|27"
"9QF4|1|B1|U|26","s53","9QF4|1|B1|G|25"
"9QF4|1|B1|G|27","s35","9QF4|1|B1|G|28"
"9QF4|1|B1|G|27","ns33","9QF4|1|B1|A|551"
"9QF4|1|B1|G|27","s53","9QF4|1|B1|U|26"
"9QF4|1|B1|G|28","s53","9QF4|1|B1|G|27"
"9QF4|1|B1|G|28","s33","9QF4|1|B1|OMG|550"
"9QF4|1|B1|G|28","s35","9QF4|1|B1|A|29"
"9QF4|1|B1|A|29","s55","9QF4|1|B1|A|551"
"9QF4|1|B1|A|29","s53","9QF4|1|B1|G|28"
"9QF4|1|B1|A|29","s35","9QF4|1|B1|U|30"
"9QF4|1|B1|U|30","s53","9QF4|1|B1|A|29"
"9QF4|1|B1|U|30","s35","9QF4|1|B1|G|31"
"9QF4|1|B1|G|31","s35","9QF4|1|B1|G|32"
"9QF4|1|B1|G|31","s53","9QF4|1|B1|U|30"
"9QF4|1|B1|G|31","s55","9QF4|1|B1|U|549"
"9QF4|1|B1|G|32","s55","9QF4|1|B1|C|548"
"9QF4|1|B1|G|32","s35","9QF4|1|B1|C|33"
"9QF4|1|B1|G|32","s53","9QF4|1|B1|G|31"
"9QF4|1|B1|C|33","s53","9QF4|1|B1|G|32"
"9QF4|1|B1|C|33","s35","9QF4|1|B1|U|34"
"9QF4|1|B1|U|34","ns33","9QF4|1|B1|G|486"
"9QF4|1|B1|U|34","s53","9QF4|1|B1|C|33"
"9QF4|1|B1|U|34","ns33","9QF4|1|B1|A|494"
"9QF4|1|B1|U|34","ns55","9QF4|1|B1|G|513"
"9QF4|1|B1|G|36","s55","9QF4|1|B1|G|486"
"9QF4|1|B1|G|36","s35","9QF4|1|B1|G|37"
"9QF4|1|B1|G|36","s55","9QF4|1|B1|A|494"
"9QF4|1|B1|G|37","s55","9QF4|1|B1|4AC|485"
"9QF4|1|B1|G|37","s53","9QF4|1|B1|G|36"
"9QF4|1|B1|G|37","s35","9QF4|1|B1|C|38"
"9QF4|1|B1|C|38","s53","9QF4|1|B1|G|37"
"9QF4|1|B1|C|38","s35","9QF4|1|B1|U|39"
"9QF4|1|B1|U|39","s55","9QF4|1|B1|G|482"
"9QF4|1|B1|U|39","s35","9QF4|1|B1|C|40"
"9QF4|1|B1|U|39","s53","9QF4|1|B1|C|38"
"9QF4|1|B1|C|40","s55","9QF4|1|B1|A|481"
"9QF4|1|B1|C|40","s53","9QF4|1|B1|U|39"
"9QF4|1|B1|G|41","s35","9QF4|1|B1|G|42"
"9QF4|1|B1|G|41","s55","9QF4|1|B1|A|710"
"9QF4|1|B1|G|42","s53","9QF4|1|B1|G|41"
"9QF4|1|B1|G|42","ns55","9QF4|1|B1|G|480"
"9QF4|1|B1|G|42","s35","9QF4|1|B1|G|43"
"9QF4|1|B1|G|43","s55","9QF4|1|B1|C|479"
"9QF4|1|B1|G|43","s35","9QF4|1|B1|G|44"
"9QF4|1|B1|G|43","s53","9QF4|1|B1|G|42"
"9QF4|1|B1|G|44","s55","9QF4|1|B1|C|478"
"9QF4|1|B1|G|44","s35","9QF4|1|B1|C|45"
"9QF4|1|B1|G|44","s53","9QF4|1|B1|G|43"
"9QF4|1|B1|G|44","ns33","9QF4|1|B1|G|475"
"9QF4|1|B1|C|45","s35","9QF4|1|B1|G|46"
"9QF4|1|B1|C|45","s53","9QF4|1|B1|G|44"
"9QF4|1|B1|G|46","s53","9QF4|1|B1|C|45"
"9QF4|1|B1|G|46","s33","9QF4|1|B1|G|205"
"9QF4|1|B1|G|46","s55","9QF4|1|B1|G|475"
"9QF4|1|B1|OMC|47","ns35","9QF4|1|B1|4AC|48"
"9QF4|1|B1|OMC|47","s55","9QF4|1|B1|G|170"
"9QF4|1|B1|4AC|48","ns35","9QF4|1|B1|G|49"
"9QF4|1|B1|4AC|48","s55","9QF4|1|B1|G|169"
"9QF4|1|B1|4AC|48","ns53","9QF4|1|B1|OMC|47"
"9QF4|1|B1|G|49","s55","9QF4|1|B1|G|168"
"9QF4|1|B1|G|49","ns53","9QF4|1|B1|4AC|48"
"9QF4|1|B1|A|50","s55","9QF4|1|B1|G|167"
"9QF4|1|B1|A|50","s33","9QF4|1|B1|A|118"
"9QF4|1|B1|A|50","ns35","9QF4|1|B1|G|52"
"9QF4|1|B1|G|52","ns53","9QF4|1|B1|A|50"
"9QF4|1|B1|G|52","s35","9QF4|1|B1|A|119"
"9QF4|1|B1|G|52","ns53","9QF4|1|B1|U|120"
"9QF4|1|B1|A|53","s35","9QF4|1|B1|A|54"
"9QF4|1|B1|A|53","s33","9QF4|1|B1|G|117"
"9QF4|1|B1|A|53","s55","9QF4|1|B1|A|118"
"9QF4|1|B1|A|54","s53","9QF4|1|B1|A|53"
"9QF4|1|B1|A|54","s35","9QF4|1|B1|OMG|55"
"9QF4|1|B1|OMG|55","s53","9QF4|1|B1|A|54"
"9QF4|1|B1|OMG|55","s35","9QF4|1|B1|G|56"
"9QF4|1|B1|G|56","s55","9QF4|1|B1|4AC|116"
"9QF4|1|B1|G|56","s53","9QF4|1|B1|OMG|55"
"9QF4|1|B1|G|56","s35","9QF4|1|B1|G|57"
"9QF4|1|B1|G|57","s53","9QF4|1|B1|G|56"
"9QF4|1|B1|G|57","s35","9QF4|1|B1|C|58"
"9QF4|1|B1|G|57","s55","9QF4|1|B1|C|115"
"9QF4|1|B1|C|58","s35","9QF4|1|B1|G|59"
"9QF4|1|B1|C|58","s53","9QF4|1|B1|G|57"
"9QF4|1|B1|G|59","s35","9QF4|1|B1|U|60"
"9QF4|1|B1|G|59","s55","9QF4|1|B1|G|71"
"9QF4|1|B1|G|59","s53","9QF4|1|B1|C|58"
"9QF4|1|B1|U|60","s53","9QF4|1|B1|G|59"
"9QF4|1|B1|G|61","s55","9QF4|1|B1|A|75"
"9QF4|1|B1|G|61","s33","9QF4|1|B1|A|64"
"9QF4|1|B1|G|62","s35","9QF4|1|B1|C|63"
"9QF4|1|B1|G|62","s55","9QF4|1|B1|A|95"
"9QF4|1|B1|C|63","s53","9QF4|1|B1|G|62"
"9QF4|1|B1|A|64","s33","9QF4|1|B1|G|61"
"9QF4|1|B1|A|65","s35","9QF4|1|B1|G|66"
"9QF4|1|B1|G|66","s53","9QF4|1|B1|A|65"
"9QF4|1|B1|G|66","s53","9QF4|1|B1|A|91"
"9QF4|1|B1|G|66","s35","9QF4|1|B1|C|67"
"9QF4|1|B1|C|67","s53","9QF4|1|B1|G|66"
"9QF4|1|B1|C|67","s35","9QF4|1|B1|U|68"
"9QF4|1|B1|U|68","s55","9QF4|1|B1|G|89"
"9QF4|1|B1|U|68","s35","9QF4|1|B1|G|69"
"9QF4|1|B1|U|68","s53","9QF4|1|B1|C|67"
"9QF4|1|B1|G|69","s53","9QF4|1|B1|A|75"
"9QF4|1|B1|G|69","s35","9QF4|1|B1|C|70"
"9QF4|1|B1|G|69","s53","9QF4|1|B1|U|68"
"9QF4|1|B1|C|70","s53","9QF4|1|B1|G|69"
"9QF4|1|B1|C|70","ns35","9QF4|1|B1|G|71"
"9QF4|1|B1|G|71","s55","9QF4|1|B1|G|59"
"9QF4|1|B1|G|71","s35","9QF4|1|B1|C|114"
"9QF4|1|B1|G|71","ns53","9QF4|1|B1|C|70"
"9QF4|1|B1|A|72","s35","9QF4|1|B1|A|74"
"9QF4|1|B1|A|74","s53","9QF4|1|B1|A|72"
"9QF4|1|B1|A|75","s55","9QF4|1|B1|G|61"
"9QF4|1|B1|A|75","s35","9QF4|1|B1|G|69"
"9QF4|1|B1|A|75","ns55","9QF4|1|B1|G|89"
"9QF4|1|B1|G|76","s35","9QF4|1|B1|C|77"
"9QF4|1|B1|C|77","s53","9QF4|1|B1|G|76"
"9QF4|1|B1|C|77","ns35","9QF4|1|B1|C|78"
"9QF4|1|B1|C|77","s55","9QF4|1|B1|A|111"
"9QF4|1|B1|C|78","ns53","9QF4|1|B1|C|77"
"9QF4|1|B1|C|78","s55","9QF4|1|B1|G|110"
"9QF4|1|B1|C|78","s35","9QF4|1|B1|C|79"
"9QF4|1|B1|C|79","s53","9QF4|1|B1|C|78"
"9QF4|1|B1|C|79","s35","9QF4|1|B1|4AC|80"
"9QF4|1|B1|C|79","s55","9QF4|1|B1|G|109"
"9QF4|1|B1|4AC|80","s35","9QF4|1|B1|G|81"
"9QF4|1|B1|4AC|80","s53","9QF4|1|B1|C|79"
"9QF4|1|B1|4AC|80","s55","9QF4|1|B1|G|108"
"9QF4|1|B1|G|81","s53","9QF4|1|B1|4AC|80"
"9QF4|1|B1|G|81","s35","9QF4|1|B1|G|82"
"9QF4|1|B1|G|81","s55","9QF4|1|B1|G|107"
"9QF4|1|B1|G|82","s55","9QF4|1|B1|4AC|106"
"9QF4|1|B1|G|82","s53","9QF4|1|B1|G|81"
"9QF4|1|B1|G|82","s35","9QF4|1|B1|C|83"
"9QF4|1|B1|C|83","s53","9QF4|1|B1|G|82"
"9QF4|1|B1|C|83","s35","9QF4|1|B1|G|84"
"9QF4|1|B1|G|84","ns35","9QF4|1|B1|A|85"
"9QF4|1|B1|G|84","s53","9QF4|1|B1|C|83"
"9QF4|1|B1|A|85","s55","9QF4|1|B1|A|103"
"9QF4|1|B1|A|85","s35","9QF4|1|B1|U|100"
"9QF4|1|B1|A|85","ns53","9QF4|1|B1|G|84"
"9QF4|1|B1|G|86","s55","9QF4|1|B1|G|99"
"9QF4|1|B1|G|86","s35","9QF4|1|B1|G|87"
"9QF4|1|B1|G|87","s55","9QF4|1|B1|4AC|98"
"9QF4|1|B1|G|87","s53","9QF4|1|B1|G|86"
"9QF4|1|B1|G|87","s35","9QF4|1|B1|C|88"
"9QF4|1|B1|C|88","s53","9QF4|1|B1|G|87"
"9QF4|1|B1|G|89","ns55","9QF4|1|B1|A|75"
"9QF4|1|B1|G|89","s55","9QF4|1|B1|U|68"
"9QF4|1|B1|G|89","s35","9QF4|1|B1|C|90"
"9QF4|1|B1|C|90","s53","9QF4|1|B1|G|89"
"9QF4|1|B1|C|90","s33","9QF4|1|B1|A|91"
"9QF4|1|B1|A|91","s35","9QF4|1|B1|G|66"
"9QF4|1|B1|A|91","s33","9QF4|1|B1|C|90"
"9QF4|1|B1|G|93","s35","9QF4|1|B1|C|94"
"9QF4|1|B1|C|94","s53","9QF4|1|B1|G|93"
"9QF4|1|B1|C|94","s35","9QF4|1|B1|A|95"
"9QF4|1|B1|A|95","s55","9QF4|1|B1|G|62"
"9QF4|1|B1|A|95","s53","9QF4|1|B1|C|94"
"9QF4|1|B1|A|95","s35","9QF4|1|B1|G|96"
"9QF4|1|B1|G|96","s53","9QF4|1|B1|A|95"
"9QF4|1|B1|G|96","s35","9QF4|1|B1|5MC|97"
"9QF4|1|B1|5MC|97","s53","9QF4|1|B1|G|96"
"9QF4|1|B1|5MC|97","s35","9QF4|1|B1|4AC|98"
"9QF4|1|B1|4AC|98","s55","9QF4|1|B1|G|87"
"9QF4|1|B1|4AC|98","s53","9QF4|1|B1|5MC|97"
"9QF4|1|B1|4AC|98","s35","9QF4|1|B1|G|99"
"9QF4|1|B1|G|99","s55","9QF4|1|B1|G|86"
"9QF4|1|B1|G|99","s53","9QF4|1|B1|4AC|98"
"9QF4|1|B1|U|100","s53","9QF4|1|B1|A|85"
"9QF4|1|B1|U|100","s55","9QF4|1|B1|G|102"
"9QF4|1|B1|G|102","s55","9QF4|1|B1|U|100"
"9QF4|1|B1|A|103","s55","9QF4|1|B1|A|85"
"9QF4|1|B1|A|103","s35","9QF4|1|B1|A|104"
"9QF4|1|B1|A|104","s53","9QF4|1|B1|A|103"
"9QF4|1|B1|A|104","s35","9QF4|1|B1|C|105"
"9QF4|1|B1|C|105","s35","9QF4|1|B1|4AC|106"
"9QF4|1|B1|C|105","s53","9QF4|1|B1|A|104"
"9QF4|1|B1|4AC|106","s55","9QF4|1|B1|G|82"
"9QF4|1|B1|4AC|106","s53","9QF4|1|B1|C|105"
"9QF4|1|B1|G|107","s55","9QF4|1|B1|G|81"
"9QF4|1|B1|G|107","s35","9QF4|1|B1|G|108"
"9QF4|1|B1|G|108","s55","9QF4|1|B1|4AC|80"
"9QF4|1|B1|G|108","s35","9QF4|1|B1|G|109"
"9QF4|1|B1|G|108","s53","9QF4|1|B1|G|107"
"9QF4|1|B1|G|109","s53","9QF4|1|B1|G|108"
"9QF4|1|B1|G|109","s55","9QF4|1|B1|C|79"
"9QF4|1|B1|G|109","s35","9QF4|1|B1|G|110"
"9QF4|1|B1|G|110","s55","9QF4|1|B1|C|78"
"9QF4|1|B1|G|110","s53","9QF4|1|B1|G|109"
"9QF4|1|B1|G|110","s35","9QF4|1|B1|A|111"
"9QF4|1|B1|A|111","s53","9QF4|1|B1|G|110"
"9QF4|1|B1|A|111","s35","9QF4|1|B1|U|112"
"9QF4|1|B1|A|111","s55","9QF4|1|B1|C|77"
"9QF4|1|B1|U|112","s35","9QF4|1|B1|U|113"
"9QF4|1|B1|U|112","s53","9QF4|1|B1|A|111"
"9QF4|1|B1|U|113","s53","9QF4|1|B1|U|112"
"9QF4|1|B1|C|114","s53","9QF4|1|B1|G|71"
"9QF4|1|B1|C|114","s35","9QF4|1|B1|C|115"
"9QF4|1|B1|C|115","s35","9QF4|1|B1|4AC|116"
"9QF4|1|B1|C|115","s55","9QF4|1|B1|G|57"
"9QF4|1|B1|C|115","s53","9QF4|1|B1|C|114"
"9QF4|1|B1|4AC|116","s53","9QF4|1|B1|C|115"
"9QF4|1|B1|4AC|116","s35","9QF4|1|B1|G|117"
"9QF4|1|B1|4AC|116","s55","9QF4|1|B1|G|56"
"9QF4|1|B1|G|117","s33","9QF4|1|B1|A|119"
"9QF4|1|B1|G|117","s33","9QF4|1|B1|A|53"
"9QF4|1|B1|G|117","s53","9QF4|1|B1|4AC|116"
"9QF4|1|B1|A|118","s55","9QF4|1|B1|A|53"
"9QF4|1|B1|A|118","s55","9QF4|1|B1|A|119"
"9QF4|1|B1|A|118","s33","9QF4|1|B1|A|50"
"9QF4|1|B1|A|119","s33","9QF4|1|B1|G|117"
"9QF4|1|B1|A|119","s53","9QF4|1|B1|G|52"
"9QF4|1|B1|A|119","s55","9QF4|1|B1|A|118"
"9QF4|1|B1|U|120","ns35","9QF4|1|B1|G|52"
"9QF4|1|B1|U|120","s55","9QF4|1|B1|A|145"
"9QF4|1|B1|G|121","s53","9QF4|1|B1|C|144"
"9QF4|1|B1|G|121","s55","9QF4|1|B1|G|131"
"9QF4|1|B1|G|121","s35","9QF4|1|B1|G|122"
"9QF4|1|B1|G|122","s55","9QF4|1|B1|4AC|130"
"9QF4|1|B1|G|122","s53","9QF4|1|B1|G|121"
"9QF4|1|B1|G|122","s35","9QF4|1|B1|G|123"
"9QF4|1|B1|G|123","s53","9QF4|1|B1|G|122"
"9QF4|1|B1|G|123","s55","9QF4|1|B1|C|129"
"9QF4|1|B1|G|123","s35","9QF4|1|B1|A|124"
"9QF4|1|B1|A|124","s55","9QF4|1|B1|C|128"
"9QF4|1|B1|A|124","s53","9QF4|1|B1|G|123"
"9QF4|1|B1|C|128","s55","9QF4|1|B1|A|124"
"9QF4|1|B1|C|128","s35","9QF4|1|B1|C|129"
"9QF4|1|B1|C|129","s35","9QF4|1|B1|4AC|130"
"9QF4|1|B1|C|129","s55","9QF4|1|B1|G|123"
"9QF4|1|B1|C|129","s53","9QF4|1|B1|C|128"
"9QF4|1|B1|4AC|130","s53","9QF4|1|B1|C|129"
"9QF4|1|B1|4AC|130","s55","9QF4|1|B1|G|122"
"9QF4|1|B1|G|131","s55","9QF4|1|B1|G|121"
"9QF4|1|B1|G|131","s35","9QF4|1|B1|C|132"
"9QF4|1|B1|C|132","s53","9QF4|1|B1|G|131"
"9QF4|1|B1|C|132","s35","9QF4|1|B1|G|133"
"9QF4|1|B1|G|133","s55","9QF4|1|B1|G|143"
"9QF4|1|B1|G|133","s35","9QF4|1|B1|G|134"
"9QF4|1|B1|G|133","s53","9QF4|1|B1|C|132"
"9QF4|1|B1|G|134","s35","9QF4|1|B1|C|135"
"9QF4|1|B1|G|134","s55","9QF4|1|B1|4AC|142"
"9QF4|1|B1|G|134","s53","9QF4|1|B1|G|133"
"9QF4|1|B1|C|135","s35","9QF4|1|B1|U|136"
"9QF4|1|B1|C|135","s53","9QF4|1|B1|G|134"
"9QF4|1|B1|U|136","ns55","9QF4|1|B1|G|140"
"9QF4|1|B1|U|136","s53","9QF4|1|B1|C|135"
"9QF4|1|B1|U|137","ns35","9QF4|1|B1|A|138"
"9QF4|1|B1|A|138","s35","9QF4|1|B1|U|139"
"9QF4|1|B1|A|138","ns53","9QF4|1|B1|U|137"
"9QF4|1|B1|U|139","ns35","9QF4|1|B1|G|140"
"9QF4|1|B1|U|139","s53","9QF4|1|B1|A|138"
"9QF4|1|B1|G|140","ns55","9QF4|1|B1|U|136"
"9QF4|1|B1|G|140","s35","9QF4|1|B1|C|141"
"9QF4|1|B1|G|140","ns53","9QF4|1|B1|U|139"
"9QF4|1|B1|C|141","s53","9QF4|1|B1|G|140"
"9QF4|1|B1|C|141","s35","9QF4|1|B1|4AC|142"
"9QF4|1|B1|4AC|142","s55","9QF4|1|B1|G|134"
"9QF4|1|B1|4AC|142","s35","9QF4|1|B1|G|143"
"9QF4|1|B1|4AC|142","s53","9QF4|1|B1|C|141"
"9QF4|1|B1|G|143","s53","9QF4|1|B1|4AC|142"
"9QF4|1|B1|G|143","s35","9QF4|1|B1|C|144"
"9QF4|1|B1|G|143","s55","9QF4|1|B1|G|133"
"9QF4|1|B1|C|144","s35","9QF4|1|B1|G|121"
"9QF4|1|B1|C|144","s53","9QF4|1|B1|G|143"
"9QF4|1|B1|A|145","s35","9QF4|1|B1|C|146"
"9QF4|1|B1|A|145","s55","9QF4|1|B1|U|120"
"9QF4|1|B1|C|146","s35","9QF4|1|B1|U|147"
"9QF4|1|B1|C|146","s53","9QF4|1|B1|A|145"
"9QF4|1|B1|U|147","s55","9QF4|1|B1|G|166"
"9QF4|1|B1|U|147","s53","9QF4|1|B1|C|146"
"9QF4|1|B1|U|147","s35","9QF4|1|B1|C|148"
"9QF4|1|B1|C|148","s55","9QF4|1|B1|A|165"
"9QF4|1|B1|C|148","s53","9QF4|1|B1|U|147"
"9QF4|1|B1|C|148","s35","9QF4|1|B1|C|149"
"9QF4|1|B1|C|149","s53","9QF4|1|B1|C|148"
"9QF4|1|B1|C|149","s35","9QF4|1|B1|G|150"
"9QF4|1|B1|C|149","s55","9QF4|1|B1|G|164"
"9QF4|1|B1|G|150","s35","9QF4|1|B1|G|151"
"9QF4|1|B1|G|150","s53","9QF4|1|B1|C|149"
"9QF4|1|B1|G|150","s55","9QF4|1|B1|G|163"
"9QF4|1|B1|G|151","s55","9QF4|1|B1|4AC|162"
"9QF4|1|B1|G|151","s53","9QF4|1|B1|G|150"
"9QF4|1|B1|G|151","s35","9QF4|1|B1|G|152"
"9QF4|1|B1|G|152","s35","9QF4|1|B1|G|153"
"9QF4|1|B1|G|152","s53","9QF4|1|B1|G|151"
"9QF4|1|B1|G|152","s55","9QF4|1|B1|C|161"
"9QF4|1|B1|G|153","s53","9QF4|1|B1|G|152"
"9QF4|1|B1|G|153","s35","9QF4|1|B1|U|154"
"9QF4|1|B1|G|153","s55","9QF4|1|B1|C|160"
"9QF4|1|B1|U|154","s53","9QF4|1|B1|G|153"
"9QF4|1|B1|U|154","s33","9QF4|1|B1|U|156"
"9QF4|1|B1|U|156","s33","9QF4|1|B1|A|157"
"9QF4|1|B1|U|156","s33","9QF4|1|B1|U|154"
"9QF4|1|B1|A|157","s55","9QF4|1|B1|C|159"
"9QF4|1|B1|A|157","s33","9QF4|1|B1|U|156"
"9QF4|1|B1|A|157","ns55","9QF4|1|B1|U|158"
"9QF4|1|B1|U|158","ns55","9QF4|1|B1|A|157"
"9QF4|1|B1|C|159","s35","9QF4|1|B1|C|160"
"9QF4|1|B1|C|159","s55","9QF4|1|B1|A|157"
"9QF4|1|B1|C|160","s55","9QF4|1|B1|G|153"
"9QF4|1|B1|C|160","s53","9QF4|1|B1|C|159"
"9QF4|1|B1|C|160","s35","9QF4|1|B1|C|161"
"9QF4|1|B1|C|161","s53","9QF4|1|B1|C|160"
"9QF4|1|B1|C|161","s35","9QF4|1|B1|4AC|162"
"9QF4|1|B1|C|161","s55","9QF4|1|B1|G|152"
"9QF4|1|B1|4AC|162","s55","9QF4|1|B1|G|151"
"9QF4|1|B1|4AC|162","s35","9QF4|1|B1|G|163"
"9QF4|1|B1|4AC|162","s53","9QF4|1|B1|C|161"
"9QF4|1|B1|G|163","s35","9QF4|1|B1|G|164"
"9QF4|1|B1|G|163","s55","9QF4|1|B1|G|150"
"9QF4|1|B1|G|163","s53","9QF4|1|B1|4AC|162"
"9QF4|1|B1|G|164","s55","9QF4|1|B1|C|149"
"9QF4|1|B1|G|164","s53","9QF4|1|B1|G|163"
"9QF4|1|B1|G|164","s35","9QF4|1|B1|A|165"
"9QF4|1|B1|A|165","s53","9QF4|1|B1|G|164"
"9QF4|1|B1|A|165","s35","9QF4|1|B1|G|166"
"9QF4|1|B1|A|165","s55","9QF4|1|B1|C|148"
"9QF4|1|B1|G|166","s33","9QF4|1|B1|G|167"
"9QF4|1|B1|G|166","s55","9QF4|1|B1|U|147"
"9QF4|1|B1|G|166","s53","9QF4|1|B1|A|165"
"9QF4|1|B1|G|167","s33","9QF4|1|B1|G|166"
"9QF4|1|B1|G|167","s55","9QF4|1|B1|A|50"
"9QF4|1|B1|G|168","s35","9QF4|1|B1|G|169"
"9QF4|1|B1|G|168","s55","9QF4|1|B1|G|49"
"9QF4|1|B1|G|169","s55","9QF4|1|B1|4AC|48"
"9QF4|1|B1|G|169","s53","9QF4|1|B1|G|168"
"9QF4|1|B1|G|169","s35","9QF4|1|B1|G|170"
"9QF4|1|B1|G|170","s53","9QF4|1|B1|G|169"
"9QF4|1|B1|G|170","s55","9QF4|1|B1|OMC|47"
"9QF4|1|B1|A|171","s55","9QF4|1|B1|U|476"
"9QF4|1|B1|A|171","s35","9QF4|1|B1|A|172"
"9QF4|1|B1|A|172","s35","9QF4|1|B1|C|173"
"9QF4|1|B1|A|172","s53","9QF4|1|B1|A|171"
"9QF4|1|B1|C|173","ns35","9QF4|1|B1|G|174"
"9QF4|1|B1|C|173","s53","9QF4|1|B1|A|172"
"9QF4|1|B1|G|174","ns53","9QF4|1|B1|C|173"
"9QF4|1|B1|G|174","s35","9QF4|1|B1|C|175"
"9QF4|1|B1|G|174","s55","9QF4|1|B1|A|203"
"9QF4|1|B1|C|175","s35","9QF4|1|B1|G|176"
"9QF4|1|B1|C|175","s53","9QF4|1|B1|G|174"
"9QF4|1|B1|G|176","s35","9QF4|1|B1|G|177"
"9QF4|1|B1|G|176","s53","9QF4|1|B1|C|175"
"9QF4|1|B1|G|176","s55","9QF4|1|B1|G|201"
"9QF4|1|B1|G|177","s35","9QF4|1|B1|G|178"
"9QF4|1|B1|G|177","s53","9QF4|1|B1|G|176"
"9QF4|1|B1|G|177","s55","9QF4|1|B1|4AC|200"
"9QF4|1|B1|G|178","s35","9QF4|1|B1|G|179"
"9QF4|1|B1|G|178","s53","9QF4|1|B1|G|177"
"9QF4|1|B1|G|178","s55","9QF4|1|B1|C|199"
"9QF4|1|B1|G|179","s33","9QF4|1|B1|U|196"
"9QF4|1|B1|G|179","ns55","9QF4|1|B1|C|198"
"9QF4|1|B1|G|179","s33","9QF4|1|B1|G|195"
"9QF4|1|B1|G|179","s53","9QF4|1|B1|G|178"
"9QF4|1|B1|A|180","s35","9QF4|1|B1|A|194"
"9QF4|1|B1|A|180","s35","9QF4|1|B1|A|181"
"9QF4|1|B1|A|180","s55","9QF4|1|B1|A|197"
"9QF4|1|B1|A|181","s35","9QF4|1|B1|U|182"
"9QF4|1|B1|A|181","s53","9QF4|1|B1|A|180"
"9QF4|1|B1|A|181","ns33","9QF4|1|B1|U|193"
"9QF4|1|B1|U|182","s53","9QF4|1|B1|A|181"
"9QF4|1|B1|U|182","s35","9QF4|1|B1|U|183"
"9QF4|1|B1|U|183","s35","9QF4|1|B1|G|184"
"9QF4|1|B1|U|183","s53","9QF4|1|B1|U|182"
"9QF4|1|B1|G|184","s35","9QF4|1|B1|A|185"
"9QF4|1|B1|G|184","s55","9QF4|1|B1|U|192"
"9QF4|1|B1|G|184","s53","9QF4|1|B1|U|183"
"9QF4|1|B1|A|185","s33","9QF4|1|B1|C|188"
"9QF4|1|B1|A|185","s53","9QF4|1|B1|G|184"
"9QF4|1|B1|A|186","s55","9QF4|1|B1|G|941"
"9QF4|1|B1|A|187","s53","9QF4|1|B1|A|2548"
"9QF4|1|B1|A|187","s35","9QF4|1|B1|C|188"
"9QF4|1|B1|C|188","s33","9QF4|1|B1|A|185"
"9QF4|1|B1|C|188","s53","9QF4|1|B1|A|187"
"9QF4|1|B1|A|189","s55","9QF4|1|B1|A|2550"
"9QF4|1|B1|A|189","s33","9QF4|1|B1|A|2549"
"9QF4|1|B1|U|190","s35","9QF4|1|B1|C|191"
"9QF4|1|B1|U|190","ns55","9QF4|1|B1|G|238"
"9QF4|1|B1|C|191","s53","9QF4|1|B1|U|190"
"9QF4|1|B1|C|191","s35","9QF4|1|B1|U|192"
"9QF4|1|B1|U|192","s53","9QF4|1|B1|C|191"
"9QF4|1|B1|U|192","s55","9QF4|1|B1|G|184"
"9QF4|1|B1|U|192","s35","9QF4|1|B1|U|193"
"9QF4|1|B1|U|193","ns33","9QF4|1|B1|A|181"
"9QF4|1|B1|U|193","s53","9QF4|1|B1|U|192"
"9QF4|1|B1|U|193","s33","9QF4|1|B1|A|194"
"9QF4|1|B1|A|194","s53","9QF4|1|B1|A|180"
"9QF4|1|B1|A|194","s55","9QF4|1|B1|U|196"
"9QF4|1|B1|A|194","s33","9QF4|1|B1|U|193"
"9QF4|1|B1|G|195","s33","9QF4|1|B1|G|179"
"9QF4|1|B1|U|196","s35","9QF4|1|B1|A|197"
"9QF4|1|B1|U|196","s33","9QF4|1|B1|G|179"
"9QF4|1|B1|U|196","s55","9QF4|1|B1|A|194"
"9QF4|1|B1|A|197","s53","9QF4|1|B1|U|196"
"9QF4|1|B1|A|197","s55","9QF4|1|B1|A|180"
"9QF4|1|B1|A|197","s35","9QF4|1|B1|C|198"
"9QF4|1|B1|C|198","s53","9QF4|1|B1|A|197"
"9QF4|1|B1|C|198","s35","9QF4|1|B1|C|199"
"9QF4|1|B1|C|198","ns55","9QF4|1|B1|G|179"
"9QF4|1|B1|C|199","s55","9QF4|1|B1|G|178"
"9QF4|1|B1|C|199","s53","9QF4|1|B1|C|198"
"9QF4|1|B1|C|199","s35","9QF4|1|B1|4AC|200"
"9QF4|1|B1|4AC|200","s55","9QF4|1|B1|G|177"
"9QF4|1|B1|4AC|200","s35","9QF4|1|B1|G|201"
"9QF4|1|B1|4AC|200","s53","9QF4|1|B1|C|199"
"9QF4|1|B1|G|201","s55","9QF4|1|B1|G|176"
"9QF4|1|B1|G|201","s35","9QF4|1|B1|C|202"
"9QF4|1|B1|G|201","s53","9QF4|1|B1|4AC|200"
"9QF4|1|B1|C|202","ns35","9QF4|1|B1|A|203"
"9QF4|1|B1|C|202","s53","9QF4|1|B1|G|201"
"9QF4|1|B1|A|203","ns53","9QF4|1|B1|C|202"
"9QF4|1|B1|A|203","s55","9QF4|1|B1|G|174"
"9QF4|1|B1|A|203","s35","9QF4|1|B1|G|204"
"9QF4|1|B1|G|204","s53","9QF4|1|B1|A|203"
"9QF4|1|B1|G|204","s35","9QF4|1|B1|G|205"
"9QF4|1|B1|G|205","s33","9QF4|1|B1|G|46"
"9QF4|1|B1|G|205","s53","9QF4|1|B1|G|204"
"9QF4|1|B1|A|206","s35","9QF4|1|B1|A|207"
"9QF4|1|B1|A|206","s55","9QF4|1|B1|A|473"
"9QF4|1|B1|A|207","s35","9QF4|1|B1|A|208"
"9QF4|1|B1|A|207","s53","9QF4|1|B1|A|206"
"9QF4|1|B1|A|208","s35","9QF4|1|B1|A|209"
"9QF4|1|B1|A|208","s53","9QF4|1|B1|A|207"
"9QF4|1|B1|A|209","s35","9QF4|1|B1|G|210"
"9QF4|1|B1|A|209","s53","9QF4|1|B1|A|208"
"9QF4|1|B1|G|210","s53","9QF4|1|B1|A|209"
"9QF4|1|B1|G|210","s33","9QF4|1|B1|U|468"
"9QF4|1|B1|A|211","s55","9QF4|1|B1|A|223"
"9QF4|1|B1|A|211","s35","9QF4|1|B1|G|256"
"9QF4|1|B1|A|212","s35","9QF4|1|B1|OMG|214"
"9QF4|1|B1|A|213","s55","9QF4|1|B1|A|463"
"9QF4|1|B1|OMG|214","s35","9QF4|1|B1|C|215"
"9QF4|1|B1|OMG|214","s53","9QF4|1|B1|A|212"
"9QF4|1|B1|OMG|214","s55","9QF4|1|B1|G|222"
"9QF4|1|B1|C|215","s53","9QF4|1|B1|OMG|214"
"9QF4|1|B1|C|215","s35","9QF4|1|B1|A|216"
"9QF4|1|B1|A|216","s33","9QF4|1|B1|A|217"
"9QF4|1|B1|A|216","s53","9QF4|1|B1|C|215"
"9QF4|1|B1|A|216","ns55","9QF4|1|B1|G|220"
"9QF4|1|B1|A|217","s33","9QF4|1|B1|A|216"
"9QF4|1|B1|A|217","s55","9QF4|1|B1|C|2525"
"9QF4|1|B1|A|219","s35","9QF4|1|B1|G|220"
"9QF4|1|B1|G|220","s35","9QF4|1|B1|C|221"
"9QF4|1|B1|G|220","ns55","9QF4|1|B1|A|216"
"9QF4|1|B1|G|220","s53","9QF4|1|B1|A|219"
"9QF4|1|B1|C|221","s35","9QF4|1|B1|G|222"
"9QF4|1|B1|C|221","s53","9QF4|1|B1|G|220"
"9QF4|1|B1|G|222","s55","9QF4|1|B1|OMG|214"
"9QF4|1|B1|G|222","s53","9QF4|1|B1|C|221"
"9QF4|1|B1|A|223","s35","9QF4|1|B1|U|224"
"9QF4|1|B1|A|223","s55","9QF4|1|B1|A|211"
"9QF4|1|B1|U|224","s35","9QF4|1|B1|G|225"
"9QF4|1|B1|U|224","s53","9QF4|1|B1|A|223"
"9QF4|1|B1|G|225","s53","9QF4|1|B1|A|471"
"9QF4|1|B1|G|225","s53","9QF4|1|B1|U|224"
"9QF4|1|B1|G|225","s35","9QF4|1|B1|C|226"
"9QF4|1|B1|C|226","s53","9QF4|1|B1|G|225"
"9QF4|1|B1|C|226","s35","9QF4|1|B1|4AC|227"
"9QF4|1|B1|4AC|227","ns35","9QF4|1|B1|G|228"
"9QF4|1|B1|4AC|227","s55","9QF4|1|B1|G|251"
"9QF4|1|B1|4AC|227","s53","9QF4|1|B1|C|226"
"9QF4|1|B1|G|228","s55","9QF4|1|B1|G|250"
"9QF4|1|B1|G|228","ns53","9QF4|1|B1|4AC|227"
"9QF4|1|B1|G|228","s35","9QF4|1|B1|U|229"
"9QF4|1|B1|U|229","s35","9QF4|1|B1|G|230"
"9QF4|1|B1|U|229","s53","9QF4|1|B1|G|228"
"9QF4|1|B1|G|230","s33","9QF4|1|B1|A|246"
"9QF4|1|B1|G|230","s33","9QF4|1|B1|A|231"
"9QF4|1|B1|G|230","s53","9QF4|1|B1|U|229"
"9QF4|1|B1|A|231","s33","9QF4|1|B1|G|230"
"9QF4|1|B1|A|231","s55","9QF4|1|B1|U|233"
"9QF4|1|B1|A|231","s53","9QF4|1|B1|A|245"
"9QF4|1|B1|G|232","s33","9QF4|1|B1|G|244"
"9QF4|1|B1|U|233","s55","9QF4|1|B1|A|231"
"9QF4|1|B1|U|233","s35","9QF4|1|B1|A|234"
"9QF4|1|B1|U|233","s33","9QF4|1|B1|G|244"
"9QF4|1|B1|A|234","s55","9QF4|1|B1|A|245"
"9QF4|1|B1|A|234","s35","9QF4|1|B1|G|235"
"9QF4|1|B1|A|234","s53","9QF4|1|B1|U|233"
"9QF4|1|B1|G|235","s35","9QF4|1|B1|G|236"
"9QF4|1|B1|G|235","s55","9QF4|1|B1|G|244"
"9QF4|1|B1|G|235","s53","9QF4|1|B1|A|234"
"9QF4|1|B1|G|236","s55","9QF4|1|B1|4AC|243"
"9QF4|1|B1|G|236","s35","9QF4|1|B1|G|237"
"9QF4|1|B1|G|236","s53","9QF4|1|B1|G|235"
"9QF4|1|B1|G|237","ns33","9QF4|1|B1|G|240"
"9QF4|1|B1|G|237","s53","9QF4|1|B1|G|236"
"9QF4|1|B1|G|237","s55","9QF4|1|B1|C|242"
"9QF4|1|B1|G|237","s35","9QF4|1|B1|C|239"
"9QF4|1|B1|G|238","ns55","9QF4|1|B1|U|190"
"9QF4|1|B1|G|238","s55","9QF4|1|B1|G|240"
"9QF4|1|B1|C|239","s53","9QF4|1|B1|G|237"
"9QF4|1|B1|G|240","ns33","9QF4|1|B1|G|237"
"9QF4|1|B1|G|240","s55","9QF4|1|B1|G|238"
"9QF4|1|B1|G|240","s35","9QF4|1|B1|A|241"
"9QF4|1|B1|A|241","s53","9QF4|1|B1|G|240"
"9QF4|1|B1|A|241","s35","9QF4|1|B1|C|242"
"9QF4|1|B1|C|242","s53","9QF4|1|B1|A|241"
"9QF4|1|B1|C|242","s55","9QF4|1|B1|G|237"
"9QF4|1|B1|C|242","s35","9QF4|1|B1|4AC|243"
"9QF4|1|B1|4AC|243","s55","9QF4|1|B1|G|236"
"9QF4|1|B1|4AC|243","s35","9QF4|1|B1|G|244"
"9QF4|1|B1|4AC|243","s53","9QF4|1|B1|C|242"
"9QF4|1|B1|G|244","s53","9QF4|1|B1|4AC|243"
"9QF4|1|B1|G|244","s55","9QF4|1|B1|G|235"
"9QF4|1|B1|G|244","s33","9QF4|1|B1|U|233"
"9QF4|1|B1|G|244","s33","9QF4|1|B1|G|232"
"9QF4|1|B1|A|245","s35","9QF4|1|B1|A|246"
"9QF4|1|B1|A|245","s35","9QF4|1|B1|A|231"
"9QF4|1|B1|A|245","s55","9QF4|1|B1|A|234"
"9QF4|1|B1|A|246","s53","9QF4|1|B1|A|245"
"9QF4|1|B1|A|246","s33","9QF4|1|B1|G|230"
"9QF4|1|B1|A|246","s35","9QF4|1|B1|A|247"
"9QF4|1|B1|A|247","s35","9QF4|1|B1|A|248"
"9QF4|1|B1|A|247","s53","9QF4|1|B1|A|246"
"9QF4|1|B1|A|248","s53","9QF4|1|B1|A|247"
"9QF4|1|B1|A|248","s35","9QF4|1|B1|C|249"
"9QF4|1|B1|C|249","ns35","9QF4|1|B1|G|250"
"9QF4|1|B1|C|249","s53","9QF4|1|B1|A|248"
"9QF4|1|B1|G|250","s55","9QF4|1|B1|G|228"
"9QF4|1|B1|G|250","s35","9QF4|1|B1|G|251"
"9QF4|1|B1|G|250","ns53","9QF4|1|B1|C|249"
"9QF4|1|B1|G|251","s35","9QF4|1|B1|5MC|252"
"9QF4|1|B1|G|251","s55","9QF4|1|B1|4AC|227"
"9QF4|1|B1|G|251","s53","9QF4|1|B1|G|250"
"9QF4|1|B1|5MC|252","s35","9QF4|1|B1|A|253"
"9QF4|1|B1|5MC|252","s53","9QF4|1|B1|G|251"
"9QF4|1|B1|A|253","s53","9QF4|1|B1|5MC|252"
"9QF4|1|B1|A|253","s35","9QF4|1|B1|G|254"
"9QF4|1|B1|G|254","s53","9QF4|1|B1|A|253"
"9QF4|1|B1|A|255","s35","9QF4|1|B1|A|469"
"9QF4|1|B1|G|256","s55","9QF4|1|B1|U|468"
"9QF4|1|B1|G|256","s53","9QF4|1|B1|A|211"
"9QF4|1|B1|G|256","s35","9QF4|1|B1|G|257"
"9QF4|1|B1|G|257","s35","9QF4|1|B1|G|258"
"9QF4|1|B1|G|257","s55","9QF4|1|B1|C|467"
"9QF4|1|B1|G|257","s53","9QF4|1|B1|G|256"
"9QF4|1|B1|G|258","s53","9QF4|1|B1|G|257"
"9QF4|1|B1|G|258","s55","9QF4|1|B1|C|466"
"9QF4|1|B1|G|258","s35","9QF4|1|B1|C|259"
"9QF4|1|B1|C|259","s53","9QF4|1|B1|G|258"
"9QF4|1|B1|C|259","ns55","9QF4|1|B1|C|465"
"9QF4|1|B1|C|259","s33","9QF4|1|B1|U|300"
"9QF4|1|B1|C|259","ns35","9QF4|1|B1|A|260"
"9QF4|1|B1|A|260","ns53","9QF4|1|B1|C|259"
"9QF4|1|B1|A|260","s55","9QF4|1|B1|G|413"
"9QF4|1|B1|A|260","ns35","9QF4|1|B1|A|261"
"9QF4|1|B1|A|261","s35","9QF4|1|B1|A|262"
"9QF4|1|B1|A|261","s55","9QF4|1|B1|U|300"
"9QF4|1|B1|A|261","ns53","9QF4|1|B1|A|260"
"9QF4|1|B1|A|262","s53","9QF4|1|B1|A|261"
"9QF4|1|B1|C|263","s55","9QF4|1|B1|G|298"
"9QF4|1|B1|C|263","s35","9QF4|1|B1|U|264"
"9QF4|1|B1|U|264","s55","9QF4|1|B1|G|297"
"9QF4|1|B1|U|264","s53","9QF4|1|B1|C|263"
"9QF4|1|B1|U|264","s35","9QF4|1|B1|G|265"
"9QF4|1|B1|G|265","s33","9QF4|1|B1|G|294"
"9QF4|1|B1|G|265","s53","9QF4|1|B1|U|264"
"9QF4|1|B1|G|265","ns35","9QF4|1|B1|A|266"
"9QF4|1|B1|G|265","ns55","9QF4|1|B1|G|296"
"9QF4|1|B1|A|266","s55","9QF4|1|B1|U|295"
"9QF4|1|B1|A|266","s33","9QF4|1|B1|A|292"
"9QF4|1|B1|A|266","ns53","9QF4|1|B1|G|265"
"9QF4|1|B1|A|266","ns53","9QF4|1|B1|A|267"
"9QF4|1|B1|A|267","ns35","9QF4|1|B1|A|266"
"9QF4|1|B1|A|267","s55","9QF4|1|B1|G|296"
"9QF4|1|B1|C|268","s35","9QF4|1|B1|C|269"
"9QF4|1|B1|C|268","s55","9QF4|1|B1|G|291"
"9QF4|1|B1|C|269","s53","9QF4|1|B1|C|268"
"9QF4|1|B1|C|269","s55","9QF4|1|B1|G|290"
"9QF4|1|B1|C|269","s35","9QF4|1|B1|C|270"
"9QF4|1|B1|C|270","s35","9QF4|1|B1|4AC|271"
"9QF4|1|B1|C|270","s53","9QF4|1|B1|C|269"
"9QF4|1|B1|C|270","s55","9QF4|1|B1|G|289"
"9QF4|1|B1|4AC|271","s35","9QF4|1|B1|G|272"
"9QF4|1|B1|4AC|271","s53","9QF4|1|B1|C|270"
"9QF4|1|B1|4AC|271","s55","9QF4|1|B1|G|288"
"9QF4|1|B1|G|272","s55","9QF4|1|B1|G|287"
"9QF4|1|B1|G|272","s35","9QF4|1|B1|G|273"
"9QF4|1|B1|G|272","s53","9QF4|1|B1|4AC|271"
"9QF4|1|B1|G|273","s55","9QF4|1|B1|C|286"
"9QF4|1|B1|G|273","s35","9QF4|1|B1|G|274"
"9QF4|1|B1|G|273","s53","9QF4|1|B1|G|272"
"9QF4|1|B1|G|274","s35","9QF4|1|B1|C|275"
"9QF4|1|B1|G|274","s53","9QF4|1|B1|G|273"
"9QF4|1|B1|G|274","s55","9QF4|1|B1|U|285"
"9QF4|1|B1|C|275","s35","9QF4|1|B1|LHH|276"
"9QF4|1|B1|C|275","s53","9QF4|1|B1|G|274"
"9QF4|1|B1|LHH|276","s55","9QF4|1|B1|G|283"
"9QF4|1|B1|LHH|276","s35","9QF4|1|B1|G|277"
"9QF4|1|B1|LHH|276","s53","9QF4|1|B1|C|275"
"9QF4|1|B1|G|277","s53","9QF4|1|B1|LHH|276"
"9QF4|1|B1|G|277","s55","9QF4|1|B1|G|282"
"9QF4|1|B1|G|277","ns33","9QF4|1|B1|G|280"
"9QF4|1|B1|A|278","s55","9QF4|1|B1|C|325"
"9QF4|1|B1|A|278","s35","9QF4|1|B1|G|280"
"9QF4|1|B1|G|280","s35","9QF4|1|B1|A|281"
"9QF4|1|B1|G|280","ns33","9QF4|1|B1|G|277"
"9QF4|1|B1|G|280","s53","9QF4|1|B1|A|278"
"9QF4|1|B1|A|281","s35","9QF4|1|B1|G|282"
"9QF4|1|B1|A|281","s53","9QF4|1|B1|G|280"
"9QF4|1|B1|G|282","s53","9QF4|1|B1|A|281"
"9QF4|1|B1|G|282","s55","9QF4|1|B1|G|277"
"9QF4|1|B1|G|282","s35","9QF4|1|B1|G|283"
"9QF4|1|B1|G|283","s55","9QF4|1|B1|LHH|276"
"9QF4|1|B1|G|283","s53","9QF4|1|B1|G|282"
"9QF4|1|B1|G|283","s35","9QF4|1|B1|U|284"
"9QF4|1|B1|U|284","s53","9QF4|1|B1|G|283"
"9QF4|1|B1|U|284","s35","9QF4|1|B1|U|285"
"9QF4|1|B1|U|285","s35","9QF4|1|B1|C|286"
"9QF4|1|B1|U|285","s53","9QF4|1|B1|U|284"
"9QF4|1|B1|U|285","s55","9QF4|1|B1|G|274"
"9QF4|1|B1|C|286","s35","9QF4|1|B1|G|287"
"9QF4|1|B1|C|286","s53","9QF4|1|B1|U|285"
"9QF4|1|B1|C|286","s55","9QF4|1|B1|G|273"
"9QF4|1|B1|G|287","s55","9QF4|1|B1|G|272"
"9QF4|1|B1|G|287","s53","9QF4|1|B1|C|286"
"9QF4|1|B1|G|287","s35","9QF4|1|B1|G|288"
"9QF4|1|B1|G|288","s35","9QF4|1|B1|G|289"
"9QF4|1|B1|G|288","s55","9QF4|1|B1|4AC|271"
"9QF4|1|B1|G|288","s53","9QF4|1|B1|G|287"
"9QF4|1|B1|G|289","s35","9QF4|1|B1|G|290"
"9QF4|1|B1|G|289","s55","9QF4|1|B1|C|270"
"9QF4|1|B1|G|289","s53","9QF4|1|B1|G|288"
"9QF4|1|B1|G|290","s53","9QF4|1|B1|G|289"
"9QF4|1|B1|G|290","s35","9QF4|1|B1|G|291"
"9QF4|1|B1|G|290","s55","9QF4|1|B1|C|269"
"9QF4|1|B1|G|291","ns33","9QF4|1|B1|A|292"
"9QF4|1|B1|G|291","s55","9QF4|1|B1|C|268"
"9QF4|1|B1|G|291","s53","9QF4|1|B1|G|290"
"9QF4|1|B1|A|292","ns33","9QF4|1|B1|G|291"
"9QF4|1|B1|A|292","s33","9QF4|1|B1|A|266"
"9QF4|1|B1|A|292","s35","9QF4|1|B1|G|294"
"9QF4|1|B1|G|294","s53","9QF4|1|B1|A|292"
"9QF4|1|B1|G|294","s33","9QF4|1|B1|G|265"
"9QF4|1|B1|U|295","s35","9QF4|1|B1|G|296"
"9QF4|1|B1|U|295","s55","9QF4|1|B1|A|266"
"9QF4|1|B1|G|296","ns55","9QF4|1|B1|G|265"
"9QF4|1|B1|G|296","s35","9QF4|1|B1|G|297"
"9QF4|1|B1|G|296","s53","9QF4|1|B1|U|295"
"9QF4|1|B1|G|296","s55","9QF4|1|B1|A|267"
"9QF4|1|B1|G|297","s35","9QF4|1|B1|G|298"
"9QF4|1|B1|G|297","s55","9QF4|1|B1|U|264"
"9QF4|1|B1|G|297","s53","9QF4|1|B1|G|296"
"9QF4|1|B1|G|298","s35","9QF4|1|B1|G|299"
"9QF4|1|B1|G|298","s55","9QF4|1|B1|C|263"
"9QF4|1|B1|G|298","s53","9QF4|1|B1|G|297"
"9QF4|1|B1|G|299","ns35","9QF4|1|B1|U|300"
"9QF4|1|B1|G|299","s53","9QF4|1|B1|G|298"
"9QF4|1|B1|U|300","s55","9QF4|1|B1|A|261"
"9QF4|1|B1|U|300","s33","9QF4|1|B1|C|259"
"9QF4|1|B1|U|300","ns53","9QF4|1|B1|G|299"
"9QF4|1|B1|G|302","s55","9QF4|1|B1|A|304"
"9QF4|1|B1|G|302","s35","9QF4|1|B1|G|446"
"9QF4|1|B1|G|302","s33","9QF4|1|B1|C|462"
"9QF4|1|B1|A|304","s35","9QF4|1|B1|G|305"
"9QF4|1|B1|A|304","s55","9QF4|1|B1|G|302"
"9QF4|1|B1|G|305","s53","9QF4|1|B1|A|304"
"9QF4|1|B1|G|305","s35","9QF4|1|B1|G|306"
"9QF4|1|B1|G|305","s55","9QF4|1|B1|U|412"
"9QF4|1|B1|G|306","s53","9QF4|1|B1|G|305"
"9QF4|1|B1|G|306","s35","9QF4|1|B1|G|307"
"9QF4|1|B1|G|306","s55","9QF4|1|B1|C|411"
"9QF4|1|B1|G|307","s35","9QF4|1|B1|C|308"
"9QF4|1|B1|G|307","s53","9QF4|1|B1|G|306"
"9QF4|1|B1|G|307","s55","9QF4|1|B1|C|410"
"9QF4|1|B1|C|308","s53","9QF4|1|B1|G|307"
"9QF4|1|B1|C|308","s35","9QF4|1|B1|C|309"
"9QF4|1|B1|C|309","s55","9QF4|1|B1|G|407"
"9QF4|1|B1|C|309","s35","9QF4|1|B1|C|310"
"9QF4|1|B1|C|309","s53","9QF4|1|B1|C|308"
"9QF4|1|B1|C|310","s55","9QF4|1|B1|G|406"
"9QF4|1|B1|C|310","s53","9QF4|1|B1|C|309"
"9QF4|1|B1|C|310","s35","9QF4|1|B1|C|311"
"9QF4|1|B1|C|311","s55","9QF4|1|B1|G|405"
"9QF4|1|B1|C|311","s35","9QF4|1|B1|C|312"
"9QF4|1|B1|C|311","s53","9QF4|1|B1|C|310"
"9QF4|1|B1|C|312","s55","9QF4|1|B1|G|404"
"9QF4|1|B1|C|312","s35","9QF4|1|B1|G|313"
"9QF4|1|B1|C|312","s53","9QF4|1|B1|C|311"
"9QF4|1|B1|G|313","s33","9QF4|1|B1|U|314"
"9QF4|1|B1|G|313","s55","9QF4|1|B1|G|403"
"9QF4|1|B1|G|313","s53","9QF4|1|B1|C|312"
"9QF4|1|B1|U|314","s33","9QF4|1|B1|G|313"
"9QF4|1|B1|A|315","s55","9QF4|1|B1|G|317"
"9QF4|1|B1|A|315","s53","9QF4|1|B1|C|402"
"9QF4|1|B1|G|317","s55","9QF4|1|B1|A|315"
"9QF4|1|B1|G|317","s35","9QF4|1|B1|A|318"
"9QF4|1|B1|A|318","s53","9QF4|1|B1|G|317"
"9QF4|1|B1|A|318","s35","9QF4|1|B1|G|319"
"9QF4|1|B1|G|319","s55","9QF4|1|B1|U|401"
"9QF4|1|B1|G|319","s53","9QF4|1|B1|A|318"
"9QF4|1|B1|G|319","s35","9QF4|1|B1|A|320"
"9QF4|1|B1|A|320","ns55","9QF4|1|B1|C|400"
"9QF4|1|B1|A|320","s53","9QF4|1|B1|G|319"
"9QF4|1|B1|A|320","s35","9QF4|1|B1|C|321"
"9QF4|1|B1|C|321","ns35","9QF4|1|B1|C|322"
"9QF4|1|B1|C|321","s53","9QF4|1|B1|A|320"
"9QF4|1|B1|C|322","s55","9QF4|1|B1|G|398"
"9QF4|1|B1|C|322","ns53","9QF4|1|B1|C|321"
"9QF4|1|B1|C|322","s35","9QF4|1|B1|C|323"
"9QF4|1|B1|C|323","s55","9QF4|1|B1|G|397"
"9QF4|1|B1|C|323","s35","9QF4|1|B1|U|324"
"9QF4|1|B1|C|323","s53","9QF4|1|B1|C|322"
"9QF4|1|B1|U|324","s55","9QF4|1|B1|G|396"
"9QF4|1|B1|U|324","s53","9QF4|1|B1|C|323"
"9QF4|1|B1|C|325","ns35","9QF4|1|B1|G|326"
"9QF4|1|B1|C|325","s55","9QF4|1|B1|A|278"
"9QF4|1|B1|G|326","ns53","9QF4|1|B1|C|325"
"9QF4|1|B1|G|326","s35","9QF4|1|B1|C|327"
"9QF4|1|B1|G|326","s55","9QF4|1|B1|A|395"
"9QF4|1|B1|C|327","s53","9QF4|1|B1|G|326"
"9QF4|1|B1|C|327","s35","9QF4|1|B1|G|328"
"9QF4|1|B1|G|328","s53","9QF4|1|B1|C|327"
"9QF4|1|B1|G|328","s35","9QF4|1|B1|G|329"
"9QF4|1|B1|G|328","s55","9QF4|1|B1|G|393"
"9QF4|1|B1|G|329","s35","9QF4|1|B1|G|330"
"9QF4|1|B1|G|329","s53","9QF4|1|B1|G|328"
"9QF4|1|B1|G|329","s55","9QF4|1|B1|C|392"
"9QF4|1|B1|G|330","s35","9QF4|1|B1|U|331"
"9QF4|1|B1|G|330","s53","9QF4|1|B1|G|329"
"9QF4|1|B1|G|330","s55","9QF4|1|B1|C|391"
"9QF4|1|B1|U|331","s35","9QF4|1|B1|G|332"
"9QF4|1|B1|U|331","s53","9QF4|1|B1|G|330"
"9QF4|1|B1|G|332","ns55","9QF4|1|B1|G|389"
"9QF4|1|B1|G|332","s33","9QF4|1|B1|U|386"
"9QF4|1|B1|G|332","s53","9QF4|1|B1|U|331"
"9QF4|1|B1|A|333","s35","9QF4|1|B1|A|334"
"9QF4|1|B1|A|333","s55","9QF4|1|B1|A|387"
"9QF4|1|B1|A|334","s53","9QF4|1|B1|A|333"
"9QF4|1|B1|G|335","s35","9QF4|1|B1|5MC|336"
"9QF4|1|B1|G|335","s55","9QF4|1|B1|G|385"
"9QF4|1|B1|5MC|336","s35","9QF4|1|B1|4AC|337"
"9QF4|1|B1|5MC|336","s53","9QF4|1|B1|G|335"
"9QF4|1|B1|4AC|337","s35","9QF4|1|B1|G|338"
"9QF4|1|B1|4AC|337","s53","9QF4|1|B1|5MC|336"
"9QF4|1|B1|4AC|337","s55","9QF4|1|B1|G|383"
"9QF4|1|B1|G|338","s53","9QF4|1|B1|4AC|337"
"9QF4|1|B1|G|338","ns55","9QF4|1|B1|G|382"
"9QF4|1|B1|G|338","s33","9QF4|1|B1|U|380"
"9QF4|1|B1|A|339","s53","9QF4|1|B1|A|363"
"9QF4|1|B1|A|339","s35","9QF4|1|B1|A|340"
"9QF4|1|B1|A|340","s53","9QF4|1|B1|A|339"
"9QF4|1|B1|A|340","ns35","9QF4|1|B1|C|375"
"9QF4|1|B1|G|341","ns53","9QF4|1|B1|C|375"
"9QF4|1|B1|G|341","s35","9QF4|1|B1|C|343"
"9QF4|1|B1|G|341","s55","9QF4|1|B1|G|358"
"9QF4|1|B1|C|343","s35","9QF4|1|B1|4AC|344"
"9QF4|1|B1|C|343","s53","9QF4|1|B1|G|341"
"9QF4|1|B1|4AC|344","s55","9QF4|1|B1|G|356"
"9QF4|1|B1|4AC|344","s53","9QF4|1|B1|C|343"
"9QF4|1|B1|4AC|344","ns35","9QF4|1|B1|G|345"
"9QF4|1|B1|G|345","s55","9QF4|1|B1|G|355"
"9QF4|1|B1|G|345","ns53","9QF4|1|B1|4AC|344"
"9QF4|1|B1|G|345","s35","9QF4|1|B1|C|346"
"9QF4|1|B1|C|346","s35","9QF4|1|B1|U|347"
"9QF4|1|B1|C|346","s53","9QF4|1|B1|G|345"
"9QF4|1|B1|U|347","s35","9QF4|1|B1|G|348"
"9QF4|1|B1|U|347","s53","9QF4|1|B1|C|346"
"9QF4|1|B1|U|347","s55","9QF4|1|B1|G|353"
"9QF4|1|B1|G|348","s53","9QF4|1|B1|U|347"
"9QF4|1|B1|G|348","s33","9QF4|1|B1|A|350"
"9QF4|1|B1|G|348","s55","9QF4|1|B1|A|351"
"9QF4|1|B1|G|349","s35","9QF4|1|B1|A|350"
"9QF4|1|B1|G|349","ns55","9QF4|1|B1|A|517"
"9QF4|1|B1|G|349","s55","9QF4|1|B1|A|540"
"9QF4|1|B1|A|350","s33","9QF4|1|B1|A|371"
"9QF4|1|B1|A|350","s53","9QF4|1|B1|G|349"
"9QF4|1|B1|A|350","s33","9QF4|1|B1|G|348"
"9QF4|1|B1|A|351","s55","9QF4|1|B1|A|371"
"9QF4|1|B1|A|351","s55","9QF4|1|B1|G|348"
"9QF4|1|B1|A|351","s35","9QF4|1|B1|G|353"
"9QF4|1|B1|C|352","s53","9QF4|1|B1|U|369"
"9QF4|1|B1|C|352","s55","9QF4|1|B1|A|373"
"9QF4|1|B1|G|353","s53","9QF4|1|B1|A|351"
"9QF4|1|B1|G|353","s55","9QF4|1|B1|U|347"
"9QF4|1|B1|G|353","s35","9QF4|1|B1|C|354"
"9QF4|1|B1|C|354","s35","9QF4|1|B1|G|355"
"9QF4|1|B1|C|354","s53","9QF4|1|B1|G|353"
"9QF4|1|B1|G|355","s55","9QF4|1|B1|G|345"
"9QF4|1|B1|G|355","s35","9QF4|1|B1|G|356"
"9QF4|1|B1|G|355","s53","9QF4|1|B1|C|354"
"9QF4|1|B1|G|356","s35","9QF4|1|B1|C|357"
"9QF4|1|B1|G|356","s55","9QF4|1|B1|4AC|344"
"9QF4|1|B1|G|356","s53","9QF4|1|B1|G|355"
"9QF4|1|B1|C|357","s53","9QF4|1|B1|G|356"
"9QF4|1|B1|C|357","ns35","9QF4|1|B1|G|358"
"9QF4|1|B1|G|358","s35","9QF4|1|B1|C|359"
"9QF4|1|B1|G|358","ns53","9QF4|1|B1|C|357"
"9QF4|1|B1|G|358","s55","9QF4|1|B1|G|341"
"9QF4|1|B1|C|359","s53","9QF4|1|B1|G|358"
"9QF4|1|B1|C|359","s35","9QF4|1|B1|4AC|360"
"9QF4|1|B1|4AC|360","s53","9QF4|1|B1|C|359"
"9QF4|1|B1|4AC|360","s35","9QF4|1|B1|G|361"
"9QF4|1|B1|4AC|360","s55","9QF4|1|B1|G|374"
"9QF4|1|B1|G|361","s55","9QF4|1|B1|G|364"
"9QF4|1|B1|G|361","s53","9QF4|1|B1|4AC|360"
"9QF4|1|B1|A|363","s35","9QF4|1|B1|A|339"
"9QF4|1|B1|A|363","s55","9QF4|1|B1|A|381"
"9QF4|1|B1|G|364","s55","9QF4|1|B1|G|361"
"9QF4|1|B1|G|364","s35","9QF4|1|B1|G|374"
"9QF4|1|B1|A|365","s35","9QF4|1|B1|G|366"
"9QF4|1|B1|G|366","s35","9QF4|1|B1|G|367"
"9QF4|1|B1|G|366","s53","9QF4|1|B1|A|365"
"9QF4|1|B1|G|366","ns55","9QF4|1|B1|G|379"
"9QF4|1|B1|G|367","s35","9QF4|1|B1|G|368"
"9QF4|1|B1|G|367","s55","9QF4|1|B1|4AC|378"
"9QF4|1|B1|G|367","s53","9QF4|1|B1|G|366"
"9QF4|1|B1|G|368","s55","9QF4|1|B1|C|377"
"9QF4|1|B1|G|368","s35","9QF4|1|B1|U|369"
"9QF4|1|B1|G|368","s53","9QF4|1|B1|G|367"
"9QF4|1|B1|U|369","s35","9QF4|1|B1|C|352"
"9QF4|1|B1|U|369","s53","9QF4|1|B1|G|368"
"9QF4|1|B1|G|370","s55","9QF4|1|B1|A|517"
"9QF4|1|B1|A|371","ns33","9QF4|1|B1|U|1353"
"9QF4|1|B1|A|371","s33","9QF4|1|B1|A|350"
"9QF4|1|B1|A|371","s55","9QF4|1|B1|A|351"
"9QF4|1|B1|U|372","s53","9QF4|1|B1|G|1352"
"9QF4|1|B1|A|373","s55","9QF4|1|B1|C|352"
"9QF4|1|B1|A|373","s35","9QF4|1|B1|C|376"
"9QF4|1|B1|G|374","s53","9QF4|1|B1|G|364"
"9QF4|1|B1|G|374","s55","9QF4|1|B1|4AC|360"
"9QF4|1|B1|G|374","s35","9QF4|1|B1|C|375"
"9QF4|1|B1|C|375","ns53","9QF4|1|B1|A|340"
"9QF4|1|B1|C|375","s53","9QF4|1|B1|G|374"
"9QF4|1|B1|C|375","ns35","9QF4|1|B1|G|341"
"9QF4|1|B1|C|376","s35","9QF4|1|B1|C|377"
"9QF4|1|B1|C|376","s53","9QF4|1|B1|A|373"
"9QF4|1|B1|C|377","s35","9QF4|1|B1|4AC|378"
"9QF4|1|B1|C|377","s53","9QF4|1|B1|C|376"
"9QF4|1|B1|C|377","s55","9QF4|1|B1|G|368"
"9QF4|1|B1|4AC|378","s35","9QF4|1|B1|G|379"
"9QF4|1|B1|4AC|378","s53","9QF4|1|B1|C|377"
"9QF4|1|B1|4AC|378","s55","9QF4|1|B1|G|367"
"9QF4|1|B1|G|379","s35","9QF4|1|B1|U|380"
"9QF4|1|B1|G|379","s53","9QF4|1|B1|4AC|378"
"9QF4|1|B1|G|379","ns55","9QF4|1|B1|G|366"
"9QF4|1|B1|U|380","ns35","9QF4|1|B1|A|381"
"9QF4|1|B1|U|380","s33","9QF4|1|B1|G|338"
"9QF4|1|B1|U|380","s53","9QF4|1|B1|G|379"
"9QF4|1|B1|A|381","s55","9QF4|1|B1|A|363"
"9QF4|1|B1|A|381","ns53","9QF4|1|B1|U|380"
"9QF4|1|B1|A|381","s35","9QF4|1|B1|G|382"
"9QF4|1|B1|G|382","s35","9QF4|1|B1|G|383"
"9QF4|1|B1|G|382","ns55","9QF4|1|B1|G|338"
"9QF4|1|B1|G|382","s53","9QF4|1|B1|A|381"
"9QF4|1|B1|G|383","s35","9QF4|1|B1|C|384"
"9QF4|1|B1|G|383","s53","9QF4|1|B1|G|382"
"9QF4|1|B1|G|383","s55","9QF4|1|B1|4AC|337"
"9QF4|1|B1|C|384","s35","9QF4|1|B1|G|385"
"9QF4|1|B1|C|384","s53","9QF4|1|B1|G|383"
"9QF4|1|B1|G|385","s55","9QF4|1|B1|G|335"
"9QF4|1|B1|G|385","s35","9QF4|1|B1|U|386"
"9QF4|1|B1|G|385","s53","9QF4|1|B1|C|384"
"9QF4|1|B1|U|386","s33","9QF4|1|B1|G|332"
"9QF4|1|B1|U|386","s53","9QF4|1|B1|G|385"
"9QF4|1|B1|A|387","s35","9QF4|1|B1|A|388"
"9QF4|1|B1|A|387","s55","9QF4|1|B1|A|333"
"9QF4|1|B1|A|388","s53","9QF4|1|B1|A|387"
"9QF4|1|B1|A|388","s35","9QF4|1|B1|G|389"
"9QF4|1|B1|G|389","s35","9QF4|1|B1|C|390"
"9QF4|1|B1|G|389","s53","9QF4|1|B1|A|388"
"9QF4|1|B1|G|389","ns55","9QF4|1|B1|G|332"
"9QF4|1|B1|C|390","s53","9QF4|1|B1|G|389"
"9QF4|1|B1|C|390","s35","9QF4|1|B1|C|391"
"9QF4|1|B1|C|391","s35","9QF4|1|B1|C|392"
"9QF4|1|B1|C|391","s55","9QF4|1|B1|G|330"
"9QF4|1|B1|C|391","s53","9QF4|1|B1|C|390"
"9QF4|1|B1|C|392","s55","9QF4|1|B1|G|329"
"9QF4|1|B1|C|392","s53","9QF4|1|B1|C|391"
"9QF4|1|B1|C|392","ns35","9QF4|1|B1|G|393"
"9QF4|1|B1|G|393","s35","9QF4|1|B1|C|394"
"9QF4|1|B1|G|393","ns53","9QF4|1|B1|C|392"
"9QF4|1|B1|G|393","s55","9QF4|1|B1|G|328"
"9QF4|1|B1|C|394","s53","9QF4|1|B1|G|393"
"9QF4|1|B1|C|394","s35","9QF4|1|B1|A|395"
"9QF4|1|B1|A|395","s55","9QF4|1|B1|G|326"
"9QF4|1|B1|A|395","s53","9QF4|1|B1|C|394"
"9QF4|1|B1|A|395","s35","9QF4|1|B1|G|396"
"9QF4|1|B1|G|396","s35","9QF4|1|B1|G|397"
"9QF4|1|B1|G|396","s53","9QF4|1|B1|A|395"
"9QF4|1|B1|G|396","s55","9QF4|1|B1|U|324"
"9QF4|1|B1|G|397","s35","9QF4|1|B1|G|398"
"9QF4|1|B1|G|397","s53","9QF4|1|B1|G|396"
"9QF4|1|B1|G|397","s55","9QF4|1|B1|C|323"
"9QF4|1|B1|G|398","s35","9QF4|1|B1|U|399"
"9QF4|1|B1|G|398","s55","9QF4|1|B1|C|322"
"9QF4|1|B1|G|398","s53","9QF4|1|B1|G|397"
"9QF4|1|B1|U|399","s35","9QF4|1|B1|C|400"
"9QF4|1|B1|U|399","s53","9QF4|1|B1|G|398"
"9QF4|1|B1|C|400","ns55","9QF4|1|B1|A|320"
"9QF4|1|B1|C|400","s53","9QF4|1|B1|U|399"
"9QF4|1|B1|C|400","s35","9QF4|1|B1|U|401"
"9QF4|1|B1|U|401","s53","9QF4|1|B1|C|400"
"9QF4|1|B1|U|401","s35","9QF4|1|B1|C|402"
"9QF4|1|B1|U|401","s55","9QF4|1|B1|G|319"
"9QF4|1|B1|C|402","s35","9QF4|1|B1|A|315"
"9QF4|1|B1|C|402","s53","9QF4|1|B1|U|401"
"9QF4|1|B1|G|403","s55","9QF4|1|B1|G|313"
"9QF4|1|B1|G|403","s35","9QF4|1|B1|G|404"
"9QF4|1|B1|G|404","s35","9QF4|1|B1|G|405"
"9QF4|1|B1|G|404","s53","9QF4|1|B1|G|403"
"9QF4|1|B1|G|404","s55","9QF4|1|B1|C|312"
"9QF4|1|B1|G|405","s35","9QF4|1|B1|G|406"
"9QF4|1|B1|G|405","s53","9QF4|1|B1|G|404"
"9QF4|1|B1|G|405","s55","9QF4|1|B1|C|311"
"9QF4|1|B1|G|406","s55","9QF4|1|B1|C|310"
"9QF4|1|B1|G|406","s35","9QF4|1|B1|G|407"
"9QF4|1|B1|G|406","s53","9QF4|1|B1|G|405"
"9QF4|1|B1|G|407","s53","9QF4|1|B1|G|406"
"9QF4|1|B1|G|407","s55","9QF4|1|B1|C|309"
"9QF4|1|B1|G|407","s35","9QF4|1|B1|C|409"
"9QF4|1|B1|C|409","s53","9QF4|1|B1|G|407"
"9QF4|1|B1|C|409","s35","9QF4|1|B1|C|410"
"9QF4|1|B1|C|410","s35","9QF4|1|B1|C|411"
"9QF4|1|B1|C|410","s53","9QF4|1|B1|C|409"
"9QF4|1|B1|C|410","s55","9QF4|1|B1|G|307"
"9QF4|1|B1|C|411","s35","9QF4|1|B1|U|412"
"9QF4|1|B1|C|411","s55","9QF4|1|B1|G|306"
"9QF4|1|B1|C|411","s53","9QF4|1|B1|C|410"
"9QF4|1|B1|U|412","s33","9QF4|1|B1|C|444"
"9QF4|1|B1|U|412","s55","9QF4|1|B1|G|305"
"9QF4|1|B1|U|412","s53","9QF4|1|B1|C|411"
"9QF4|1|B1|G|413","s35","9QF4|1|B1|C|465"
"9QF4|1|B1|G|413","s55","9QF4|1|B1|A|260"
"9QF4|1|B1|A|414","ns35","9QF4|1|B1|G|443"
"9QF4|1|B1|A|414","ns53","9QF4|1|B1|A|441"
"9QF4|1|B1|A|414","s55","9QF4|1|B1|U|416"
"9QF4|1|B1|G|415","s33","9QF4|1|B1|G|440"
"9QF4|1|B1|U|416","s55","9QF4|1|B1|A|414"
"9QF4|1|B1|U|416","s33","9QF4|1|B1|G|440"
"9QF4|1|B1|U|416","ns35","9QF4|1|B1|A|417"
"9QF4|1|B1|A|417","ns53","9QF4|1|B1|U|416"
"9QF4|1|B1|A|417","s35","9QF4|1|B1|C|418"
"9QF4|1|B1|A|417","s55","9QF4|1|B1|A|441"
"9QF4|1|B1|C|418","ns35","9QF4|1|B1|4AC|419"
"9QF4|1|B1|C|418","s53","9QF4|1|B1|A|417"
"9QF4|1|B1|C|418","s55","9QF4|1|B1|G|440"
"9QF4|1|B1|4AC|419","ns35","9QF4|1|B1|G|420"
"9QF4|1|B1|4AC|419","ns53","9QF4|1|B1|C|418"
"9QF4|1|B1|4AC|419","s55","9QF4|1|B1|G|439"
"9QF4|1|B1|G|420","ns53","9QF4|1|B1|4AC|419"
"9QF4|1|B1|G|420","s35","9QF4|1|B1|U|421"
"9QF4|1|B1|G|420","s55","9QF4|1|B1|G|438"
"9QF4|1|B1|U|421","s53","9QF4|1|B1|G|420"
"9QF4|1|B1|U|421","s35","9QF4|1|B1|C|422"
"9QF4|1|B1|C|422","s35","9QF4|1|B1|G|423"
"9QF4|1|B1|C|422","s55","9QF4|1|B1|G|436"
"9QF4|1|B1|C|422","s53","9QF4|1|B1|U|421"
"9QF4|1|B1|G|423","s55","9QF4|1|B1|G|435"
"9QF4|1|B1|G|423","s53","9QF4|1|B1|C|422"
"9QF4|1|B1|G|423","s35","9QF4|1|B1|G|424"
"9QF4|1|B1|G|424","s55","9QF4|1|B1|4AC|434"
"9QF4|1|B1|G|424","s35","9QF4|1|B1|U|425"
"9QF4|1|B1|G|424","s53","9QF4|1|B1|G|423"
"9QF4|1|B1|U|425","s35","9QF4|1|B1|U|426"
"9QF4|1|B1|U|425","s53","9QF4|1|B1|G|424"
"9QF4|1|B1|U|426","s53","9QF4|1|B1|U|425"
"9QF4|1|B1|U|426","s55","9QF4|1|B1|U|432"
"9QF4|1|B1|G|427","s35","9QF4|1|B1|G|428"
"9QF4|1|B1|G|428","s53","9QF4|1|B1|G|427"
"9QF4|1|B1|G|428","ns35","9QF4|1|B1|U|432"
"9QF4|1|B1|A|429","s33","9QF4|1|B1|A|431"
"9QF4|1|B1|U|430","ns35","9QF4|1|B1|C|452"
"9QF4|1|B1|A|431","s33","9QF4|1|B1|A|429"
"9QF4|1|B1|U|432","ns53","9QF4|1|B1|G|428"
"9QF4|1|B1|U|432","s35","9QF4|1|B1|C|433"
"9QF4|1|B1|U|432","s55","9QF4|1|B1|U|426"
"9QF4|1|B1|C|433","s35","9QF4|1|B1|4AC|434"
"9QF4|1|B1|C|433","s53","9QF4|1|B1|U|432"
"9QF4|1|B1|4AC|434","s35","9QF4|1|B1|G|435"
"9QF4|1|B1|4AC|434","s53","9QF4|1|B1|C|433"
"9QF4|1|B1|4AC|434","s55","9QF4|1|B1|G|424"
"9QF4|1|B1|G|435","s35","9QF4|1|B1|G|436"
"9QF4|1|B1|G|435","s55","9QF4|1|B1|G|423"
"9QF4|1|B1|G|435","s53","9QF4|1|B1|4AC|434"
"9QF4|1|B1|G|436","s35","9QF4|1|B1|C|437"
"9QF4|1|B1|G|436","s53","9QF4|1|B1|G|435"
"9QF4|1|B1|G|436","s55","9QF4|1|B1|C|422"
"9QF4|1|B1|C|437","s35","9QF4|1|B1|G|438"
"9QF4|1|B1|C|437","s53","9QF4|1|B1|G|436"
"9QF4|1|B1|G|438","s55","9QF4|1|B1|G|420"
"9QF4|1|B1|G|438","s35","9QF4|1|B1|G|439"
"9QF4|1|B1|G|438","s53","9QF4|1|B1|C|437"
"9QF4|1|B1|G|439","s55","9QF4|1|B1|4AC|419"
"9QF4|1|B1|G|439","s35","9QF4|1|B1|G|440"
"9QF4|1|B1|G|439","s53","9QF4|1|B1|G|438"
"9QF4|1|B1|G|440","s53","9QF4|1|B1|G|439"
"9QF4|1|B1|G|440","s33","9QF4|1|B1|U|416"
"9QF4|1|B1|G|440","s33","9QF4|1|B1|G|415"
"9QF4|1|B1|G|440","s55","9QF4|1|B1|C|418"
"9QF4|1|B1|A|441","ns35","9QF4|1|B1|A|414"
"9QF4|1|B1|A|441","s55","9QF4|1|B1|A|417"
"9QF4|1|B1|A|441","s35","9QF4|1|B1|A|442"
"9QF4|1|B1|A|442","s53","9QF4|1|B1|A|441"
"9QF4|1|B1|A|442","s35","9QF4|1|B1|G|443"
"9QF4|1|B1|G|443","s53","9QF4|1|B1|A|442"
"9QF4|1|B1|G|443","ns53","9QF4|1|B1|A|414"
"9QF4|1|B1|C|444","s33","9QF4|1|B1|U|412"
"9QF4|1|B1|C|444","s55","9QF4|1|B1|G|446"
"9QF4|1|B1|G|446","s55","9QF4|1|B1|C|444"
"9QF4|1|B1|G|446","s53","9QF4|1|B1|G|302"
"9QF4|1|B1|G|446","s35","9QF4|1|B1|G|447"
"9QF4|1|B1|G|447","s55","9QF4|1|B1|C|462"
"9QF4|1|B1|G|447","s53","9QF4|1|B1|G|446"
"9QF4|1|B1|G|447","s35","9QF4|1|B1|G|448"
"9QF4|1|B1|G|448","s55","9QF4|1|B1|C|461"
"9QF4|1|B1|G|448","s35","9QF4|1|B1|A|449"
"9QF4|1|B1|G|448","s53","9QF4|1|B1|G|447"
"9QF4|1|B1|A|449","ns55","9QF4|1|B1|C|460"
"9QF4|1|B1|A|449","s53","9QF4|1|B1|G|448"
"9QF4|1|B1|A|449","s35","9QF4|1|B1|G|450"
"9QF4|1|B1|G|450","s55","9QF4|1|B1|U|459"
"9QF4|1|B1|G|450","s35","9QF4|1|B1|C|2525"
"9QF4|1|B1|G|450","s53","9QF4|1|B1|A|449"
"9QF4|1|B1|G|451","ns33","9QF4|1|B1|C|2524"
"9QF4|1|B1|C|452","s55","9QF4|1|B1|G|2531"
"9QF4|1|B1|C|452","s35","9QF4|1|B1|A|453"
"9QF4|1|B1|C|452","ns53","9QF4|1|B1|U|430"
"9QF4|1|B1|A|453","s55","9QF4|1|B1|G|2530"
"9QF4|1|B1|A|453","s35","9QF4|1|B1|OMU|454"
"9QF4|1|B1|A|453","s53","9QF4|1|B1|C|452"
"9QF4|1|B1|OMU|454","s35","9QF4|1|B1|C|455"
"9QF4|1|B1|OMU|454","s53","9QF4|1|B1|A|453"
"9QF4|1|B1|C|455","s53","9QF4|1|B1|OMU|454"
"9QF4|1|B1|C|455","s55","9QF4|1|B1|G|2528"
"9QF4|1|B1|C|455","s35","9QF4|1|B1|G|456"
"9QF4|1|B1|G|456","s53","9QF4|1|B1|C|455"
"9QF4|1|B1|G|456","s55","9QF4|1|B1|G|2527"
"9QF4|1|B1|G|456","s35","9QF4|1|B1|G|457"
"9QF4|1|B1|G|457","s55","9QF4|1|B1|4AC|2526"
"9QF4|1|B1|G|457","s35","9QF4|1|B1|C|458"
"9QF4|1|B1|G|457","s53","9QF4|1|B1|G|456"
"9QF4|1|B1|C|458","s35","9QF4|1|B1|U|459"
"9QF4|1|B1|C|458","s53","9QF4|1|B1|G|457"
"9QF4|1|B1|U|459","s53","9QF4|1|B1|C|458"
"9QF4|1|B1|U|459","s55","9QF4|1|B1|G|450"
"9QF4|1|B1|U|459","s35","9QF4|1|B1|C|460"
"9QF4|1|B1|C|460","s35","9QF4|1|B1|C|461"
"9QF4|1|B1|C|460","s53","9QF4|1|B1|U|459"
"9QF4|1|B1|C|460","ns55","9QF4|1|B1|A|449"
"9QF4|1|B1|C|461","s53","9QF4|1|B1|C|460"
"9QF4|1|B1|C|461","s55","9QF4|1|B1|G|448"
"9QF4|1|B1|C|461","s35","9QF4|1|B1|C|462"
"9QF4|1|B1|C|462","s33","9QF4|1|B1|G|302"
"9QF4|1|B1|C|462","s53","9QF4|1|B1|C|461"
"9QF4|1|B1|C|462","s55","9QF4|1|B1|G|447"
"9QF4|1|B1|A|463","s35","9QF4|1|B1|A|464"
"9QF4|1|B1|A|463","s55","9QF4|1|B1|A|213"
"9QF4|1|B1|A|464","s53","9QF4|1|B1|A|463"
"9QF4|1|B1|C|465","ns55","9QF4|1|B1|C|259"
"9QF4|1|B1|C|465","s35","9QF4|1|B1|C|466"
"9QF4|1|B1|C|465","s53","9QF4|1|B1|G|413"
"9QF4|1|B1|C|466","s55","9QF4|1|B1|G|258"
"9QF4|1|B1|C|466","s35","9QF4|1|B1|C|467"
"9QF4|1|B1|C|466","s53","9QF4|1|B1|C|465"
"9QF4|1|B1|C|467","s35","9QF4|1|B1|U|468"
"9QF4|1|B1|C|467","s53","9QF4|1|B1|C|466"
"9QF4|1|B1|C|467","s55","9QF4|1|B1|G|257"
"9QF4|1|B1|U|468","s33","9QF4|1|B1|G|210"
"9QF4|1|B1|U|468","s53","9QF4|1|B1|C|467"
"9QF4|1|B1|U|468","s55","9QF4|1|B1|G|256"
"9QF4|1|B1|A|469","s35","9QF4|1|B1|A|470"
"9QF4|1|B1|A|469","s53","9QF4|1|B1|A|255"
"9QF4|1|B1|A|470","s53","9QF4|1|B1|A|469"
"9QF4|1|B1|A|470","s35","9QF4|1|B1|A|471"
"9QF4|1|B1|A|471","s35","9QF4|1|B1|G|225"
"9QF4|1|B1|A|471","s53","9QF4|1|B1|A|470"
"9QF4|1|B1|A|473","s55","9QF4|1|B1|A|206"
"9QF4|1|B1|A|473","s35","9QF4|1|B1|C|474"
"9QF4|1|B1|C|474","s53","9QF4|1|B1|A|473"
"9QF4|1|B1|C|474","s35","9QF4|1|B1|G|475"
"9QF4|1|B1|G|475","s53","9QF4|1|B1|C|474"
"9QF4|1|B1|G|475","ns33","9QF4|1|B1|G|44"
"9QF4|1|B1|G|475","s35","9QF4|1|B1|C|477"
"9QF4|1|B1|G|475","s55","9QF4|1|B1|G|46"
"9QF4|1|B1|U|476","ns35","9QF4|1|B1|C|477"
"9QF4|1|B1|U|476","s55","9QF4|1|B1|A|171"
"9QF4|1|B1|C|477","ns53","9QF4|1|B1|U|476"
"9QF4|1|B1|C|477","s35","9QF4|1|B1|C|478"
"9QF4|1|B1|C|477","s53","9QF4|1|B1|G|475"
"9QF4|1|B1|C|478","s55","9QF4|1|B1|G|44"
"9QF4|1|B1|C|478","s35","9QF4|1|B1|C|479"
"9QF4|1|B1|C|478","s53","9QF4|1|B1|C|477"
"9QF4|1|B1|C|479","s35","9QF4|1|B1|G|480"
"9QF4|1|B1|C|479","s55","9QF4|1|B1|G|43"
"9QF4|1|B1|C|479","s53","9QF4|1|B1|C|478"
"9QF4|1|B1|G|480","ns55","9QF4|1|B1|G|42"
"9QF4|1|B1|G|480","s53","9QF4|1|B1|C|479"
"9QF4|1|B1|G|480","s35","9QF4|1|B1|A|481"
"9QF4|1|B1|A|481","s55","9QF4|1|B1|C|40"
"9QF4|1|B1|A|481","s53","9QF4|1|B1|G|480"
"9QF4|1|B1|A|481","s35","9QF4|1|B1|G|482"
"9QF4|1|B1|G|482","s35","9QF4|1|B1|C|484"
"9QF4|1|B1|G|482","s53","9QF4|1|B1|A|481"
"9QF4|1|B1|G|482","s55","9QF4|1|B1|U|39"
"9QF4|1|B1|C|484","s53","9QF4|1|B1|G|482"
"9QF4|1|B1|C|484","ns35","9QF4|1|B1|4AC|485"
"9QF4|1|B1|4AC|485","s55","9QF4|1|B1|G|37"
"9QF4|1|B1|4AC|485","ns53","9QF4|1|B1|C|484"
"9QF4|1|B1|4AC|485","s35","9QF4|1|B1|G|486"
"9QF4|1|B1|G|486","s53","9QF4|1|B1|4AC|485"
"9QF4|1|B1|G|486","ns33","9QF4|1|B1|U|34"
"9QF4|1|B1|G|486","s55","9QF4|1|B1|G|36"
"9QF4|1|B1|A|487","s53","9QF4|1|B1|A|494"
"9QF4|1|B1|A|487","s55","9QF4|1|B1|A|489"
"9QF4|1|B1|A|487","s35","9QF4|1|B1|G|513"
"9QF4|1|B1|A|489","s55","9QF4|1|B1|A|487"
"9QF4|1|B1|A|489","s35","9QF4|1|B1|G|490"
"9QF4|1|B1|G|490","s55","9QF4|1|B1|A|494"
"9QF4|1|B1|G|490","s53","9QF4|1|B1|A|489"
"9QF4|1|B1|C|491","s33","9QF4|1|B1|A|493"
"9QF4|1|B1|G|492","s35","9QF4|1|B1|A|493"
"9QF4|1|B1|G|492","s55","9QF4|1|B1|G|498"
"9QF4|1|B1|A|493","s53","9QF4|1|B1|G|492"
"9QF4|1|B1|A|493","s33","9QF4|1|B1|C|491"
"9QF4|1|B1|A|494","ns33","9QF4|1|B1|U|34"
"9QF4|1|B1|A|494","s55","9QF4|1|B1|G|490"
"9QF4|1|B1|A|494","s35","9QF4|1|B1|A|487"
"9QF4|1|B1|A|494","s55","9QF4|1|B1|G|36"
"9QF4|1|B1|C|495","s33","9QF4|1|B1|A|512"
"9QF4|1|B1|A|497","ns55","9QF4|1|B1|G|498"
"9QF4|1|B1|A|497","s55","9QF4|1|B1|U|499"
"9QF4|1|B1|A|497","s35","9QF4|1|B1|A|512"
"9QF4|1|B1|A|497","s53","9QF4|1|B1|A|510"
"9QF4|1|B1|G|498","ns55","9QF4|1|B1|A|497"
"9QF4|1|B1|G|498","s55","9QF4|1|B1|G|492"
"9QF4|1|B1|G|498","s33","9QF4|1|B1|G|509"
"9QF4|1|B1|U|499","s55","9QF4|1|B1|A|497"
"9QF4|1|B1|U|499","s33","9QF4|1|B1|G|509"
"9QF4|1|B1|U|499","s35","9QF4|1|B1|A|500"
"9QF4|1|B1|A|500","s53","9QF4|1|B1|U|499"
"9QF4|1|B1|A|500","s55","9QF4|1|B1|A|510"
"9QF4|1|B1|A|500","s35","9QF4|1|B1|OMC|501"
"9QF4|1|B1|OMC|501","s53","9QF4|1|B1|A|500"
"9QF4|1|B1|OMC|501","s55","9QF4|1|B1|G|509"
"9QF4|1|B1|OMC|501","ns35","9QF4|1|B1|LHH|502"
"9QF4|1|B1|LHH|502","s55","9QF4|1|B1|G|508"
"9QF4|1|B1|LHH|502","s35","9QF4|1|B1|G|503"
"9QF4|1|B1|LHH|502","ns53","9QF4|1|B1|OMC|501"
"9QF4|1|B1|G|503","s53","9QF4|1|B1|LHH|502"
"9QF4|1|B1|G|503","s55","9QF4|1|B1|G|507"
"9QF4|1|B1|U|504","s35","9QF4|1|B1|G|505"
"9QF4|1|B1|U|504","s53","9QF4|1|B1|A|924"
"9QF4|1|B1|G|505","s53","9QF4|1|B1|U|504"
"9QF4|1|B1|G|505","s35","9QF4|1|B1|A2M|506"
"9QF4|1|B1|A2M|506","s53","9QF4|1|B1|G|505"
"9QF4|1|B1|G|507","s35","9QF4|1|B1|G|508"
"9QF4|1|B1|G|507","s55","9QF4|1|B1|G|503"
"9QF4|1|B1|G|508","s55","9QF4|1|B1|LHH|502"
"9QF4|1|B1|G|508","s53","9QF4|1|B1|G|507"
"9QF4|1|B1|G|508","s35","9QF4|1|B1|G|509"
"9QF4|1|B1|G|509","s55","9QF4|1|B1|OMC|501"
"9QF4|1|B1|G|509","s33","9QF4|1|B1|G|498"
"9QF4|1|B1|G|509","s53","9QF4|1|B1|G|508"
"9QF4|1|B1|G|509","s33","9QF4|1|B1|U|499"
"9QF4|1|B1|A|510","s35","9QF4|1|B1|A|511"
"9QF4|1|B1|A|510","s35","9QF4|1|B1|A|497"
"9QF4|1|B1|A|510","s55","9QF4|1|B1|A|500"
"9QF4|1|B1|A|511","s35","9QF4|1|B1|A|512"
"9QF4|1|B1|A|511","s53","9QF4|1|B1|A|510"
"9QF4|1|B1|A|512","s53","9QF4|1|B1|A|511"
"9QF4|1|B1|A|512","s33","9QF4|1|B1|C|495"
"9QF4|1|B1|A|512","s53","9QF4|1|B1|A|497"
"9QF4|1|B1|G|513","s35","9QF4|1|B1|C|514"
"9QF4|1|B1|G|513","ns55","9QF4|1|B1|U|34"
"9QF4|1|B1|G|513","s53","9QF4|1|B1|A|487"
"9QF4|1|B1|C|514","s35","9QF4|1|B1|C|548"
"9QF4|1|B1|C|514","s53","9QF4|1|B1|G|513"
"9QF4|1|B1|U|515","s35","9QF4|1|B1|G|516"
"9QF4|1|B1|U|515","s55","9QF4|1|B1|G|521"
"9QF4|1|B1|U|515","s53","9QF4|1|B1|C|547"
"9QF4|1|B1|G|516","s53","9QF4|1|B1|U|515"
"9QF4|1|B1|G|516","s55","9QF4|1|B1|A|519"
"9QF4|1|B1|G|516","s33","9QF4|1|B1|A|518"
"9QF4|1|B1|A|517","ns55","9QF4|1|B1|G|349"
"9QF4|1|B1|A|517","s55","9QF4|1|B1|G|370"
"9QF4|1|B1|A|517","s35","9QF4|1|B1|A|518"
"9QF4|1|B1|A|518","s35","9QF4|1|B1|A|520"
"9QF4|1|B1|A|518","s33","9QF4|1|B1|G|516"
"9QF4|1|B1|A|518","s53","9QF4|1|B1|A|517"
"9QF4|1|B1|A|519","s35","9QF4|1|B1|G|544"
"9QF4|1|B1|A|519","s55","9QF4|1|B1|G|516"
"9QF4|1|B1|A|519","s53","9QF4|1|B1|A|520"
"9QF4|1|B1|A|519","s35","9QF4|1|B1|G|521"
"9QF4|1|B1|A|520","s35","9QF4|1|B1|A|519"
"9QF4|1|B1|A|520","s53","9QF4|1|B1|A|518"
"9QF4|1|B1|G|521","s35","9QF4|1|B1|A|545"
"9QF4|1|B1|G|521","s53","9QF4|1|B1|A|519"
"9QF4|1|B1|G|521","s55","9QF4|1|B1|U|515"
"9QF4|1|B1|C|522","s53","9QF4|1|B1|G|544"
"9QF4|1|B1|C|522","s55","9QF4|1|B1|G|537"
"9QF4|1|B1|A|523","s35","9QF4|1|B1|C|524"
"9QF4|1|B1|C|524","s35","9QF4|1|B1|C|525"
"9QF4|1|B1|C|524","s53","9QF4|1|B1|A|523"
"9QF4|1|B1|C|524","s55","9QF4|1|B1|G|536"
"9QF4|1|B1|C|525","s35","9QF4|1|B1|C|526"
"9QF4|1|B1|C|525","s55","9QF4|1|B1|G|535"
"9QF4|1|B1|C|525","s53","9QF4|1|B1|C|524"
"9QF4|1|B1|C|526","s53","9QF4|1|B1|C|525"
"9QF4|1|B1|C|526","s55","9QF4|1|B1|G|534"
"9QF4|1|B1|C|526","s35","9QF4|1|B1|LHH|527"
"9QF4|1|B1|LHH|527","s55","9QF4|1|B1|G|533"
"9QF4|1|B1|LHH|527","s35","9QF4|1|B1|G|528"
"9QF4|1|B1|LHH|527","s53","9QF4|1|B1|C|526"
"9QF4|1|B1|G|528","ns33","9QF4|1|B1|OMG|530"
"9QF4|1|B1|G|528","s53","9QF4|1|B1|LHH|527"
"9QF4|1|B1|G|528","s55","9QF4|1|B1|G|532"
"9QF4|1|B1|G|529","s35","9QF4|1|B1|OMG|530"
"9QF4|1|B1|G|529","s55","9QF4|1|B1|A|1428"
"9QF4|1|B1|OMG|530","ns33","9QF4|1|B1|G|528"
"9QF4|1|B1|OMG|530","s35","9QF4|1|B1|A|531"
"9QF4|1|B1|OMG|530","s53","9QF4|1|B1|G|529"
"9QF4|1|B1|A|531","s53","9QF4|1|B1|OMG|530"
"9QF4|1|B1|A|531","ns35","9QF4|1|B1|G|532"
"9QF4|1|B1|G|532","s35","9QF4|1|B1|G|533"
"9QF4|1|B1|G|532","ns53","9QF4|1|B1|A|531"
"9QF4|1|B1|G|532","s55","9QF4|1|B1|G|528"
"9QF4|1|B1|G|533","s53","9QF4|1|B1|G|532"
"9QF4|1|B1|G|533","s35","9QF4|1|B1|G|534"
"9QF4|1|B1|G|533","s55","9QF4|1|B1|LHH|527"
"9QF4|1|B1|G|534","s55","9QF4|1|B1|C|526"
"9QF4|1|B1|G|534","s53","9QF4|1|B1|G|533"
"9QF4|1|B1|G|534","s35","9QF4|1|B1|G|535"
"9QF4|1|B1|G|535","s55","9QF4|1|B1|C|525"
"9QF4|1|B1|G|535","s35","9QF4|1|B1|G|536"
"9QF4|1|B1|G|535","s53","9QF4|1|B1|G|534"
"9QF4|1|B1|G|536","s53","9QF4|1|B1|G|535"
"9QF4|1|B1|G|536","s55","9QF4|1|B1|C|524"
"9QF4|1|B1|G|536","s35","9QF4|1|B1|G|537"
"9QF4|1|B1|G|537","s55","9QF4|1|B1|C|522"
"9QF4|1|B1|G|537","s35","9QF4|1|B1|U|538"
"9QF4|1|B1|G|537","s53","9QF4|1|B1|G|536"
"9QF4|1|B1|U|538","s35","9QF4|1|B1|G|539"
"9QF4|1|B1|U|538","s53","9QF4|1|B1|G|537"
"9QF4|1|B1|G|539","s55","9QF4|1|B1|A|542"
"9QF4|1|B1|G|539","s33","9QF4|1|B1|A|541"
"9QF4|1|B1|G|539","s53","9QF4|1|B1|U|538"
"9QF4|1|B1|A|540","s55","9QF4|1|B1|G|349"
"9QF4|1|B1|A|540","s35","9QF4|1|B1|A|541"
"9QF4|1|B1|A|541","s35","9QF4|1|B1|A|543"
"9QF4|1|B1|A|541","s53","9QF4|1|B1|A|540"
"9QF4|1|B1|A|541","s33","9QF4|1|B1|G|539"
"9QF4|1|B1|A|542","s55","9QF4|1|B1|G|539"
"9QF4|1|B1|A|542","s35","9QF4|1|B1|G|544"
"9QF4|1|B1|A|542","s53","9QF4|1|B1|A|543"
"9QF4|1|B1|A|543","s53","9QF4|1|B1|A|541"
"9QF4|1|B1|A|543","s35","9QF4|1|B1|A|542"
"9QF4|1|B1|G|544","s35","9QF4|1|B1|C|522"
"9QF4|1|B1|G|544","s53","9QF4|1|B1|A|519"
"9QF4|1|B1|G|544","ns35","9QF4|1|B1|A|545"
"9QF4|1|B1|G|544","s53","9QF4|1|B1|A|542"
"9QF4|1|B1|A|545","s53","9QF4|1|B1|G|521"
"9QF4|1|B1|A|545","ns53","9QF4|1|B1|G|544"
"9QF4|1|B1|C|547","s35","9QF4|1|B1|U|515"
"9QF4|1|B1|C|548","s35","9QF4|1|B1|U|549"
"9QF4|1|B1|C|548","s53","9QF4|1|B1|C|514"
"9QF4|1|B1|C|548","s55","9QF4|1|B1|G|32"
"9QF4|1|B1|U|549","s35","9QF4|1|B1|OMG|550"
"9QF4|1|B1|U|549","s53","9QF4|1|B1|C|548"
"9QF4|1|B1|U|549","s55","9QF4|1|B1|G|31"
"9QF4|1|B1|OMG|550","s33","9QF4|1|B1|G|28"
"9QF4|1|B1|OMG|550","s53","9QF4|1|B1|U|549"
"9QF4|1|B1|A|551","s35","9QF4|1|B1|A|552"
"9QF4|1|B1|A|551","ns33","9QF4|1|B1|G|27"
"9QF4|1|B1|A|551","s55","9QF4|1|B1|A|29"
"9QF4|1|B1|A|552","s53","9QF4|1|B1|A|551"
"9QF4|1|B1|A|552","s35","9QF4|1|B1|A|553"
"9QF4|1|B1|A|553","s35","9QF4|1|B1|C|554"
"9QF4|1|B1|A|553","s53","9QF4|1|B1|A|552"
"9QF4|1|B1|C|554","s53","9QF4|1|B1|A|553"
"9QF4|1|B1|C|554","s35","9QF4|1|B1|C|555"
"9QF4|1|B1|C|555","s55","9QF4|1|B1|G|25"
"9QF4|1|B1|C|555","ns35","9QF4|1|B1|G|556"
"9QF4|1|B1|C|555","s53","9QF4|1|B1|C|554"
"9QF4|1|B1|G|556","s55","9QF4|1|B1|G|24"
"9QF4|1|B1|G|556","ns53","9QF4|1|B1|C|555"
"9QF4|1|B1|G|556","s35","9QF4|1|B1|G|557"
"9QF4|1|B1|G|557","s55","9QF4|1|B1|4AC|23"
"9QF4|1|B1|G|557","s35","9QF4|1|B1|G|558"
"9QF4|1|B1|G|557","s53","9QF4|1|B1|G|556"
"9QF4|1|B1|G|558","s53","9QF4|1|B1|G|557"
"9QF4|1|B1|G|558","s35","9QF4|1|B1|C|559"
"9QF4|1|B1|G|558","s55","9QF4|1|B1|C|22"
"9QF4|1|B1|C|559","s53","9QF4|1|B1|G|558"
"9QF4|1|B1|G|560","s55","9QF4|1|B1|G|20"
"9QF4|1|B1|G|560","s35","9QF4|1|B1|G|561"
"9QF4|1|B1|G|561","s55","9QF4|1|B1|4AC|19"
"9QF4|1|B1|G|561","s53","9QF4|1|B1|G|560"
"9QF4|1|B1|G|561","s35","9QF4|1|B1|C|562"
"9QF4|1|B1|C|562","s53","9QF4|1|B1|G|561"
"9QF4|1|B1|C|562","s35","9QF4|1|B1|G|563"
"9QF4|1|B1|G|563","s53","9QF4|1|B1|C|562"
"9QF4|1|B1|G|563","ns55","9QF4|1|B1|G|17"
"9QF4|1|B1|G|563","ns33","9QF4|1|B1|A|15"
"9QF4|1|B1|A|564","s55","9QF4|1|B1|A|15"
"9QF4|1|B1|U|565","s33","9QF4|1|B1|A|2893"
"9QF4|1|B1|U|565","s53","9QF4|1|B1|A|566"
"9QF4|1|B1|A|566","s53","9QF4|1|B1|A|2166"
"9QF4|1|B1|A|566","s35","9QF4|1|B1|U|565"
"9QF4|1|B1|G|567","s35","9QF4|1|B1|G|568"
"9QF4|1|B1|G|567","s35","9QF4|1|B1|C|2147"
"9QF4|1|B1|G|568","s53","9QF4|1|B1|G|567"
"9QF4|1|B1|A|569","s53","9QF4|1|B1|G|2159"
"9QF4|1|B1|A|569","s55","9QF4|1|B1|C|2144"
"9QF4|1|B1|A|569","s35","9QF4|1|B1|C|655"
"9QF4|1|B1|G|571","s35","9QF4|1|B1|G|572"
"9QF4|1|B1|G|571","s55","9QF4|1|B1|G|653"
"9QF4|1|B1|G|572","s35","9QF4|1|B1|U|573"
"9QF4|1|B1|G|572","s55","9QF4|1|B1|4AC|652"
"9QF4|1|B1|G|572","s53","9QF4|1|B1|G|571"
"9QF4|1|B1|U|573","s35","9QF4|1|B1|G|574"
"9QF4|1|B1|U|573","s53","9QF4|1|B1|G|572"
"9QF4|1|B1|G|574","s53","9QF4|1|B1|U|573"
"9QF4|1|B1|G|574","s35","9QF4|1|B1|C|575"
"9QF4|1|B1|G|574","s55","9QF4|1|B1|A|650"
"9QF4|1|B1|C|575","s53","9QF4|1|B1|G|574"
"9QF4|1|B1|G|576","s35","9QF4|1|B1|G|577"
"9QF4|1|B1|G|576","s55","9QF4|1|B1|G|648"
"9QF4|1|B1|G|577","s35","9QF4|1|B1|C|578"
"9QF4|1|B1|G|577","ns55","9QF4|1|B1|U|647"
"9QF4|1|B1|G|577","s53","9QF4|1|B1|G|576"
"9QF4|1|B1|C|578","s35","9QF4|1|B1|C|579"
"9QF4|1|B1|C|578","s53","9QF4|1|B1|G|577"
"9QF4|1|B1|C|579","s55","9QF4|1|B1|G|645"
"9QF4|1|B1|C|579","s53","9QF4|1|B1|C|578"
"9QF4|1|B1|C|579","s35","9QF4|1|B1|4AC|580"
"9QF4|1|B1|4AC|580","s55","9QF4|1|B1|G|644"
"9QF4|1|B1|4AC|580","s53","9QF4|1|B1|C|579"
"9QF4|1|B1|4AC|580","s35","9QF4|1|B1|G|581"
"9QF4|1|B1|G|581","s53","9QF4|1|B1|4AC|580"
"9QF4|1|B1|G|581","s55","9QF4|1|B1|G|643"
"9QF4|1|B1|A|582","s35","9QF4|1|B1|A|583"
"9QF4|1|B1|A|583","s53","9QF4|1|B1|A|582"
"9QF4|1|B1|A|583","s35","9QF4|1|B1|A|584"
"9QF4|1|B1|A|584","s53","9QF4|1|B1|A|583"
"9QF4|1|B1|G|585","s55","9QF4|1|B1|G|642"
"9QF4|1|B1|G|585","s35","9QF4|1|B1|G|586"
"9QF4|1|B1|G|586","s53","9QF4|1|B1|G|585"
"9QF4|1|B1|G|586","s35","9QF4|1|B1|A|587"
"9QF4|1|B1|G|586","s55","9QF4|1|B1|4AC|641"
"9QF4|1|B1|A|587","ns55","9QF4|1|B1|C|640"
"9QF4|1|B1|A|587","s53","9QF4|1|B1|G|586"
"9QF4|1|B1|A|588","s35","9QF4|1|B1|G|590"
"9QF4|1|B1|A|588","s33","9QF4|1|B1|A|639"
"9QF4|1|B1|G|590","s33","9QF4|1|B1|G|638"
"9QF4|1|B1|G|590","s53","9QF4|1|B1|A|588"
"9QF4|1|B1|A|591","s55","9QF4|1|B1|A|639"
"9QF4|1|B1|A|591","s35","9QF4|1|B1|G|592"
"9QF4|1|B1|A|591","s33","9QF4|1|B1|G|637"
"9QF4|1|B1|G|592","s53","9QF4|1|B1|A|591"
"9QF4|1|B1|G|592","s35","9QF4|1|B1|C|593"
"9QF4|1|B1|C|593","s55","9QF4|1|B1|G|637"
"9QF4|1|B1|C|593","s53","9QF4|1|B1|G|592"
"9QF4|1|B1|C|593","s35","9QF4|1|B1|C|594"
"9QF4|1|B1|C|594","s35","9QF4|1|B1|U|595"
"9QF4|1|B1|C|594","s53","9QF4|1|B1|C|593"
"9QF4|1|B1|C|594","s55","9QF4|1|B1|G|636"
"9QF4|1|B1|U|595","s53","9QF4|1|B1|C|594"
"9QF4|1|B1|U|595","s55","9QF4|1|B1|G|635"
"9QF4|1|B1|U|595","s35","9QF4|1|B1|C|596"
"9QF4|1|B1|C|596","s55","9QF4|1|B1|A|634"
"9QF4|1|B1|C|596","s53","9QF4|1|B1|U|595"
"9QF4|1|B1|C|596","s35","9QF4|1|B1|C|597"
"9QF4|1|B1|C|597","ns35","9QF4|1|B1|C|598"
"9QF4|1|B1|C|597","s55","9QF4|1|B1|G|633"
"9QF4|1|B1|C|597","s53","9QF4|1|B1|C|596"
"9QF4|1|B1|C|598","ns53","9QF4|1|B1|C|597"
"9QF4|1|B1|C|598","s35","9QF4|1|B1|4AC|599"
"9QF4|1|B1|C|598","s55","9QF4|1|B1|G|632"
"9QF4|1|B1|4AC|599","s55","9QF4|1|B1|G|631"
"9QF4|1|B1|4AC|599","s35","9QF4|1|B1|G|600"
"9QF4|1|B1|4AC|599","s53","9QF4|1|B1|C|598"
"9QF4|1|B1|G|600","s55","9QF4|1|B1|G|630"
"9QF4|1|B1|G|600","s53","9QF4|1|B1|4AC|599"
"9QF4|1|B1|G|600","s33","9QF4|1|B1|G|628"
"9QF4|1|B1|A|601","s35","9QF4|1|B1|A|602"
"9QF4|1|B1|A|601","s55","9QF4|1|B1|A|629"
"9QF4|1|B1|A|602","s53","9QF4|1|B1|A|601"
"9QF4|1|B1|A|602","s35","9QF4|1|B1|G|603"
"9QF4|1|B1|G|603","s55","9QF4|1|B1|G|628"
"9QF4|1|B1|G|603","s53","9QF4|1|B1|A|602"
"9QF4|1|B1|G|603","s35","9QF4|1|B1|G|604"
"9QF4|1|B1|G|604","s33","9QF4|1|B1|G|624"
"9QF4|1|B1|G|604","s33","9QF4|1|B1|U|625"
"9QF4|1|B1|G|604","s53","9QF4|1|B1|G|603"
"9QF4|1|B1|G|604","s55","9QF4|1|B1|C|627"
"9QF4|1|B1|A|605","s35","9QF4|1|B1|A|606"
"9QF4|1|B1|A|605","s55","9QF4|1|B1|A|626"
"9QF4|1|B1|A|606","s33","9QF4|1|B1|G|622"
"9QF4|1|B1|A|606","s53","9QF4|1|B1|A|605"
"9QF4|1|B1|A|606","s35","9QF4|1|B1|A|607"
"9QF4|1|B1|A|607","s35","9QF4|1|B1|C|608"
"9QF4|1|B1|A|607","s53","9QF4|1|B1|A|606"
"9QF4|1|B1|C|608","s53","9QF4|1|B1|A|607"
"9QF4|1|B1|C|608","s55","9QF4|1|B1|G|622"
"9QF4|1|B1|C|608","s35","9QF4|1|B1|4AC|609"
"9QF4|1|B1|4AC|609","s55","9QF4|1|B1|G|621"
"9QF4|1|B1|4AC|609","s53","9QF4|1|B1|C|608"
"9QF4|1|B1|4AC|609","ns35","9QF4|1|B1|G|610"
"9QF4|1|B1|G|610","ns53","9QF4|1|B1|4AC|609"
"9QF4|1|B1|G|610","s35","9QF4|1|B1|C|611"
"9QF4|1|B1|G|610","s55","9QF4|1|B1|G|620"
"9QF4|1|B1|C|611","s53","9QF4|1|B1|G|610"
"9QF4|1|B1|G|612","s55","9QF4|1|B1|G|618"
"9QF4|1|B1|G|612","s35","9QF4|1|B1|G|613"
"9QF4|1|B1|G|613","s55","9QF4|1|B1|C|617"
"9QF4|1|B1|G|613","s53","9QF4|1|B1|G|612"
"9QF4|1|B1|C|614","ns35","9QF4|1|B1|G|615"
"9QF4|1|B1|G|615","s35","9QF4|1|B1|A|616"
"9QF4|1|B1|G|615","ns53","9QF4|1|B1|C|614"
"9QF4|1|B1|A|616","s53","9QF4|1|B1|G|615"
"9QF4|1|B1|C|617","s55","9QF4|1|B1|G|613"
"9QF4|1|B1|C|617","s35","9QF4|1|B1|G|618"
"9QF4|1|B1|G|618","s35","9QF4|1|B1|C|619"
"9QF4|1|B1|G|618","s55","9QF4|1|B1|G|612"
"9QF4|1|B1|G|618","s53","9QF4|1|B1|C|617"
"9QF4|1|B1|C|619","s53","9QF4|1|B1|G|618"
"9QF4|1|B1|C|619","ns35","9QF4|1|B1|G|620"
"9QF4|1|B1|G|620","ns53","9QF4|1|B1|C|619"
"9QF4|1|B1|G|620","s35","9QF4|1|B1|G|621"
"9QF4|1|B1|G|620","s55","9QF4|1|B1|G|610"
"9QF4|1|B1|G|621","s35","9QF4|1|B1|G|622"
"9QF4|1|B1|G|621","s53","9QF4|1|B1|G|620"
"9QF4|1|B1|G|621","s55","9QF4|1|B1|4AC|609"
"9QF4|1|B1|G|622","s33","9QF4|1|B1|A|606"
"9QF4|1|B1|G|622","s55","9QF4|1|B1|C|608"
"9QF4|1|B1|G|622","s33","9QF4|1|B1|A|623"
"9QF4|1|B1|G|622","s53","9QF4|1|B1|G|621"
"9QF4|1|B1|A|623","s33","9QF4|1|B1|G|622"
"9QF4|1|B1|A|623","s55","9QF4|1|B1|U|625"
"9QF4|1|B1|A|623","ns55","9QF4|1|B1|G|624"
"9QF4|1|B1|G|624","s33","9QF4|1|B1|G|604"
"9QF4|1|B1|G|624","ns55","9QF4|1|B1|A|623"
"9QF4|1|B1|U|625","s33","9QF4|1|B1|G|604"
"9QF4|1|B1|U|625","ns35","9QF4|1|B1|A|626"
"9QF4|1|B1|U|625","s55","9QF4|1|B1|A|623"
"9QF4|1|B1|A|626","s35","9QF4|1|B1|C|627"
"9QF4|1|B1|A|626","s55","9QF4|1|B1|A|605"
"9QF4|1|B1|A|626","ns53","9QF4|1|B1|U|625"
"9QF4|1|B1|C|627","s35","9QF4|1|B1|G|628"
"9QF4|1|B1|C|627","s55","9QF4|1|B1|G|604"
"9QF4|1|B1|C|627","s53","9QF4|1|B1|A|626"
"9QF4|1|B1|G|628","s55","9QF4|1|B1|G|603"
"9QF4|1|B1|G|628","s53","9QF4|1|B1|C|627"
"9QF4|1|B1|G|628","s33","9QF4|1|B1|G|600"
"9QF4|1|B1|A|629","s35","9QF4|1|B1|G|630"
"9QF4|1|B1|A|629","s55","9QF4|1|B1|A|601"
"9QF4|1|B1|G|630","s35","9QF4|1|B1|G|631"
"9QF4|1|B1|G|630","s53","9QF4|1|B1|A|629"
"9QF4|1|B1|G|630","s55","9QF4|1|B1|G|600"
"9QF4|1|B1|G|631","s55","9QF4|1|B1|4AC|599"
"9QF4|1|B1|G|631","s35","9QF4|1|B1|G|632"
"9QF4|1|B1|G|631","s53","9QF4|1|B1|G|630"
"9QF4|1|B1|G|632","s53","9QF4|1|B1|G|631"
"9QF4|1|B1|G|632","s35","9QF4|1|B1|G|633"
"9QF4|1|B1|G|632","s55","9QF4|1|B1|C|598"
"9QF4|1|B1|G|633","s53","9QF4|1|B1|G|632"
"9QF4|1|B1|G|633","s35","9QF4|1|B1|A|634"
"9QF4|1|B1|G|633","s55","9QF4|1|B1|C|597"
"9QF4|1|B1|A|634","s35","9QF4|1|B1|G|635"
"9QF4|1|B1|A|634","s53","9QF4|1|B1|G|633"
"9QF4|1|B1|A|634","s55","9QF4|1|B1|C|596"
"9QF4|1|B1|G|635","s55","9QF4|1|B1|U|595"
"9QF4|1|B1|G|635","s53","9QF4|1|B1|A|634"
"9QF4|1|B1|G|635","s35","9QF4|1|B1|G|636"
"9QF4|1|B1|G|636","s53","9QF4|1|B1|G|635"
"9QF4|1|B1|G|636","s55","9QF4|1|B1|C|594"
"9QF4|1|B1|G|636","s35","9QF4|1|B1|G|637"
"9QF4|1|B1|G|637","s53","9QF4|1|B1|G|636"
"9QF4|1|B1|G|637","s35","9QF4|1|B1|G|638"
"9QF4|1|B1|G|637","s33","9QF4|1|B1|A|591"
"9QF4|1|B1|G|637","s55","9QF4|1|B1|C|593"
"9QF4|1|B1|G|638","s33","9QF4|1|B1|G|590"
"9QF4|1|B1|G|638","ns35","9QF4|1|B1|A|639"
"9QF4|1|B1|G|638","s53","9QF4|1|B1|G|637"
"9QF4|1|B1|A|639","s55","9QF4|1|B1|A|591"
"9QF4|1|B1|A|639","ns53","9QF4|1|B1|G|638"
"9QF4|1|B1|A|639","s33","9QF4|1|B1|A|588"
"9QF4|1|B1|C|640","ns55","9QF4|1|B1|A|587"
"9QF4|1|B1|C|640","s35","9QF4|1|B1|4AC|641"
"9QF4|1|B1|4AC|641","s53","9QF4|1|B1|C|640"
"9QF4|1|B1|4AC|641","s35","9QF4|1|B1|G|642"
"9QF4|1|B1|4AC|641","s55","9QF4|1|B1|G|586"
"9QF4|1|B1|G|642","s53","9QF4|1|B1|4AC|641"
"9QF4|1|B1|G|642","s35","9QF4|1|B1|G|643"
"9QF4|1|B1|G|642","s55","9QF4|1|B1|G|585"
"9QF4|1|B1|G|643","s53","9QF4|1|B1|G|642"
"9QF4|1|B1|G|643","s35","9QF4|1|B1|G|644"
"9QF4|1|B1|G|643","s55","9QF4|1|B1|G|581"
"9QF4|1|B1|G|644","s53","9QF4|1|B1|G|643"
"9QF4|1|B1|G|644","s35","9QF4|1|B1|G|645"
"9QF4|1|B1|G|644","s55","9QF4|1|B1|4AC|580"
"9QF4|1|B1|G|645","s35","9QF4|1|B1|U|646"
"9QF4|1|B1|G|645","s55","9QF4|1|B1|C|579"
"9QF4|1|B1|G|645","s53","9QF4|1|B1|G|644"
"9QF4|1|B1|U|646","s35","9QF4|1|B1|U|647"
"9QF4|1|B1|U|646","s53","9QF4|1|B1|G|645"
"9QF4|1|B1|U|647","ns35","9QF4|1|B1|G|648"
"9QF4|1|B1|U|647","ns55","9QF4|1|B1|G|577"
"9QF4|1|B1|U|647","s53","9QF4|1|B1|U|646"
"9QF4|1|B1|G|648","s35","9QF4|1|B1|C|649"
"9QF4|1|B1|G|648","ns53","9QF4|1|B1|U|647"
"9QF4|1|B1|G|648","s55","9QF4|1|B1|G|576"
"9QF4|1|B1|C|649","s53","9QF4|1|B1|G|648"
"9QF4|1|B1|C|649","s35","9QF4|1|B1|A|650"
"9QF4|1|B1|A|650","s53","9QF4|1|B1|C|649"
"9QF4|1|B1|A|650","s55","9QF4|1|B1|G|574"
"9QF4|1|B1|A|650","s35","9QF4|1|B1|C|651"
"9QF4|1|B1|C|651","s53","9QF4|1|B1|A|650"
"9QF4|1|B1|C|651","s35","9QF4|1|B1|4AC|652"
"9QF4|1|B1|4AC|652","s53","9QF4|1|B1|C|651"
"9QF4|1|B1|4AC|652","s35","9QF4|1|B1|G|653"
"9QF4|1|B1|4AC|652","s55","9QF4|1|B1|G|572"
"9QF4|1|B1|G|653","s53","9QF4|1|B1|4AC|652"
"9QF4|1|B1|G|653","s55","9QF4|1|B1|G|571"
"9QF4|1|B1|U|654","ns55","9QF4|1|B1|C|2160"
"9QF4|1|B1|U|654","s35","9QF4|1|B1|A|664"
"9QF4|1|B1|C|655","s55","9QF4|1|B1|U|2143"
"9QF4|1|B1|C|655","s35","9QF4|1|B1|C|656"
"9QF4|1|B1|C|655","s53","9QF4|1|B1|A|569"
"9QF4|1|B1|C|656","s35","9QF4|1|B1|G|657"
"9QF4|1|B1|C|656","s53","9QF4|1|B1|C|655"
"9QF4|1|B1|C|656","s55","9QF4|1|B1|G|670"
"9QF4|1|B1|G|657","s35","9QF4|1|B1|U|658"
"9QF4|1|B1|G|657","s53","9QF4|1|B1|C|656"
"9QF4|1|B1|G|657","s55","9QF4|1|B1|G|669"
"9QF4|1|B1|U|658","s35","9QF4|1|B1|C|659"
"9QF4|1|B1|U|658","s53","9QF4|1|B1|G|657"
"9QF4|1|B1|C|659","s35","9QF4|1|B1|U|660"
"9QF4|1|B1|C|659","s53","9QF4|1|B1|U|658"
"9QF4|1|B1|U|660","s53","9QF4|1|B1|C|659"
"9QF4|1|B1|U|661","s35","9QF4|1|B1|G|662"
"9QF4|1|B1|G|662","s35","9QF4|1|B1|C|2154"
"9QF4|1|B1|G|662","s53","9QF4|1|B1|U|661"
"9QF4|1|B1|A|663","s35","9QF4|1|B1|A|667"
"9QF4|1|B1|A|663","s53","9QF4|1|B1|C|2154"
"9QF4|1|B1|A|664","s35","9QF4|1|B1|A|665"
"9QF4|1|B1|A|664","s53","9QF4|1|B1|U|654"
"9QF4|1|B1|A|664","s55","9QF4|1|B1|A|2157"
"9QF4|1|B1|A|665","s53","9QF4|1|B1|A|664"
"9QF4|1|B1|C|666","ns53","9QF4|1|B1|A|2179"
"9QF4|1|B1|A|667","s53","9QF4|1|B1|A|663"
"9QF4|1|B1|A|667","s35","9QF4|1|B1|C|668"
"9QF4|1|B1|C|668","s53","9QF4|1|B1|A|667"
"9QF4|1|B1|C|668","s35","9QF4|1|B1|G|669"
"9QF4|1|B1|G|669","s55","9QF4|1|B1|G|657"
"9QF4|1|B1|G|669","s35","9QF4|1|B1|G|670"
"9QF4|1|B1|G|669","s53","9QF4|1|B1|C|668"
"9QF4|1|B1|G|670","s53","9QF4|1|B1|G|669"
"9QF4|1|B1|G|670","s35","9QF4|1|B1|U|2143"
"9QF4|1|B1|G|670","s55","9QF4|1|B1|C|656"
"9QF4|1|B1|G|671","s35","9QF4|1|B1|G|672"
"9QF4|1|B1|G|671","ns53","9QF4|1|B1|C|2142"
"9QF4|1|B1|G|671","s55","9QF4|1|B1|G|1405"
"9QF4|1|B1|G|672","s55","9QF4|1|B1|C|1404"
"9QF4|1|B1|G|672","s53","9QF4|1|B1|G|671"
"9QF4|1|B1|G|672","s35","9QF4|1|B1|C|673"
"9QF4|1|B1|C|673","s53","9QF4|1|B1|G|672"
"9QF4|1|B1|C|673","s35","9QF4|1|B1|A|674"
"9QF4|1|B1|A|674","s53","9QF4|1|B1|C|673"
"9QF4|1|B1|A|674","s55","9QF4|1|B1|G|1402"
"9QF4|1|B1|A|674","s35","9QF4|1|B1|OMG|675"
"9QF4|1|B1|OMG|675","s35","9QF4|1|B1|G|676"
"9QF4|1|B1|OMG|675","s55","9QF4|1|B1|U|1401"
"9QF4|1|B1|OMG|675","s53","9QF4|1|B1|A|674"
"9QF4|1|B1|G|676","s35","9QF4|1|B1|G|677"
"9QF4|1|B1|G|676","s53","9QF4|1|B1|OMG|675"
"9QF4|1|B1|G|676","s55","9QF4|1|B1|C|1400"
"9QF4|1|B1|G|677","s33","9QF4|1|B1|C|1394"
"9QF4|1|B1|G|677","s53","9QF4|1|B1|G|676"
"9QF4|1|B1|G|677","s55","9QF4|1|B1|C|1399"
"9QF4|1|B1|G|677","ns35","9QF4|1|B1|A|678"
"9QF4|1|B1|A|678","s55","9QF4|1|B1|A|1397"
"9QF4|1|B1|A|678","ns53","9QF4|1|B1|G|677"
"9QF4|1|B1|G|679","s35","9QF4|1|B1|C|805"
"9QF4|1|B1|U|680","s35","9QF4|1|B1|U|681"
"9QF4|1|B1|U|681","s53","9QF4|1|B1|U|680"
"9QF4|1|B1|U|681","s35","9QF4|1|B1|C|682"
"9QF4|1|B1|U|681","s53","9QF4|1|B1|A|804"
"9QF4|1|B1|C|682","s35","9QF4|1|B1|G|683"
"9QF4|1|B1|C|682","s53","9QF4|1|B1|U|681"
"9QF4|1|B1|G|683","s55","9QF4|1|B1|G|801"
"9QF4|1|B1|G|683","s53","9QF4|1|B1|C|682"
"9QF4|1|B1|G|683","s35","9QF4|1|B1|C|684"
"9QF4|1|B1|C|684","s35","9QF4|1|B1|G|685"
"9QF4|1|B1|C|684","s53","9QF4|1|B1|G|683"
"9QF4|1|B1|G|685","s35","9QF4|1|B1|G|686"
"9QF4|1|B1|G|685","s55","9QF4|1|B1|G|799"
"9QF4|1|B1|G|685","s53","9QF4|1|B1|C|684"
"9QF4|1|B1|G|686","s55","9QF4|1|B1|C|798"
"9QF4|1|B1|G|686","s53","9QF4|1|B1|G|685"
"9QF4|1|B1|G|686","s35","9QF4|1|B1|C|687"
"9QF4|1|B1|C|687","s53","9QF4|1|B1|G|686"
"9QF4|1|B1|C|687","s35","9QF4|1|B1|4AC|688"
"9QF4|1|B1|4AC|688","ns35","9QF4|1|B1|G|689"
"9QF4|1|B1|4AC|688","s53","9QF4|1|B1|C|687"
"9QF4|1|B1|4AC|688","s55","9QF4|1|B1|G|796"
"9QF4|1|B1|G|689","s35","9QF4|1|B1|U|690"
"9QF4|1|B1|G|689","s55","9QF4|1|B1|G|795"
"9QF4|1|B1|G|689","ns53","9QF4|1|B1|4AC|688"
"9QF4|1|B1|U|690","s53","9QF4|1|B1|G|689"
"9QF4|1|B1|U|690","s35","9QF4|1|B1|G|691"
"9QF4|1|B1|G|691","s55","9QF4|1|B1|A|793"
"9QF4|1|B1|G|691","s53","9QF4|1|B1|U|690"
"9QF4|1|B1|G|691","s35","9QF4|1|B1|G|692"
"9QF4|1|B1|G|692","s53","9QF4|1|B1|G|691"
"9QF4|1|B1|G|692","s35","9QF4|1|B1|C|693"
"9QF4|1|B1|G|692","s55","9QF4|1|B1|C|792"
"9QF4|1|B1|C|693","s53","9QF4|1|B1|G|692"
"9QF4|1|B1|C|693","s35","9QF4|1|B1|G|694"
"9QF4|1|B1|G|694","s53","9QF4|1|B1|C|693"
"9QF4|1|B1|G|694","s55","9QF4|1|B1|G|790"
"9QF4|1|B1|A|695","s55","9QF4|1|B1|A|789"
"9QF4|1|B1|G|696","s55","9QF4|1|B1|G|722"
"9QF4|1|B1|G|696","s35","9QF4|1|B1|G|697"
"9QF4|1|B1|G|697","s55","9QF4|1|B1|4AC|721"
"9QF4|1|B1|G|697","s53","9QF4|1|B1|G|696"
"9QF4|1|B1|G|697","s35","9QF4|1|B1|U|698"
"9QF4|1|B1|U|698","s53","9QF4|1|B1|G|697"
"9QF4|1|B1|U|699","ns55","9QF4|1|B1|G|719"
"9QF4|1|B1|U|699","s55","9QF4|1|B1|U|717"
"9QF4|1|B1|A|700","ns33","9QF4|1|B1|G|716"
"9QF4|1|B1|A|700","s35","9QF4|1|B1|A|701"
"9QF4|1|B1|A|700","s55","9QF4|1|B1|A|718"
"9QF4|1|B1|A|701","s53","9QF4|1|B1|A|700"
"9QF4|1|B1|A|701","s35","9QF4|1|B1|G|702"
"9QF4|1|B1|G|702","s55","9QF4|1|B1|G|716"
"9QF4|1|B1|G|702","s53","9QF4|1|B1|A|701"
"9QF4|1|B1|G|702","s35","9QF4|1|B1|G|703"
"9QF4|1|B1|G|703","s53","9QF4|1|B1|G|702"
"9QF4|1|B1|G|703","s55","9QF4|1|B1|4AC|715"
"9QF4|1|B1|G|703","s35","9QF4|1|B1|G|704"
"9QF4|1|B1|G|704","s35","9QF4|1|B1|G|705"
"9QF4|1|B1|G|704","s55","9QF4|1|B1|C|714"
"9QF4|1|B1|G|704","s53","9QF4|1|B1|G|703"
"9QF4|1|B1|G|705","s35","9QF4|1|B1|G|706"
"9QF4|1|B1|G|705","s53","9QF4|1|B1|G|704"
"9QF4|1|B1|G|705","s55","9QF4|1|B1|C|713"
"9QF4|1|B1|G|706","s35","9QF4|1|B1|U|707"
"9QF4|1|B1|G|706","s55","9QF4|1|B1|C|712"
"9QF4|1|B1|G|706","s53","9QF4|1|B1|G|705"
"9QF4|1|B1|U|707","s53","9QF4|1|B1|G|706"
"9QF4|1|B1|U|708","s35","9QF4|1|B1|A|709"
"9QF4|1|B1|A|709","s53","9QF4|1|B1|U|708"
"9QF4|1|B1|A|709","s35","9QF4|1|B1|G|711"
"9QF4|1|B1|A|710","s55","9QF4|1|B1|G|41"
"9QF4|1|B1|G|711","s53","9QF4|1|B1|A|709"
"9QF4|1|B1|G|711","s35","9QF4|1|B1|C|712"
"9QF4|1|B1|C|712","s55","9QF4|1|B1|G|706"
"9QF4|1|B1|C|712","s35","9QF4|1|B1|C|713"
"9QF4|1|B1|C|712","s53","9QF4|1|B1|G|711"
"9QF4|1|B1|C|713","s35","9QF4|1|B1|C|714"
"9QF4|1|B1|C|713","s53","9QF4|1|B1|C|712"
"9QF4|1|B1|C|713","s55","9QF4|1|B1|G|705"
"9QF4|1|B1|C|714","s53","9QF4|1|B1|C|713"
"9QF4|1|B1|C|714","s55","9QF4|1|B1|G|704"
"9QF4|1|B1|C|714","s35","9QF4|1|B1|4AC|715"
"9QF4|1|B1|4AC|715","s53","9QF4|1|B1|C|714"
"9QF4|1|B1|4AC|715","s55","9QF4|1|B1|G|703"
"9QF4|1|B1|4AC|715","s35","9QF4|1|B1|G|716"
"9QF4|1|B1|G|716","ns33","9QF4|1|B1|A|700"
"9QF4|1|B1|G|716","s53","9QF4|1|B1|4AC|715"
"9QF4|1|B1|G|716","s55","9QF4|1|B1|G|702"
"9QF4|1|B1|U|717","s55","9QF4|1|B1|U|699"
"9QF4|1|B1|A|718","s35","9QF4|1|B1|G|719"
"9QF4|1|B1|A|718","s55","9QF4|1|B1|A|700"
"9QF4|1|B1|G|719","s35","9QF4|1|B1|C|720"
"9QF4|1|B1|G|719","ns55","9QF4|1|B1|U|699"
"9QF4|1|B1|G|719","s53","9QF4|1|B1|A|718"
"9QF4|1|B1|C|720","s35","9QF4|1|B1|4AC|721"
"9QF4|1|B1|C|720","s53","9QF4|1|B1|G|719"
"9QF4|1|B1|4AC|721","ns35","9QF4|1|B1|G|722"
"9QF4|1|B1|4AC|721","s53","9QF4|1|B1|C|720"
"9QF4|1|B1|4AC|721","s55","9QF4|1|B1|G|697"
"9QF4|1|B1|G|722","s55","9QF4|1|B1|G|696"
"9QF4|1|B1|G|722","s35","9QF4|1|B1|C|723"
"9QF4|1|B1|G|722","ns53","9QF4|1|B1|4AC|721"
"9QF4|1|B1|C|723","s53","9QF4|1|B1|G|722"
"9QF4|1|B1|A|724","s55","9QF4|1|B1|A|734"
"9QF4|1|B1|G|725","s55","9QF4|1|B1|G|733"
"9QF4|1|B1|G|725","s35","9QF4|1|B1|G|726"
"9QF4|1|B1|G|726","s35","9QF4|1|B1|G|727"
"9QF4|1|B1|G|726","s55","9QF4|1|B1|4AC|732"
"9QF4|1|B1|G|726","s53","9QF4|1|B1|G|725"
"9QF4|1|B1|G|727","ns33","9QF4|1|B1|A|729"
"9QF4|1|B1|G|727","s55","9QF4|1|B1|C|731"
"9QF4|1|B1|G|727","s53","9QF4|1|B1|G|726"
"9QF4|1|B1|A|728","ns55","9QF4|1|B1|C|2535"
"9QF4|1|B1|A|728","s35","9QF4|1|B1|A|729"
"9QF4|1|B1|A|729","s35","9QF4|1|B1|A|730"
"9QF4|1|B1|A|729","ns33","9QF4|1|B1|G|727"
"9QF4|1|B1|A|729","s53","9QF4|1|B1|A|728"
"9QF4|1|B1|A|730","ns35","9QF4|1|B1|C|731"
"9QF4|1|B1|A|730","s53","9QF4|1|B1|A|729"
"9QF4|1|B1|C|731","s35","9QF4|1|B1|4AC|732"
"9QF4|1|B1|C|731","ns53","9QF4|1|B1|A|730"
"9QF4|1|B1|C|731","s55","9QF4|1|B1|G|727"
"9QF4|1|B1|4AC|732","s55","9QF4|1|B1|G|726"
"9QF4|1|B1|4AC|732","s53","9QF4|1|B1|C|731"
"9QF4|1|B1|4AC|732","s35","9QF4|1|B1|G|733"
"9QF4|1|B1|G|733","s53","9QF4|1|B1|4AC|732"
"9QF4|1|B1|G|733","s55","9QF4|1|B1|G|725"
"9QF4|1|B1|A|734","s55","9QF4|1|B1|A|724"
"9QF4|1|B1|C|735","s35","9QF4|1|B1|G|787"
"9QF4|1|B1|C|735","s55","9QF4|1|B1|G|771"
"9QF4|1|B1|C|735","s53","9QF4|1|B1|4AC|786"
"9QF4|1|B1|U|737","s53","9QF4|1|B1|G|787"
"9QF4|1|B1|G|738","s55","9QF4|1|B1|G|770"
"9QF4|1|B1|G|738","s35","9QF4|1|B1|C|739"
"9QF4|1|B1|C|739","s53","9QF4|1|B1|G|738"
"9QF4|1|B1|C|739","s35","9QF4|1|B1|C|740"
"9QF4|1|B1|C|740","s55","9QF4|1|B1|G|768"
"9QF4|1|B1|C|740","s35","9QF4|1|B1|C|741"
"9QF4|1|B1|C|740","s53","9QF4|1|B1|C|739"
"9QF4|1|B1|C|741","s55","9QF4|1|B1|G|767"
"9QF4|1|B1|C|741","s53","9QF4|1|B1|C|740"
"9QF4|1|B1|C|741","s35","9QF4|1|B1|G|742"
"9QF4|1|B1|G|742","s53","9QF4|1|B1|C|741"
"9QF4|1|B1|G|742","s55","9QF4|1|B1|G|766"
"9QF4|1|B1|G|742","s33","9QF4|1|B1|G|763"
"9QF4|1|B1|G|742","s35","9QF4|1|B1|C|743"
"9QF4|1|B1|C|743","s33","9QF4|1|B1|G|763"
"9QF4|1|B1|C|743","s35","9QF4|1|B1|A|744"
"9QF4|1|B1|C|743","s53","9QF4|1|B1|G|742"
"9QF4|1|B1|C|743","s55","9QF4|1|B1|G|765"
"9QF4|1|B1|A|744","s35","9QF4|1|B1|G|745"
"9QF4|1|B1|A|744","s55","9QF4|1|B1|A|764"
"9QF4|1|B1|A|744","s53","9QF4|1|B1|C|743"
"9QF4|1|B1|G|745","s53","9QF4|1|B1|A|744"
"9QF4|1|B1|G|745","s35","9QF4|1|B1|C|746"
"9QF4|1|B1|C|746","s53","9QF4|1|B1|G|745"
"9QF4|1|B1|C|746","s35","9QF4|1|B1|C|747"
"9QF4|1|B1|C|747","s55","9QF4|1|B1|G|761"
"9QF4|1|B1|C|747","ns35","9QF4|1|B1|G|748"
"9QF4|1|B1|C|747","s53","9QF4|1|B1|C|746"
"9QF4|1|B1|G|748","ns53","9QF4|1|B1|C|747"
"9QF4|1|B1|G|748","s35","9QF4|1|B1|G|749"
"9QF4|1|B1|G|748","s55","9QF4|1|B1|G|760"
"9QF4|1|B1|G|749","s53","9QF4|1|B1|G|748"
"9QF4|1|B1|G|749","s55","9QF4|1|B1|C|759"
"9QF4|1|B1|G|749","s35","9QF4|1|B1|G|750"
"9QF4|1|B1|G|750","s55","9QF4|1|B1|C|758"
"9QF4|1|B1|G|750","s35","9QF4|1|B1|C|751"
"9QF4|1|B1|G|750","s53","9QF4|1|B1|G|749"
"9QF4|1|B1|C|751","s53","9QF4|1|B1|G|750"
"9QF4|1|B1|C|751","s35","9QF4|1|B1|U|752"
"9QF4|1|B1|U|752","s53","9QF4|1|B1|C|751"
"9QF4|1|B1|U|752","ns55","9QF4|1|B1|G|756"
"9QF4|1|B1|U|753","s35","9QF4|1|B1|A|754"
"9QF4|1|B1|A|754","s53","9QF4|1|B1|U|753"
"9QF4|1|B1|A|754","ns35","9QF4|1|B1|U|755"
"9QF4|1|B1|U|755","s35","9QF4|1|B1|G|756"
"9QF4|1|B1|U|755","ns53","9QF4|1|B1|A|754"
"9QF4|1|B1|G|756","s53","9QF4|1|B1|U|755"
"9QF4|1|B1|G|756","s35","9QF4|1|B1|C|757"
"9QF4|1|B1|G|756","ns55","9QF4|1|B1|U|752"
"9QF4|1|B1|C|757","s35","9QF4|1|B1|C|758"
"9QF4|1|B1|C|757","s53","9QF4|1|B1|G|756"
"9QF4|1|B1|C|758","s35","9QF4|1|B1|C|759"
"9QF4|1|B1|C|758","s55","9QF4|1|B1|G|750"
"9QF4|1|B1|C|758","s53","9QF4|1|B1|C|757"
"9QF4|1|B1|C|759","s53","9QF4|1|B1|C|758"
"9QF4|1|B1|C|759","s55","9QF4|1|B1|G|749"
"9QF4|1|B1|C|759","s35","9QF4|1|B1|G|760"
"9QF4|1|B1|G|760","s55","9QF4|1|B1|G|748"
"9QF4|1|B1|G|760","s53","9QF4|1|B1|C|759"
"9QF4|1|B1|G|760","s35","9QF4|1|B1|G|761"
"9QF4|1|B1|G|761","s53","9QF4|1|B1|G|760"
"9QF4|1|B1|G|761","s35","9QF4|1|B1|U|762"
"9QF4|1|B1|G|761","s55","9QF4|1|B1|C|747"
"9QF4|1|B1|U|762","s53","9QF4|1|B1|G|761"
"9QF4|1|B1|U|762","s35","9QF4|1|B1|G|763"
"9QF4|1|B1|G|763","s33","9QF4|1|B1|G|742"
"9QF4|1|B1|G|763","s33","9QF4|1|B1|C|743"
"9QF4|1|B1|G|763","s53","9QF4|1|B1|U|762"
"9QF4|1|B1|A|764","s55","9QF4|1|B1|A|744"
"9QF4|1|B1|A|764","s35","9QF4|1|B1|G|765"
"9QF4|1|B1|G|765","s35","9QF4|1|B1|G|766"
"9QF4|1|B1|G|765","s53","9QF4|1|B1|A|764"
"9QF4|1|B1|G|765","s55","9QF4|1|B1|C|743"
"9QF4|1|B1|G|766","s53","9QF4|1|B1|G|765"
"9QF4|1|B1|G|766","s35","9QF4|1|B1|G|767"
"9QF4|1|B1|G|766","s55","9QF4|1|B1|G|742"
"9QF4|1|B1|G|767","s53","9QF4|1|B1|G|766"
"9QF4|1|B1|G|767","s35","9QF4|1|B1|G|768"
"9QF4|1|B1|G|767","s55","9QF4|1|B1|C|741"
"9QF4|1|B1|G|768","s53","9QF4|1|B1|G|767"
"9QF4|1|B1|G|768","s35","9QF4|1|B1|C|769"
"9QF4|1|B1|G|768","s55","9QF4|1|B1|C|740"
"9QF4|1|B1|C|769","s53","9QF4|1|B1|G|768"
"9QF4|1|B1|C|769","s35","9QF4|1|B1|G|770"
"9QF4|1|B1|G|770","s55","9QF4|1|B1|G|738"
"9QF4|1|B1|G|770","s53","9QF4|1|B1|C|769"
"9QF4|1|B1|G|770","s35","9QF4|1|B1|G|771"
"9QF4|1|B1|G|771","s55","9QF4|1|B1|C|735"
"9QF4|1|B1|G|771","s35","9QF4|1|B1|G|772"
"9QF4|1|B1|G|771","s53","9QF4|1|B1|G|770"
"9QF4|1|B1|G|772","s55","9QF4|1|B1|4AC|786"
"9QF4|1|B1|G|772","s35","9QF4|1|B1|G|773"
"9QF4|1|B1|G|772","s53","9QF4|1|B1|G|771"
"9QF4|1|B1|G|773","s35","9QF4|1|B1|U|774"
"9QF4|1|B1|G|773","s53","9QF4|1|B1|G|772"
"9QF4|1|B1|G|773","s55","9QF4|1|B1|C|785"
"9QF4|1|B1|U|774","ns35","9QF4|1|B1|G|775"
"9QF4|1|B1|U|774","s53","9QF4|1|B1|G|773"
"9QF4|1|B1|G|775","ns53","9QF4|1|B1|U|774"
"9QF4|1|B1|G|775","s55","9QF4|1|B1|G|783"
"9QF4|1|B1|G|775","s35","9QF4|1|B1|C|776"
"9QF4|1|B1|C|776","s53","9QF4|1|B1|G|775"
"9QF4|1|B1|C|776","s35","9QF4|1|B1|G|777"
"9QF4|1|B1|G|777","s53","9QF4|1|B1|C|776"
"9QF4|1|B1|G|777","s55","9QF4|1|B1|G|781"
"9QF4|1|B1|G|777","ns33","9QF4|1|B1|A|779"
"9QF4|1|B1|A|778","s35","9QF4|1|B1|A|779"
"9QF4|1|B1|A|779","ns33","9QF4|1|B1|G|777"
"9QF4|1|B1|A|779","s53","9QF4|1|B1|A|778"
"9QF4|1|B1|A|779","s35","9QF4|1|B1|A|780"
"9QF4|1|B1|A|780","s35","9QF4|1|B1|G|781"
"9QF4|1|B1|A|780","s53","9QF4|1|B1|A|779"
"9QF4|1|B1|G|781","s53","9QF4|1|B1|A|780"
"9QF4|1|B1|G|781","s55","9QF4|1|B1|G|777"
"9QF4|1|B1|G|781","s35","9QF4|1|B1|C|782"
"9QF4|1|B1|C|782","s53","9QF4|1|B1|G|781"
"9QF4|1|B1|C|782","ns35","9QF4|1|B1|G|783"
"9QF4|1|B1|G|783","s35","9QF4|1|B1|C|784"
"9QF4|1|B1|G|783","s55","9QF4|1|B1|G|775"
"9QF4|1|B1|G|783","ns53","9QF4|1|B1|C|782"
"9QF4|1|B1|C|784","s35","9QF4|1|B1|C|785"
"9QF4|1|B1|C|784","s53","9QF4|1|B1|G|783"
"9QF4|1|B1|C|785","s35","9QF4|1|B1|4AC|786"
"9QF4|1|B1|C|785","s53","9QF4|1|B1|C|784"
"9QF4|1|B1|C|785","s55","9QF4|1|B1|G|773"
"9QF4|1|B1|4AC|786","s55","9QF4|1|B1|G|772"
"9QF4|1|B1|4AC|786","s35","9QF4|1|B1|C|735"
"9QF4|1|B1|4AC|786","s53","9QF4|1|B1|C|785"
"9QF4|1|B1|G|787","s35","9QF4|1|B1|U|737"
"9QF4|1|B1|G|787","s53","9QF4|1|B1|C|735"
"9QF4|1|B1|A|789","s55","9QF4|1|B1|A|695"
"9QF4|1|B1|G|790","s55","9QF4|1|B1|G|694"
"9QF4|1|B1|G|790","s35","9QF4|1|B1|U|791"
"9QF4|1|B1|U|791","s53","9QF4|1|B1|G|790"
"9QF4|1|B1|U|791","s35","9QF4|1|B1|C|792"
"9QF4|1|B1|C|792","s35","9QF4|1|B1|A|793"
"9QF4|1|B1|C|792","s53","9QF4|1|B1|U|791"
"9QF4|1|B1|C|792","s55","9QF4|1|B1|G|692"
"9QF4|1|B1|A|793","s55","9QF4|1|B1|G|691"
"9QF4|1|B1|A|793","s35","9QF4|1|B1|C|794"
"9QF4|1|B1|A|793","s53","9QF4|1|B1|C|792"
"9QF4|1|B1|C|794","s53","9QF4|1|B1|A|793"
"9QF4|1|B1|C|794","s35","9QF4|1|B1|G|795"
"9QF4|1|B1|G|795","s53","9QF4|1|B1|C|794"
"9QF4|1|B1|G|795","s35","9QF4|1|B1|G|796"
"9QF4|1|B1|G|795","s55","9QF4|1|B1|G|689"
"9QF4|1|B1|G|796","s35","9QF4|1|B1|C|797"
"9QF4|1|B1|G|796","s55","9QF4|1|B1|4AC|688"
"9QF4|1|B1|G|796","s53","9QF4|1|B1|G|795"
"9QF4|1|B1|C|797","s35","9QF4|1|B1|C|798"
"9QF4|1|B1|C|797","s53","9QF4|1|B1|G|796"
"9QF4|1|B1|C|798","ns35","9QF4|1|B1|G|799"
"9QF4|1|B1|C|798","s55","9QF4|1|B1|G|686"
"9QF4|1|B1|C|798","s53","9QF4|1|B1|C|797"
"9QF4|1|B1|G|799","ns53","9QF4|1|B1|C|798"
"9QF4|1|B1|G|799","s35","9QF4|1|B1|C|800"
"9QF4|1|B1|G|799","s55","9QF4|1|B1|G|685"
"9QF4|1|B1|C|800","s35","9QF4|1|B1|G|801"
"9QF4|1|B1|C|800","s53","9QF4|1|B1|G|799"
"9QF4|1|B1|G|801","s35","9QF4|1|B1|A|802"
"9QF4|1|B1|G|801","s55","9QF4|1|B1|G|683"
"9QF4|1|B1|G|801","s53","9QF4|1|B1|C|800"
"9QF4|1|B1|A|802","s33","9QF4|1|B1|A|804"
"9QF4|1|B1|A|802","s53","9QF4|1|B1|G|801"
"9QF4|1|B1|G|803","s53","9QF4|1|B1|G|937"
"9QF4|1|B1|G|803","s35","9QF4|1|B1|A|804"
"9QF4|1|B1|A|804","s33","9QF4|1|B1|A|802"
"9QF4|1|B1|A|804","s35","9QF4|1|B1|U|681"
"9QF4|1|B1|A|804","s53","9QF4|1|B1|G|803"
"9QF4|1|B1|C|805","s53","9QF4|1|B1|G|679"
"9QF4|1|B1|C|805","s35","9QF4|1|B1|C|806"
"9QF4|1|B1|C|806","s53","9QF4|1|B1|C|805"
"9QF4|1|B1|C|806","s35","9QF4|1|B1|4AC|807"
"9QF4|1|B1|C|806","s55","9QF4|1|B1|G|945"
"9QF4|1|B1|4AC|807","s35","9QF4|1|B1|OMG|808"
"9QF4|1|B1|4AC|807","s53","9QF4|1|B1|C|806"
"9QF4|1|B1|4AC|807","s55","9QF4|1|B1|G|944"
"9QF4|1|B1|OMG|808","s53","9QF4|1|B1|4AC|807"
"9QF4|1|B1|OMG|808","s55","9QF4|1|B1|U|943"
"9QF4|1|B1|OMG|808","s33","9QF4|1|B1|A2M|940"
"9QF4|1|B1|A|809","s35","9QF4|1|B1|A|810"
"9QF4|1|B1|A|809","s55","9QF4|1|B1|A2M|940"
"9QF4|1|B1|A|810","ns35","9QF4|1|B1|A|811"
"9QF4|1|B1|A|810","s53","9QF4|1|B1|A|809"
"9QF4|1|B1|A|811","ns53","9QF4|1|B1|A|810"
"9QF4|1|B1|A|811","s55","9QF4|1|B1|A|938"
"9QF4|1|B1|A|811","s35","9QF4|1|B1|C|812"
"9QF4|1|B1|C|812","s53","9QF4|1|B1|A|811"
"9QF4|1|B1|C|812","s35","9QF4|1|B1|4AC|813"
"9QF4|1|B1|4AC|813","s53","9QF4|1|B1|C|812"
"9QF4|1|B1|4AC|813","s55","9QF4|1|B1|G|935"
"9QF4|1|B1|G|814","s55","9QF4|1|B1|G|934"
"9QF4|1|B1|G|814","s35","9QF4|1|B1|G|815"
"9QF4|1|B1|G|815","s35","9QF4|1|B1|U|816"
"9QF4|1|B1|G|815","ns55","9QF4|1|B1|4AC|933"
"9QF4|1|B1|G|815","s53","9QF4|1|B1|G|814"
"9QF4|1|B1|U|816","s35","9QF4|1|B1|C|817"
"9QF4|1|B1|U|816","s53","9QF4|1|B1|G|815"
"9QF4|1|B1|C|817","s35","9QF4|1|B1|G|818"
"9QF4|1|B1|C|817","s53","9QF4|1|B1|U|816"
"9QF4|1|B1|C|817","s55","9QF4|1|B1|G|931"
"9QF4|1|B1|G|818","s33","9QF4|1|B1|A|910"
"9QF4|1|B1|G|818","s53","9QF4|1|B1|C|817"
"9QF4|1|B1|G|818","s55","9QF4|1|B1|G|930"
"9QF4|1|B1|A|819","s35","9QF4|1|B1|A|823"
"9QF4|1|B1|A|819","s55","9QF4|1|B1|A|910"
"9QF4|1|B1|A|819","ns33","9QF4|1|B1|U|909"
"9QF4|1|B1|C|821","s35","9QF4|1|B1|U|822"
"9QF4|1|B1|C|821","s55","9QF4|1|B1|A|924"
"9QF4|1|B1|U|822","s53","9QF4|1|B1|C|821"
"9QF4|1|B1|U|822","ns35","9QF4|1|B1|A|823"
"9QF4|1|B1|A|823","s35","9QF4|1|B1|G|824"
"9QF4|1|B1|A|823","s53","9QF4|1|B1|A|819"
"9QF4|1|B1|A|823","ns53","9QF4|1|B1|U|822"
"9QF4|1|B1|G|824","s35","9QF4|1|B1|C|825"
"9QF4|1|B1|G|824","s55","9QF4|1|B1|U|909"
"9QF4|1|B1|G|824","s53","9QF4|1|B1|A|823"
"9QF4|1|B1|C|825","s53","9QF4|1|B1|G|824"
"9QF4|1|B1|C|825","s35","9QF4|1|B1|C|826"
"9QF4|1|B1|C|826","s53","9QF4|1|B1|C|825"
"9QF4|1|B1|C|826","s35","9QF4|1|B1|4AC|827"
"9QF4|1|B1|C|826","s55","9QF4|1|B1|G|907"
"9QF4|1|B1|4AC|827","s53","9QF4|1|B1|C|826"
"9QF4|1|B1|4AC|827","s35","9QF4|1|B1|G|828"
"9QF4|1|B1|4AC|827","s55","9QF4|1|B1|G|906"
"9QF4|1|B1|G|828","s53","9QF4|1|B1|4AC|827"
"9QF4|1|B1|G|828","s35","9QF4|1|B1|G|829"
"9QF4|1|B1|G|828","s55","9QF4|1|B1|G|905"
"9QF4|1|B1|G|829","s53","9QF4|1|B1|G|828"
"9QF4|1|B1|G|829","s35","9QF4|1|B1|G|830"
"9QF4|1|B1|G|829","s55","9QF4|1|B1|OMC|904"
"9QF4|1|B1|G|830","s35","9QF4|1|B1|G|831"
"9QF4|1|B1|G|830","s55","9QF4|1|B1|C|903"
"9QF4|1|B1|G|830","s53","9QF4|1|B1|G|829"
"9QF4|1|B1|G|831","s35","9QF4|1|B1|C|832"
"9QF4|1|B1|G|831","s55","9QF4|1|B1|C|902"
"9QF4|1|B1|G|831","s53","9QF4|1|B1|G|830"
"9QF4|1|B1|C|832","s35","9QF4|1|B1|U|898"
"9QF4|1|B1|C|832","s53","9QF4|1|B1|G|831"
"9QF4|1|B1|A|833","s35","9QF4|1|B1|G|834"
"9QF4|1|B1|A|833","s55","9QF4|1|B1|U|869"
"9QF4|1|B1|G|834","s53","9QF4|1|B1|A|833"
"9QF4|1|B1|G|834","s55","9QF4|1|B1|G|867"
"9QF4|1|B1|G|834","s35","9QF4|1|B1|G|835"
"9QF4|1|B1|G|835","s55","9QF4|1|B1|4AC|866"
"9QF4|1|B1|G|835","s53","9QF4|1|B1|G|834"
"9QF4|1|B1|G|835","s35","9QF4|1|B1|G|836"
"9QF4|1|B1|G|836","s53","9QF4|1|B1|G|835"
"9QF4|1|B1|G|836","s35","9QF4|1|B1|U|837"
"9QF4|1|B1|G|836","s55","9QF4|1|B1|C|865"
"9QF4|1|B1|U|837","s35","9QF4|1|B1|G|838"
"9QF4|1|B1|U|837","s53","9QF4|1|B1|G|836"
"9QF4|1|B1|G|838","s53","9QF4|1|B1|U|837"
"9QF4|1|B1|G|838","s33","9QF4|1|B1|G|860"
"9QF4|1|B1|A|839","s35","9QF4|1|B1|A|840"
"9QF4|1|B1|A|839","ns33","9QF4|1|B1|G|859"
"9QF4|1|B1|A|839","s55","9QF4|1|B1|A|861"
"9QF4|1|B1|A|840","s35","9QF4|1|B1|G|841"
"9QF4|1|B1|A|840","s53","9QF4|1|B1|A|839"
"9QF4|1|B1|G|841","ns55","9QF4|1|B1|G|859"
"9QF4|1|B1|G|841","s35","9QF4|1|B1|U|842"
"9QF4|1|B1|G|841","s53","9QF4|1|B1|A|840"
"9QF4|1|B1|U|842","s53","9QF4|1|B1|G|841"
"9QF4|1|B1|U|842","s35","9QF4|1|B1|C|843"
"9QF4|1|B1|C|843","s53","9QF4|1|B1|U|842"
"9QF4|1|B1|C|843","s35","9QF4|1|B1|C|844"
"9QF4|1|B1|C|843","s55","9QF4|1|B1|A2M|857"
"9QF4|1|B1|C|844","s53","9QF4|1|B1|C|843"
"9QF4|1|B1|C|844","s35","9QF4|1|B1|C|845"
"9QF4|1|B1|C|844","s55","9QF4|1|B1|G|856"
"9QF4|1|B1|C|845","s55","9QF4|1|B1|G|855"
"9QF4|1|B1|C|845","s35","9QF4|1|B1|U|846"
"9QF4|1|B1|C|845","s53","9QF4|1|B1|C|844"
"9QF4|1|B1|U|846","s35","9QF4|1|B1|C|847"
"9QF4|1|B1|U|846","s53","9QF4|1|B1|C|845"
"9QF4|1|B1|U|846","s55","9QF4|1|B1|G|854"
"9QF4|1|B1|C|847","s35","9QF4|1|B1|A|848"
"9QF4|1|B1|C|847","s53","9QF4|1|B1|U|846"
"9QF4|1|B1|C|847","ns55","9QF4|1|B1|A|853"
"9QF4|1|B1|A|848","s53","9QF4|1|B1|C|847"
"9QF4|1|B1|A|848","s55","9QF4|1|B1|G|852"
"9QF4|1|B1|A|848","s35","9QF4|1|B1|A|849"
"9QF4|1|B1|A|849","s53","9QF4|1|B1|A|848"
"9QF4|1|B1|C|850","ns53","9QF4|1|B1|C|851"
"9QF4|1|B1|C|851","ns35","9QF4|1|B1|C|850"
"9QF4|1|B1|G|852","s55","9QF4|1|B1|A|848"
"9QF4|1|B1|G|852","s35","9QF4|1|B1|A|853"
"9QF4|1|B1|A|853","s53","9QF4|1|B1|G|852"
"9QF4|1|B1|A|853","ns55","9QF4|1|B1|C|847"
"9QF4|1|B1|A|853","s35","9QF4|1|B1|G|854"
"9QF4|1|B1|G|854","s53","9QF4|1|B1|A|853"
"9QF4|1|B1|G|854","s35","9QF4|1|B1|G|855"
"9QF4|1|B1|G|854","s55","9QF4|1|B1|U|846"
"9QF4|1|B1|G|855","s53","9QF4|1|B1|G|854"
"9QF4|1|B1|G|855","s55","9QF4|1|B1|C|845"
"9QF4|1|B1|G|855","s35","9QF4|1|B1|G|856"
"9QF4|1|B1|G|856","s35","9QF4|1|B1|A2M|857"
"9QF4|1|B1|G|856","s55","9QF4|1|B1|C|844"
"9QF4|1|B1|G|856","s53","9QF4|1|B1|G|855"
"9QF4|1|B1|A2M|857","s35","9QF4|1|B1|U|858"
"9QF4|1|B1|A2M|857","s53","9QF4|1|B1|G|856"
"9QF4|1|B1|A2M|857","s55","9QF4|1|B1|C|843"
"9QF4|1|B1|U|858","s53","9QF4|1|B1|A2M|857"
"9QF4|1|B1|U|858","s35","9QF4|1|B1|G|859"
"9QF4|1|B1|G|859","s53","9QF4|1|B1|U|858"
"9QF4|1|B1|G|859","ns55","9QF4|1|B1|G|841"
"9QF4|1|B1|G|859","ns33","9QF4|1|B1|A|839"
"9QF4|1|B1|G|859","s35","9QF4|1|B1|G|860"
"9QF4|1|B1|G|860","s53","9QF4|1|B1|G|859"
"9QF4|1|B1|G|860","s33","9QF4|1|B1|G|838"
"9QF4|1|B1|G|860","ns35","9QF4|1|B1|A|861"
"9QF4|1|B1|A|861","s55","9QF4|1|B1|A|839"
"9QF4|1|B1|A|861","ns53","9QF4|1|B1|G|860"
"9QF4|1|B1|A|861","s35","9QF4|1|B1|G|862"
"9QF4|1|B1|G|862","s53","9QF4|1|B1|A|861"
"9QF4|1|B1|G|862","s35","9QF4|1|B1|C|864"
"9QF4|1|B1|G|863","s55","9QF4|1|B1|U|1915"
"9QF4|1|B1|C|864","s53","9QF4|1|B1|G|862"
"9QF4|1|B1|C|864","ns35","9QF4|1|B1|C|865"
"9QF4|1|B1|C|865","s55","9QF4|1|B1|G|836"
"9QF4|1|B1|C|865","s35","9QF4|1|B1|4AC|866"
"9QF4|1|B1|C|865","ns53","9QF4|1|B1|C|864"
"9QF4|1|B1|4AC|866","s55","9QF4|1|B1|G|835"
"9QF4|1|B1|4AC|866","s35","9QF4|1|B1|G|867"
"9QF4|1|B1|4AC|866","s53","9QF4|1|B1|C|865"
"9QF4|1|B1|G|867","ns35","9QF4|1|B1|U|869"
"9QF4|1|B1|G|867","s33","9QF4|1|B1|G|897"
"9QF4|1|B1|G|867","s55","9QF4|1|B1|G|834"
"9QF4|1|B1|G|867","s53","9QF4|1|B1|4AC|866"
"9QF4|1|B1|U|869","ns53","9QF4|1|B1|G|867"
"9QF4|1|B1|U|869","s55","9QF4|1|B1|A|833"
"9QF4|1|B1|U|869","s33","9QF4|1|B1|G|897"
"9QF4|1|B1|U|869","s35","9QF4|1|B1|A|870"
"9QF4|1|B1|A|870","s35","9QF4|1|B1|G|871"
"9QF4|1|B1|A|870","s53","9QF4|1|B1|U|869"
"9QF4|1|B1|G|871","s35","9QF4|1|B1|G|872"
"9QF4|1|B1|G|871","ns55","9QF4|1|B1|G|897"
"9QF4|1|B1|G|871","s53","9QF4|1|B1|A|870"
"9QF4|1|B1|G|872","s35","9QF4|1|B1|G|873"
"9QF4|1|B1|G|872","s55","9QF4|1|B1|4AC|896"
"9QF4|1|B1|G|872","s53","9QF4|1|B1|G|871"
"9QF4|1|B1|G|873","ns35","9QF4|1|B1|U|875"
"9QF4|1|B1|G|873","s53","9QF4|1|B1|G|872"
"9QF4|1|B1|G|873","s55","9QF4|1|B1|C|895"
"9QF4|1|B1|G|873","s35","9QF4|1|B1|G|874"
"9QF4|1|B1|G|874","s53","9QF4|1|B1|G|873"
"9QF4|1|B1|G|874","ns55","9QF4|1|B1|C|894"
"9QF4|1|B1|U|875","ns53","9QF4|1|B1|G|873"
"9QF4|1|B1|U|875","s53","9QF4|1|B1|A|2106"
"9QF4|1|B1|U|875","s55","9QF4|1|B1|C|894"
"9QF4|1|B1|U|875","s35","9QF4|1|B1|G|876"
"9QF4|1|B1|G|876","s35","9QF4|1|B1|5MC|877"
"9QF4|1|B1|G|876","s53","9QF4|1|B1|U|875"
"9QF4|1|B1|G|876","s55","9QF4|1|B1|U|893"
"9QF4|1|B1|5MC|877","s53","9QF4|1|B1|G|876"
"9QF4|1|B1|5MC|877","s35","9QF4|1|B1|G|879"
"9QF4|1|B1|G|879","s53","9QF4|1|B1|5MC|877"
"9QF4|1|B1|G|879","s55","9QF4|1|B1|G|891"
"9QF4|1|B1|G|879","s35","9QF4|1|B1|A2M|880"
"9QF4|1|B1|A2M|880","s53","9QF4|1|B1|G|879"
"9QF4|1|B1|A2M|880","s55","9QF4|1|B1|C|890"
"9QF4|1|B1|A2M|880","s35","9QF4|1|B1|U|881"
"9QF4|1|B1|U|881","s35","9QF4|1|B1|G|882"
"9QF4|1|B1|U|881","s53","9QF4|1|B1|A2M|880"
"9QF4|1|B1|G|882","s53","9QF4|1|B1|U|881"
"9QF4|1|B1|5MU|883","ns55","9QF4|1|B1|A|2140"
"9QF4|1|B1|5MU|883","s33","9QF4|1|B1|U|2729"
"9QF4|1|B1|G|884","s33","9QF4|1|B1|A|886"
"9QF4|1|B1|C|885","ns35","9QF4|1|B1|A|886"
"9QF4|1|B1|C|885","s53","9QF4|1|B1|A|1775"
"9QF4|1|B1|A|886","s55","9QF4|1|B1|U|889"
"9QF4|1|B1|A|886","s33","9QF4|1|B1|G|884"
"9QF4|1|B1|A|886","ns53","9QF4|1|B1|C|885"
"9QF4|1|B1|OMG|887","s33","9QF4|1|B1|A|925"
"9QF4|1|B1|5MU|888","s35","9QF4|1|B1|A|1921"
"9QF4|1|B1|U|889","s55","9QF4|1|B1|A|886"
"9QF4|1|B1|U|889","s35","9QF4|1|B1|C|890"
"9QF4|1|B1|C|890","s53","9QF4|1|B1|U|889"
"9QF4|1|B1|C|890","s55","9QF4|1|B1|A2M|880"
"9QF4|1|B1|C|890","s35","9QF4|1|B1|G|891"
"9QF4|1|B1|G|891","s55","9QF4|1|B1|G|879"
"9QF4|1|B1|G|891","s35","9QF4|1|B1|C|892"
"9QF4|1|B1|G|891","s53","9QF4|1|B1|C|890"
"9QF4|1|B1|C|892","s35","9QF4|1|B1|U|893"
"9QF4|1|B1|C|892","s53","9QF4|1|B1|G|891"
"9QF4|1|B1|U|893","s35","9QF4|1|B1|C|894"
"9QF4|1|B1|U|893","s55","9QF4|1|B1|G|876"
"9QF4|1|B1|U|893","s53","9QF4|1|B1|C|892"
"9QF4|1|B1|C|894","ns55","9QF4|1|B1|G|874"
"9QF4|1|B1|C|894","s55","9QF4|1|B1|U|875"
"9QF4|1|B1|C|894","s53","9QF4|1|B1|U|893"
"9QF4|1|B1|C|894","s35","9QF4|1|B1|C|895"
"9QF4|1|B1|C|895","s35","9QF4|1|B1|4AC|896"
"9QF4|1|B1|C|895","s53","9QF4|1|B1|C|894"
"9QF4|1|B1|C|895","s55","9QF4|1|B1|G|873"
"9QF4|1|B1|4AC|896","s53","9QF4|1|B1|C|895"
"9QF4|1|B1|4AC|896","s55","9QF4|1|B1|G|872"
"9QF4|1|B1|4AC|896","s35","9QF4|1|B1|G|897"
"9QF4|1|B1|G|897","ns55","9QF4|1|B1|G|871"
"9QF4|1|B1|G|897","s33","9QF4|1|B1|G|867"
"9QF4|1|B1|G|897","s53","9QF4|1|B1|4AC|896"
"9QF4|1|B1|G|897","s33","9QF4|1|B1|U|869"
"9QF4|1|B1|U|898","s55","9QF4|1|B1|G|899"
"9QF4|1|B1|U|898","s53","9QF4|1|B1|C|832"
"9QF4|1|B1|G|899","s55","9QF4|1|B1|U|898"
"9QF4|1|B1|G|899","s35","9QF4|1|B1|C|901"
"9QF4|1|B1|A|900","s35","9QF4|1|B1|A|917"
"9QF4|1|B1|C|901","s35","9QF4|1|B1|C|902"
"9QF4|1|B1|C|901","s53","9QF4|1|B1|G|899"
"9QF4|1|B1|C|902","s35","9QF4|1|B1|C|903"
"9QF4|1|B1|C|902","s55","9QF4|1|B1|G|831"
"9QF4|1|B1|C|902","s53","9QF4|1|B1|C|901"
"9QF4|1|B1|C|903","s53","9QF4|1|B1|C|902"
"9QF4|1|B1|C|903","s55","9QF4|1|B1|G|830"
"9QF4|1|B1|C|903","s35","9QF4|1|B1|OMC|904"
"9QF4|1|B1|OMC|904","s53","9QF4|1|B1|C|903"
"9QF4|1|B1|OMC|904","ns35","9QF4|1|B1|G|905"
"9QF4|1|B1|OMC|904","s55","9QF4|1|B1|G|829"
"9QF4|1|B1|G|905","ns53","9QF4|1|B1|OMC|904"
"9QF4|1|B1|G|905","s55","9QF4|1|B1|G|828"
"9QF4|1|B1|G|905","s35","9QF4|1|B1|G|906"
"9QF4|1|B1|G|906","s35","9QF4|1|B1|G|907"
"9QF4|1|B1|G|906","s55","9QF4|1|B1|4AC|827"
"9QF4|1|B1|G|906","s53","9QF4|1|B1|G|905"
"9QF4|1|B1|G|907","s53","9QF4|1|B1|G|906"
"9QF4|1|B1|G|907","s55","9QF4|1|B1|C|826"
"9QF4|1|B1|G|907","s35","9QF4|1|B1|C|908"
"9QF4|1|B1|C|908","s53","9QF4|1|B1|G|907"
"9QF4|1|B1|C|908","s35","9QF4|1|B1|U|909"
"9QF4|1|B1|U|909","s53","9QF4|1|B1|C|908"
"9QF4|1|B1|U|909","ns33","9QF4|1|B1|A|819"
"9QF4|1|B1|U|909","s55","9QF4|1|B1|G|824"
"9QF4|1|B1|A|910","s55","9QF4|1|B1|A|819"
"9QF4|1|B1|A|910","s33","9QF4|1|B1|G|818"
"9QF4|1|B1|G|911","s35","9QF4|1|B1|G|930"
"9QF4|1|B1|G|911","s55","9QF4|1|B1|G|913"
"9QF4|1|B1|G|911","s53","9QF4|1|B1|C|923"
"9QF4|1|B1|G|912","s53","9QF4|1|B1|A|929"
"9QF4|1|B1|G|913","s35","9QF4|1|B1|G|914"
"9QF4|1|B1|G|913","s55","9QF4|1|B1|G|911"
"9QF4|1|B1|G|914","s53","9QF4|1|B1|G|913"
"9QF4|1|B1|G|914","s55","9QF4|1|B1|C|923"
"9QF4|1|B1|G|914","s35","9QF4|1|B1|U|915"
"9QF4|1|B1|U|915","s53","9QF4|1|B1|G|914"
"9QF4|1|B1|U|915","s35","9QF4|1|B1|G|916"
"9QF4|1|B1|G|916","s35","9QF4|1|B1|A|918"
"9QF4|1|B1|G|916","s55","9QF4|1|B1|OMG|921"
"9QF4|1|B1|G|916","s53","9QF4|1|B1|U|915"
"9QF4|1|B1|A|917","s53","9QF4|1|B1|A|900"
"9QF4|1|B1|A|918","ns53","9QF4|1|B1|A|919"
"9QF4|1|B1|A|918","s53","9QF4|1|B1|G|916"
"9QF4|1|B1|A|919","s55","9QF4|1|B1|OMG|921"
"9QF4|1|B1|A|919","ns35","9QF4|1|B1|A|918"
"9QF4|1|B1|OMG|920","s35","9QF4|1|B1|G|928"
"9QF4|1|B1|OMG|921","s55","9QF4|1|B1|A|919"
"9QF4|1|B1|OMG|921","s35","9QF4|1|B1|C|922"
"9QF4|1|B1|OMG|921","s55","9QF4|1|B1|G|916"
"9QF4|1|B1|C|922","s53","9QF4|1|B1|OMG|921"
"9QF4|1|B1|C|922","s35","9QF4|1|B1|C|923"
"9QF4|1|B1|C|923","s33","9QF4|1|B1|C|927"
"9QF4|1|B1|C|923","s55","9QF4|1|B1|G|914"
"9QF4|1|B1|C|923","s53","9QF4|1|B1|C|922"
"9QF4|1|B1|C|923","s35","9QF4|1|B1|G|911"
"9QF4|1|B1|A|924","s55","9QF4|1|B1|C|821"
"9QF4|1|B1|A|924","s35","9QF4|1|B1|U|504"
"9QF4|1|B1|A|925","s33","9QF4|1|B1|OMG|887"
"9QF4|1|B1|C|927","s33","9QF4|1|B1|C|923"
"9QF4|1|B1|G|928","s35","9QF4|1|B1|C|2556"
"9QF4|1|B1|G|928","s53","9QF4|1|B1|OMG|920"
"9QF4|1|B1|A|929","s35","9QF4|1|B1|G|912"
"9QF4|1|B1|G|930","s53","9QF4|1|B1|G|911"
"9QF4|1|B1|G|930","s55","9QF4|1|B1|G|818"
"9QF4|1|B1|G|930","s35","9QF4|1|B1|G|931"
"9QF4|1|B1|G|931","s53","9QF4|1|B1|G|930"
"9QF4|1|B1|G|931","s35","9QF4|1|B1|5MC|932"
"9QF4|1|B1|G|931","s55","9QF4|1|B1|C|817"
"9QF4|1|B1|5MC|932","s35","9QF4|1|B1|4AC|933"
"9QF4|1|B1|5MC|932","s53","9QF4|1|B1|G|931"
"9QF4|1|B1|4AC|933","s53","9QF4|1|B1|5MC|932"
"9QF4|1|B1|4AC|933","s35","9QF4|1|B1|G|934"
"9QF4|1|B1|4AC|933","ns55","9QF4|1|B1|G|815"
"9QF4|1|B1|G|934","s55","9QF4|1|B1|G|814"
"9QF4|1|B1|G|934","s53","9QF4|1|B1|4AC|933"
"9QF4|1|B1|G|934","s35","9QF4|1|B1|G|935"
"9QF4|1|B1|G|935","s33","9QF4|1|B1|A|936"
"9QF4|1|B1|G|935","s53","9QF4|1|B1|G|934"
"9QF4|1|B1|G|935","s55","9QF4|1|B1|4AC|813"
"9QF4|1|B1|A|936","s33","9QF4|1|B1|G|935"
"9QF4|1|B1|A|936","s55","9QF4|1|B1|A|938"
"9QF4|1|B1|G|937","s35","9QF4|1|B1|G|803"
"9QF4|1|B1|A|938","s55","9QF4|1|B1|A|936"
"9QF4|1|B1|A|938","s55","9QF4|1|B1|A|811"
"9QF4|1|B1|A|938","s35","9QF4|1|B1|U|939"
"9QF4|1|B1|U|939","s35","9QF4|1|B1|A2M|940"
"9QF4|1|B1|U|939","s53","9QF4|1|B1|A|938"
"9QF4|1|B1|A2M|940","s55","9QF4|1|B1|A|809"
"9QF4|1|B1|A2M|940","s33","9QF4|1|B1|OMG|808"
"9QF4|1|B1|A2M|940","s35","9QF4|1|B1|C|942"
"9QF4|1|B1|A2M|940","s53","9QF4|1|B1|U|939"
"9QF4|1|B1|G|941","s55","9QF4|1|B1|A|186"
"9QF4|1|B1|C|942","ns35","9QF4|1|B1|U|943"
"9QF4|1|B1|C|942","s53","9QF4|1|B1|A2M|940"
"9QF4|1|B1|U|943","ns53","9QF4|1|B1|C|942"
"9QF4|1|B1|U|943","s55","9QF4|1|B1|OMG|808"
"9QF4|1|B1|U|943","s35","9QF4|1|B1|G|944"
"9QF4|1|B1|G|944","s55","9QF4|1|B1|4AC|807"
"9QF4|1|B1|G|944","s35","9QF4|1|B1|G|945"
"9QF4|1|B1|G|944","s53","9QF4|1|B1|U|943"
"9QF4|1|B1|G|945","s53","9QF4|1|B1|G|944"
"9QF4|1|B1|G|945","s35","9QF4|1|B1|U|946"
"9QF4|1|B1|G|945","s55","9QF4|1|B1|C|806"
"9QF4|1|B1|U|946","s53","9QF4|1|B1|G|945"
"9QF4|1|B1|U|947","s55","9QF4|1|B1|C|1394"
"9QF4|1|B1|C|948","s53","9QF4|1|B1|G|1393"
"9QF4|1|B1|C|948","s35","9QF4|1|B1|C|949"
"9QF4|1|B1|C|949","s53","9QF4|1|B1|C|948"
"9QF4|1|B1|C|949","s35","9QF4|1|B1|4AC|950"
"9QF4|1|B1|C|949","s55","9QF4|1|B1|G|1339"
"9QF4|1|B1|4AC|950","s53","9QF4|1|B1|C|949"
"9QF4|1|B1|4AC|950","s55","9QF4|1|B1|G|1338"
"9QF4|1|B1|4AC|950","ns35","9QF4|1|B1|G|951"
"9QF4|1|B1|G|951","s35","9QF4|1|B1|C|952"
"9QF4|1|B1|G|951","s55","9QF4|1|B1|G|1337"
"9QF4|1|B1|G|951","ns53","9QF4|1|B1|4AC|950"
"9QF4|1|B1|C|952","s35","9QF4|1|B1|4AC|953"
"9QF4|1|B1|C|952","s53","9QF4|1|B1|G|951"
"9QF4|1|B1|4AC|953","s53","9QF4|1|B1|C|952"
"9QF4|1|B1|4AC|953","s35","9QF4|1|B1|G|954"
"9QF4|1|B1|4AC|953","s55","9QF4|1|B1|G|1335"
"9QF4|1|B1|G|954","s33","9QF4|1|B1|G|1331"
"9QF4|1|B1|G|954","s55","9QF4|1|B1|G|1334"
"9QF4|1|B1|G|954","s53","9QF4|1|B1|4AC|953"
"9QF4|1|B1|G|954","s33","9QF4|1|B1|U|1332"
"9QF4|1|B1|A|955","ns35","9QF4|1|B1|A|1109"
"9QF4|1|B1|A|955","s35","9QF4|1|B1|A|956"
"9QF4|1|B1|A|955","s55","9QF4|1|B1|A|1333"
"9QF4|1|B1|A|956","s53","9QF4|1|B1|A|955"
"9QF4|1|B1|A|956","s35","9QF4|1|B1|U|957"
"9QF4|1|B1|A|956","ns33","9QF4|1|B1|G|1108"
"9QF4|1|B1|U|957","s35","9QF4|1|B1|G|1085"
"9QF4|1|B1|U|957","s53","9QF4|1|B1|A|956"
"9QF4|1|B1|C|958","ns33","9QF4|1|B1|A|1083"
"9QF4|1|B1|A|959","s35","9QF4|1|B1|U|960"
"9QF4|1|B1|A|959","s55","9QF4|1|B1|G|971"
"9QF4|1|B1|U|960","s53","9QF4|1|B1|A|959"
"9QF4|1|B1|U|960","s35","9QF4|1|B1|C|961"
"9QF4|1|B1|C|961","s55","9QF4|1|B1|A|969"
"9QF4|1|B1|C|961","s53","9QF4|1|B1|U|960"
"9QF4|1|B1|C|961","s35","9QF4|1|B1|C|962"
"9QF4|1|B1|C|962","s53","9QF4|1|B1|C|961"
"9QF4|1|B1|C|962","s55","9QF4|1|B1|G|968"
"9QF4|1|B1|C|963","s35","9QF4|1|B1|A|2548"
"9QF4|1|B1|G|964","ns55","9QF4|1|B1|C|965"
"9QF4|1|B1|C|965","ns55","9QF4|1|B1|G|964"
"9QF4|1|B1|G|967","s35","9QF4|1|B1|G|968"
"9QF4|1|B1|G|968","s53","9QF4|1|B1|G|967"
"9QF4|1|B1|G|968","s35","9QF4|1|B1|A|969"
"9QF4|1|B1|G|968","s55","9QF4|1|B1|C|962"
"9QF4|1|B1|A|969","s35","9QF4|1|B1|U|970"
"9QF4|1|B1|A|969","s55","9QF4|1|B1|C|961"
"9QF4|1|B1|A|969","s53","9QF4|1|B1|G|968"
"9QF4|1|B1|U|970","s53","9QF4|1|B1|A|969"
"9QF4|1|B1|U|970","s35","9QF4|1|B1|G|971"
"9QF4|1|B1|G|971","s55","9QF4|1|B1|A|959"
"9QF4|1|B1|G|971","ns53","9QF4|1|B1|A|1083"
"9QF4|1|B1|G|971","s53","9QF4|1|B1|U|970"
"9QF4|1|B1|G|971","s35","9QF4|1|B1|G|972"
"9QF4|1|B1|G|972","s53","9QF4|1|B1|G|971"
"9QF4|1|B1|G|972","s35","9QF4|1|B1|C|973"
"9QF4|1|B1|C|973","s53","9QF4|1|B1|G|972"
"9QF4|1|B1|C|973","ns35","9QF4|1|B1|C|974"
"9QF4|1|B1|C|974","s35","9QF4|1|B1|U|975"
"9QF4|1|B1|C|974","ns53","9QF4|1|B1|C|973"
"9QF4|1|B1|C|974","s55","9QF4|1|B1|A|1080"
"9QF4|1|B1|U|975","s53","9QF4|1|B1|C|974"
"9QF4|1|B1|U|975","s55","9QF4|1|B1|G|1079"
"9QF4|1|B1|U|975","s35","9QF4|1|B1|C|976"
"9QF4|1|B1|C|976","s53","9QF4|1|B1|U|975"
"9QF4|1|B1|C|976","s55","9QF4|1|B1|G|1078"
"9QF4|1|B1|C|976","s35","9QF4|1|B1|C|977"
"9QF4|1|B1|C|977","s55","9QF4|1|B1|G|1077"
"9QF4|1|B1|C|977","s35","9QF4|1|B1|C|978"
"9QF4|1|B1|C|977","s53","9QF4|1|B1|C|976"
"9QF4|1|B1|C|978","s35","9QF4|1|B1|4AC|979"
"9QF4|1|B1|C|978","s53","9QF4|1|B1|C|977"
"9QF4|1|B1|C|978","s55","9QF4|1|B1|G|1076"
"9QF4|1|B1|4AC|979","s53","9QF4|1|B1|C|978"
"9QF4|1|B1|4AC|979","s35","9QF4|1|B1|G|980"
"9QF4|1|B1|4AC|979","s55","9QF4|1|B1|G|1075"
"9QF4|1|B1|G|980","s35","9QF4|1|B1|G|981"
"9QF4|1|B1|G|980","s55","9QF4|1|B1|G|1074"
"9QF4|1|B1|G|980","s53","9QF4|1|B1|4AC|979"
"9QF4|1|B1|G|981","s35","9QF4|1|B1|A|982"
"9QF4|1|B1|G|981","s33","9QF4|1|B1|G|1071"
"9QF4|1|B1|G|981","s53","9QF4|1|B1|G|980"
"9QF4|1|B1|A|982","s55","9QF4|1|B1|A|1072"
"9QF4|1|B1|A|982","s35","9QF4|1|B1|U|1069"
"9QF4|1|B1|A|982","s53","9QF4|1|B1|G|981"
"9QF4|1|B1|G|983","s55","9QF4|1|B1|G|1068"
"9QF4|1|B1|G|983","s35","9QF4|1|B1|G|984"
"9QF4|1|B1|G|984","s35","9QF4|1|B1|U|985"
"9QF4|1|B1|G|984","s53","9QF4|1|B1|G|983"
"9QF4|1|B1|G|984","s55","9QF4|1|B1|4AC|1067"
"9QF4|1|B1|U|985","s53","9QF4|1|B1|G|984"
"9QF4|1|B1|G|987","s35","9QF4|1|B1|G|988"
"9QF4|1|B1|G|987","s55","9QF4|1|B1|G|1065"
"9QF4|1|B1|G|988","s55","9QF4|1|B1|4AC|1064"
"9QF4|1|B1|G|988","s35","9QF4|1|B1|C|989"
"9QF4|1|B1|G|988","s53","9QF4|1|B1|G|987"
"9QF4|1|B1|C|989","s53","9QF4|1|B1|G|988"
"9QF4|1|B1|C|989","s35","9QF4|1|B1|G|990"
"9QF4|1|B1|G|990","s35","9QF4|1|B1|G|991"
"9QF4|1|B1|G|990","s53","9QF4|1|B1|C|989"
"9QF4|1|B1|G|990","s55","9QF4|1|B1|G|1062"
"9QF4|1|B1|G|991","s35","9QF4|1|B1|U|992"
"9QF4|1|B1|G|991","s53","9QF4|1|B1|G|990"
"9QF4|1|B1|G|991","s55","9QF4|1|B1|4AC|1061"
"9QF4|1|B1|U|992","s53","9QF4|1|B1|G|991"
"9QF4|1|B1|U|992","s35","9QF4|1|B1|G|993"
"9QF4|1|B1|G|993","s53","9QF4|1|B1|U|992"
"9QF4|1|B1|G|993","s55","9QF4|1|B1|A|1059"
"9QF4|1|B1|G|993","s35","9QF4|1|B1|G|994"
"9QF4|1|B1|G|994","s53","9QF4|1|B1|G|993"
"9QF4|1|B1|G|994","s55","9QF4|1|B1|C|1058"
"9QF4|1|B1|G|994","s35","9QF4|1|B1|G|995"
"9QF4|1|B1|G|995","s33","9QF4|1|B1|A|2383"
"9QF4|1|B1|G|995","s53","9QF4|1|B1|G|994"
"9QF4|1|B1|G|995","s55","9QF4|1|B1|C|1057"
"9QF4|1|B1|G|996","s33","9QF4|1|B1|G|1053"
"9QF4|1|B1|G|996","s55","9QF4|1|B1|A|2383"
"9QF4|1|B1|U|997","s33","9QF4|1|B1|G|1053"
"9QF4|1|B1|U|997","s55","9QF4|1|B1|A|2383"
"9QF4|1|B1|U|997","s35","9QF4|1|B1|A|998"
"9QF4|1|B1|A|998","s55","9QF4|1|B1|A|1054"
"9QF4|1|B1|A|998","s53","9QF4|1|B1|U|997"
"9QF4|1|B1|A|998","s35","9QF4|1|B1|G|999"
"9QF4|1|B1|G|999","ns55","9QF4|1|B1|G|1053"
"9QF4|1|B1|G|999","s53","9QF4|1|B1|A|998"
"9QF4|1|B1|G|999","s35","9QF4|1|B1|A|1000"
"9QF4|1|B1|A|1000","s53","9QF4|1|B1|G|999"
"9QF4|1|B1|A|1000","s35","9QF4|1|B1|G|1001"
"9QF4|1|B1|A|1000","ns55","9QF4|1|B1|4AC|1052"
"9QF4|1|B1|G|1001","s53","9QF4|1|B1|A|1000"
"9QF4|1|B1|G|1001","s55","9QF4|1|B1|U|1050"
"9QF4|1|B1|G|1001","s35","9QF4|1|B1|C|1002"
"9QF4|1|B1|C|1002","s53","9QF4|1|B1|G|1001"
"9QF4|1|B1|C|1002","s53","9QF4|1|B1|A|1003"
"9QF4|1|B1|C|1002","s33","9QF4|1|B1|C|1045"
"9QF4|1|B1|A|1003","s55","9QF4|1|B1|C|1051"
"9QF4|1|B1|A|1003","s35","9QF4|1|B1|C|1002"
"9QF4|1|B1|A|1003","ns35","9QF4|1|B1|C|1004"
"9QF4|1|B1|C|1004","ns53","9QF4|1|B1|A|1003"
"9QF4|1|B1|C|1004","s35","9QF4|1|B1|U|1005"
"9QF4|1|B1|U|1005","s53","9QF4|1|B1|C|1004"
"9QF4|1|B1|U|1005","s35","9QF4|1|B1|G|1006"
"9QF4|1|B1|G|1006","s55","9QF4|1|B1|A|1046"
"9QF4|1|B1|G|1006","s53","9QF4|1|B1|U|1005"
"9QF4|1|B1|G|1006","s35","9QF4|1|B1|A|1007"
"9QF4|1|B1|A|1007","s53","9QF4|1|B1|G|1006"
"9QF4|1|B1|A|1007","s55","9QF4|1|B1|C|1045"
"9QF4|1|B1|A|1007","s35","9QF4|1|B1|U|1008"
"9QF4|1|B1|U|1008","s53","9QF4|1|B1|A|1007"
"9QF4|1|B1|U|1009","s35","9QF4|1|B1|G|1010"
"9QF4|1|B1|U|1009","s55","9QF4|1|B1|G|1043"
"9QF4|1|B1|G|1010","s53","9QF4|1|B1|U|1009"
"9QF4|1|B1|G|1010","s35","9QF4|1|B1|G|1011"
"9QF4|1|B1|G|1010","s55","9QF4|1|B1|U|1042"
"9QF4|1|B1|G|1011","s53","9QF4|1|B1|G|1010"
"9QF4|1|B1|G|1011","s35","9QF4|1|B1|A|1012"
"9QF4|1|B1|G|1011","s55","9QF4|1|B1|C|1041"
"9QF4|1|B1|A|1012","s55","9QF4|1|B1|C|1040"
"9QF4|1|B1|A|1012","s35","9QF4|1|B1|G|1013"
"9QF4|1|B1|A|1012","s53","9QF4|1|B1|G|1011"
"9QF4|1|B1|G|1013","s55","9QF4|1|B1|U|1039"
"9QF4|1|B1|G|1013","s35","9QF4|1|B1|G|1014"
"9QF4|1|B1|G|1013","s53","9QF4|1|B1|A|1012"
"9QF4|1|B1|G|1014","s35","9QF4|1|B1|U|1015"
"9QF4|1|B1|G|1014","s53","9QF4|1|B1|G|1013"
"9QF4|1|B1|G|1014","s55","9QF4|1|B1|C|1038"
"9QF4|1|B1|U|1015","s35","9QF4|1|B1|C|1017"
"9QF4|1|B1|U|1015","s53","9QF4|1|B1|G|1014"
"9QF4|1|B1|G|1016","s55","9QF4|1|B1|G|1035"
"9QF4|1|B1|G|1016","s53","9QF4|1|B1|C|1017"
"9QF4|1|B1|C|1017","s55","9QF4|1|B1|G|1036"
"9QF4|1|B1|C|1017","s35","9QF4|1|B1|G|1016"
"9QF4|1|B1|C|1017","s53","9QF4|1|B1|U|1015"
"9QF4|1|B1|A|1018","s55","9QF4|1|B1|G|2424"
"9QF4|1|B1|G|1019","s55","9QF4|1|B1|G|1035"
"9QF4|1|B1|G|1019","s35","9QF4|1|B1|G|1020"
"9QF4|1|B1|G|1020","s35","9QF4|1|B1|G|1021"
"9QF4|1|B1|G|1020","s53","9QF4|1|B1|G|1019"
"9QF4|1|B1|G|1020","ns55","9QF4|1|B1|C|1034"
"9QF4|1|B1|G|1021","s35","9QF4|1|B1|G|1022"
"9QF4|1|B1|G|1021","s53","9QF4|1|B1|G|1020"
"9QF4|1|B1|G|1021","s55","9QF4|1|B1|C|1033"
"9QF4|1|B1|G|1022","s35","9QF4|1|B1|G|1023"
"9QF4|1|B1|G|1022","s53","9QF4|1|B1|G|1021"
"9QF4|1|B1|G|1022","s55","9QF4|1|B1|C|1032"
"9QF4|1|B1|G|1023","s35","9QF4|1|B1|C|1024"
"9QF4|1|B1|G|1023","s55","9QF4|1|B1|C|1031"
"9QF4|1|B1|G|1023","s53","9QF4|1|B1|G|1022"
"9QF4|1|B1|C|1024","s53","9QF4|1|B1|G|1023"
"9QF4|1|B1|C|1024","s35","9QF4|1|B1|G|1025"
"9QF4|1|B1|G|1025","s55","9QF4|1|B1|G|1029"
"9QF4|1|B1|G|1025","s35","9QF4|1|B1|A|1027"
"9QF4|1|B1|G|1025","s53","9QF4|1|B1|C|1024"
"9QF4|1|B1|A|1026","s53","9QF4|1|B1|A|1027"
"9QF4|1|B1|A|1027","s35","9QF4|1|B1|A|1026"
"9QF4|1|B1|A|1027","s53","9QF4|1|B1|G|1025"
"9QF4|1|B1|A|1027","ns53","9QF4|1|B1|A|1028"
"9QF4|1|B1|A|1028","s55","9QF4|1|B1|G|1029"
"9QF4|1|B1|A|1028","ns35","9QF4|1|B1|A|1027"
"9QF4|1|B1|G|1029","s55","9QF4|1|B1|G|1025"
"9QF4|1|B1|G|1029","s35","9QF4|1|B1|C|1030"
"9QF4|1|B1|G|1029","s55","9QF4|1|B1|A|1028"
"9QF4|1|B1|C|1030","s53","9QF4|1|B1|G|1029"
"9QF4|1|B1|C|1030","s35","9QF4|1|B1|C|1031"
"9QF4|1|B1|C|1031","s53","9QF4|1|B1|C|1030"
"9QF4|1|B1|C|1031","s55","9QF4|1|B1|G|1023"
"9QF4|1|B1|C|1031","s35","9QF4|1|B1|C|1032"
"9QF4|1|B1|C|1032","s35","9QF4|1|B1|C|1033"
"9QF4|1|B1|C|1032","s53","9QF4|1|B1|C|1031"
"9QF4|1|B1|C|1032","s55","9QF4|1|B1|G|1022"
"9QF4|1|B1|C|1033","s35","9QF4|1|B1|C|1034"
"9QF4|1|B1|C|1033","s53","9QF4|1|B1|C|1032"
"9QF4|1|B1|C|1033","s55","9QF4|1|B1|G|1021"
"9QF4|1|B1|C|1034","s53","9QF4|1|B1|C|1033"
"9QF4|1|B1|C|1034","ns35","9QF4|1|B1|G|1035"
"9QF4|1|B1|C|1034","ns55","9QF4|1|B1|G|1020"
"9QF4|1|B1|G|1035","s35","9QF4|1|B1|G|1036"
"9QF4|1|B1|G|1035","ns53","9QF4|1|B1|C|1034"
"9QF4|1|B1|G|1035","s55","9QF4|1|B1|G|1016"
"9QF4|1|B1|G|1035","s55","9QF4|1|B1|G|1019"
"9QF4|1|B1|G|1036","s35","9QF4|1|B1|C|1037"
"9QF4|1|B1|G|1036","s55","9QF4|1|B1|C|1017"
"9QF4|1|B1|G|1036","s53","9QF4|1|B1|G|1035"
"9QF4|1|B1|C|1037","s53","9QF4|1|B1|G|1036"
"9QF4|1|B1|C|1037","s35","9QF4|1|B1|C|1038"
"9QF4|1|B1|C|1038","s53","9QF4|1|B1|C|1037"
"9QF4|1|B1|C|1038","s55","9QF4|1|B1|G|1014"
"9QF4|1|B1|C|1038","s35","9QF4|1|B1|U|1039"
"9QF4|1|B1|U|1039","s35","9QF4|1|B1|C|1040"
"9QF4|1|B1|U|1039","s55","9QF4|1|B1|G|1013"
"9QF4|1|B1|U|1039","s53","9QF4|1|B1|C|1038"
"9QF4|1|B1|C|1040","s55","9QF4|1|B1|A|1012"
"9QF4|1|B1|C|1040","s35","9QF4|1|B1|C|1041"
"9QF4|1|B1|C|1040","s53","9QF4|1|B1|U|1039"
"9QF4|1|B1|C|1041","s53","9QF4|1|B1|C|1040"
"9QF4|1|B1|C|1041","s55","9QF4|1|B1|G|1011"
"9QF4|1|B1|C|1041","s35","9QF4|1|B1|U|1042"
"9QF4|1|B1|U|1042","s53","9QF4|1|B1|C|1041"
"9QF4|1|B1|U|1042","s35","9QF4|1|B1|G|1043"
"9QF4|1|B1|U|1042","s55","9QF4|1|B1|G|1010"
"9QF4|1|B1|G|1043","s53","9QF4|1|B1|U|1042"
"9QF4|1|B1|G|1043","s35","9QF4|1|B1|U|1044"
"9QF4|1|B1|G|1043","s55","9QF4|1|B1|U|1009"
"9QF4|1|B1|U|1044","s53","9QF4|1|B1|G|1043"
"9QF4|1|B1|U|1044","s35","9QF4|1|B1|C|1045"
"9QF4|1|B1|C|1045","s53","9QF4|1|B1|U|1044"
"9QF4|1|B1|C|1045","s35","9QF4|1|B1|A|1046"
"9QF4|1|B1|C|1045","s55","9QF4|1|B1|A|1007"
"9QF4|1|B1|C|1045","s33","9QF4|1|B1|C|1002"
"9QF4|1|B1|A|1046","s35","9QF4|1|B1|C|1049"
"9QF4|1|B1|A|1046","s55","9QF4|1|B1|G|1006"
"9QF4|1|B1|A|1046","s53","9QF4|1|B1|C|1045"
"9QF4|1|B1|A|1047","s35","9QF4|1|B1|A|1048"
"9QF4|1|B1|A|1048","s53","9QF4|1|B1|A|1047"
"9QF4|1|B1|C|1049","s53","9QF4|1|B1|A|1046"
"9QF4|1|B1|C|1049","s35","9QF4|1|B1|U|1050"
"9QF4|1|B1|U|1050","ns35","9QF4|1|B1|4AC|1052"
"9QF4|1|B1|U|1050","s53","9QF4|1|B1|C|1049"
"9QF4|1|B1|U|1050","s55","9QF4|1|B1|G|1001"
"9QF4|1|B1|C|1051","s35","9QF4|1|B1|4AC|1052"
"9QF4|1|B1|C|1051","s55","9QF4|1|B1|A|1003"
"9QF4|1|B1|4AC|1052","s53","9QF4|1|B1|C|1051"
"9QF4|1|B1|4AC|1052","s35","9QF4|1|B1|G|1053"
"9QF4|1|B1|4AC|1052","ns53","9QF4|1|B1|U|1050"
"9QF4|1|B1|4AC|1052","ns55","9QF4|1|B1|A|1000"
"9QF4|1|B1|G|1053","s33","9QF4|1|B1|U|997"
"9QF4|1|B1|G|1053","s33","9QF4|1|B1|G|996"
"9QF4|1|B1|G|1053","s53","9QF4|1|B1|4AC|1052"
"9QF4|1|B1|G|1053","ns55","9QF4|1|B1|G|999"
"9QF4|1|B1|A|1054","s35","9QF4|1|B1|A|1055"
"9QF4|1|B1|A|1054","ns35","9QF4|1|B1|A|2383"
"9QF4|1|B1|A|1054","s55","9QF4|1|B1|A|998"
"9QF4|1|B1|A|1055","s53","9QF4|1|B1|A|1054"
"9QF4|1|B1|A|1055","s35","9QF4|1|B1|C|1056"
"9QF4|1|B1|C|1056","s53","9QF4|1|B1|A|1055"
"9QF4|1|B1|C|1056","ns53","9QF4|1|B1|A|2383"
"9QF4|1|B1|C|1056","s35","9QF4|1|B1|C|1057"
"9QF4|1|B1|C|1057","s35","9QF4|1|B1|C|1058"
"9QF4|1|B1|C|1057","s53","9QF4|1|B1|C|1056"
"9QF4|1|B1|C|1057","s55","9QF4|1|B1|G|995"
"9QF4|1|B1|C|1058","ns35","9QF4|1|B1|A|1059"
"9QF4|1|B1|C|1058","s53","9QF4|1|B1|C|1057"
"9QF4|1|B1|C|1058","s55","9QF4|1|B1|G|994"
"9QF4|1|B1|A|1059","s55","9QF4|1|B1|G|993"
"9QF4|1|B1|A|1059","s35","9QF4|1|B1|C|1060"
"9QF4|1|B1|A|1059","ns53","9QF4|1|B1|C|1058"
"9QF4|1|B1|C|1060","s35","9QF4|1|B1|4AC|1061"
"9QF4|1|B1|C|1060","s53","9QF4|1|B1|A|1059"
"9QF4|1|B1|4AC|1061","s53","9QF4|1|B1|C|1060"
"9QF4|1|B1|4AC|1061","s55","9QF4|1|B1|G|991"
"9QF4|1|B1|4AC|1061","ns35","9QF4|1|B1|G|1062"
"9QF4|1|B1|G|1062","s55","9QF4|1|B1|G|990"
"9QF4|1|B1|G|1062","ns53","9QF4|1|B1|4AC|1061"
"9QF4|1|B1|G|1062","s35","9QF4|1|B1|C|1063"
"9QF4|1|B1|C|1063","s53","9QF4|1|B1|G|1062"
"9QF4|1|B1|C|1063","s35","9QF4|1|B1|4AC|1064"
"9QF4|1|B1|4AC|1064","s53","9QF4|1|B1|C|1063"
"9QF4|1|B1|4AC|1064","s35","9QF4|1|B1|G|1065"
"9QF4|1|B1|4AC|1064","s55","9QF4|1|B1|G|988"
"9QF4|1|B1|G|1065","s55","9QF4|1|B1|G|987"
"9QF4|1|B1|G|1065","s35","9QF4|1|B1|C|1066"
"9QF4|1|B1|G|1065","s53","9QF4|1|B1|4AC|1064"
"9QF4|1|B1|C|1066","s35","9QF4|1|B1|4AC|1067"
"9QF4|1|B1|C|1066","s53","9QF4|1|B1|G|1065"
"9QF4|1|B1|4AC|1067","s53","9QF4|1|B1|C|1066"
"9QF4|1|B1|4AC|1067","s35","9QF4|1|B1|G|1068"
"9QF4|1|B1|4AC|1067","s55","9QF4|1|B1|G|984"
"9QF4|1|B1|G|1068","s53","9QF4|1|B1|4AC|1067"
"9QF4|1|B1|G|1068","s55","9QF4|1|B1|G|983"
"9QF4|1|B1|U|1069","s55","9QF4|1|B1|G|1071"
"9QF4|1|B1|U|1069","s53","9QF4|1|B1|A|982"
"9QF4|1|B1|G|1071","s55","9QF4|1|B1|U|1069"
"9QF4|1|B1|G|1071","s33","9QF4|1|B1|G|981"
"9QF4|1|B1|A|1072","s35","9QF4|1|B1|U|1073"
"9QF4|1|B1|A|1072","s55","9QF4|1|B1|A|982"
"9QF4|1|B1|U|1073","s53","9QF4|1|B1|A|1072"
"9QF4|1|B1|U|1073","s35","9QF4|1|B1|G|1074"
"9QF4|1|B1|G|1074","s55","9QF4|1|B1|G|980"
"9QF4|1|B1|G|1074","s53","9QF4|1|B1|U|1073"
"9QF4|1|B1|G|1074","s35","9QF4|1|B1|G|1075"
"9QF4|1|B1|G|1075","s55","9QF4|1|B1|4AC|979"
"9QF4|1|B1|G|1075","s53","9QF4|1|B1|G|1074"
"9QF4|1|B1|G|1075","s35","9QF4|1|B1|G|1076"
"9QF4|1|B1|G|1076","s53","9QF4|1|B1|G|1075"
"9QF4|1|B1|G|1076","s35","9QF4|1|B1|G|1077"
"9QF4|1|B1|G|1076","s55","9QF4|1|B1|C|978"
"9QF4|1|B1|G|1077","s53","9QF4|1|B1|G|1076"
"9QF4|1|B1|G|1077","s55","9QF4|1|B1|C|977"
"9QF4|1|B1|G|1077","s35","9QF4|1|B1|G|1078"
"9QF4|1|B1|G|1078","s53","9QF4|1|B1|G|1077"
"9QF4|1|B1|G|1078","s35","9QF4|1|B1|G|1079"
"9QF4|1|B1|G|1078","s55","9QF4|1|B1|C|976"
"9QF4|1|B1|G|1079","s55","9QF4|1|B1|U|975"
"9QF4|1|B1|G|1079","s53","9QF4|1|B1|G|1078"
"9QF4|1|B1|G|1079","s35","9QF4|1|B1|A|1080"
"9QF4|1|B1|A|1080","s55","9QF4|1|B1|C|974"
"9QF4|1|B1|A|1080","s35","9QF4|1|B1|G|1081"
"9QF4|1|B1|A|1080","s53","9QF4|1|B1|G|1079"
"9QF4|1|B1|G|1081","s35","9QF4|1|B1|U|1082"
"9QF4|1|B1|G|1081","s53","9QF4|1|B1|A|1080"
"9QF4|1|B1|U|1082","ns33","9QF4|1|B1|A|1083"
"9QF4|1|B1|U|1082","s53","9QF4|1|B1|G|1081"
"9QF4|1|B1|A|1083","ns33","9QF4|1|B1|U|1082"
"9QF4|1|B1|A|1083","ns35","9QF4|1|B1|G|971"
"9QF4|1|B1|A|1083","ns33","9QF4|1|B1|C|958"
"9QF4|1|B1|G|1084","s55","9QF4|1|B1|A|2564"
"9QF4|1|B1|G|1085","s53","9QF4|1|B1|U|957"
"9QF4|1|B1|G|1085","s35","9QF4|1|B1|G|1086"
"9QF4|1|B1|G|1085","s55","9QF4|1|B1|G|1108"
"9QF4|1|B1|G|1086","s35","9QF4|1|B1|U|1087"
"9QF4|1|B1|G|1086","s53","9QF4|1|B1|G|1085"
"9QF4|1|B1|G|1086","s55","9QF4|1|B1|4AC|1107"
"9QF4|1|B1|U|1087","s53","9QF4|1|B1|G|1086"
"9QF4|1|B1|U|1087","s35","9QF4|1|B1|G|1088"
"9QF4|1|B1|G|1088","s55","9QF4|1|B1|A|1105"
"9QF4|1|B1|G|1088","s53","9QF4|1|B1|U|1087"
"9QF4|1|B1|G|1088","s35","9QF4|1|B1|G|1089"
"9QF4|1|B1|G|1089","ns55","9QF4|1|B1|C|1103"
"9QF4|1|B1|G|1089","s53","9QF4|1|B1|G|1088"
"9QF4|1|B1|G|1089","s35","9QF4|1|B1|C|1090"
"9QF4|1|B1|C|1090","ns35","9QF4|1|B1|G|1091"
"9QF4|1|B1|C|1090","s53","9QF4|1|B1|G|1089"
"9QF4|1|B1|G|1091","s55","9QF4|1|B1|G|1101"
"9QF4|1|B1|G|1091","s35","9QF4|1|B1|G|1092"
"9QF4|1|B1|G|1091","ns53","9QF4|1|B1|C|1090"
"9QF4|1|B1|G|1092","s53","9QF4|1|B1|G|1091"
"9QF4|1|B1|G|1092","s55","9QF4|1|B1|4AC|1100"
"9QF4|1|B1|G|1092","s35","9QF4|1|B1|U|1093"
"9QF4|1|B1|U|1093","s53","9QF4|1|B1|G|1092"
"9QF4|1|B1|U|1093","s35","9QF4|1|B1|G|1094"
"9QF4|1|B1|G|1094","s55","9QF4|1|B1|G|1098"
"9QF4|1|B1|G|1094","ns33","9QF4|1|B1|A|1096"
"9QF4|1|B1|G|1094","s53","9QF4|1|B1|U|1093"
"9QF4|1|B1|U|1095","ns55","9QF4|1|B1|G|2575"
"9QF4|1|B1|U|1095","s35","9QF4|1|B1|A|1096"
"9QF4|1|B1|A|1096","s35","9QF4|1|B1|A|1097"
"9QF4|1|B1|A|1096","ns33","9QF4|1|B1|G|1094"
"9QF4|1|B1|A|1096","s53","9QF4|1|B1|U|1095"
"9QF4|1|B1|A|1097","ns35","9QF4|1|B1|G|1098"
"9QF4|1|B1|A|1097","s53","9QF4|1|B1|A|1096"
"9QF4|1|B1|G|1098","ns53","9QF4|1|B1|A|1097"
"9QF4|1|B1|G|1098","s55","9QF4|1|B1|G|1094"
"9QF4|1|B1|G|1098","s35","9QF4|1|B1|OMC|1099"
"9QF4|1|B1|OMC|1099","s53","9QF4|1|B1|G|1098"
"9QF4|1|B1|OMC|1099","s35","9QF4|1|B1|4AC|1100"
"9QF4|1|B1|4AC|1100","s53","9QF4|1|B1|OMC|1099"
"9QF4|1|B1|4AC|1100","s35","9QF4|1|B1|G|1101"
"9QF4|1|B1|4AC|1100","s55","9QF4|1|B1|G|1092"
"9QF4|1|B1|G|1101","s53","9QF4|1|B1|4AC|1100"
"9QF4|1|B1|G|1101","s35","9QF4|1|B1|U|1102"
"9QF4|1|B1|G|1101","s55","9QF4|1|B1|G|1091"
"9QF4|1|B1|U|1102","ns35","9QF4|1|B1|C|1103"
"9QF4|1|B1|U|1102","s53","9QF4|1|B1|G|1101"
"9QF4|1|B1|C|1103","ns55","9QF4|1|B1|G|1089"
"9QF4|1|B1|C|1103","s35","9QF4|1|B1|C|1104"
"9QF4|1|B1|C|1103","ns53","9QF4|1|B1|U|1102"
"9QF4|1|B1|C|1104","ns53","9QF4|1|B1|A|1105"
"9QF4|1|B1|C|1104","s53","9QF4|1|B1|C|1103"
"9QF4|1|B1|A|1105","s55","9QF4|1|B1|G|1088"
"9QF4|1|B1|A|1105","s35","9QF4|1|B1|C|1106"
"9QF4|1|B1|A|1105","ns35","9QF4|1|B1|C|1104"
"9QF4|1|B1|C|1106","s53","9QF4|1|B1|A|1105"
"9QF4|1|B1|C|1106","s35","9QF4|1|B1|4AC|1107"
"9QF4|1|B1|4AC|1107","s53","9QF4|1|B1|C|1106"
"9QF4|1|B1|4AC|1107","s35","9QF4|1|B1|G|1108"
"9QF4|1|B1|4AC|1107","s55","9QF4|1|B1|G|1086"
"9QF4|1|B1|G|1108","s33","9QF4|1|B1|A|1109"
"9QF4|1|B1|G|1108","s55","9QF4|1|B1|G|1085"
"9QF4|1|B1|G|1108","s53","9QF4|1|B1|4AC|1107"
"9QF4|1|B1|G|1108","ns33","9QF4|1|B1|A|956"
"9QF4|1|B1|A|1109","ns53","9QF4|1|B1|A|955"
"9QF4|1|B1|A|1109","s33","9QF4|1|B1|G|1108"
"9QF4|1|B1|A|1109","s55","9QF4|1|B1|U|1332"
"9QF4|1|B1|G|1110","s55","9QF4|1|B1|G|1330"
"9QF4|1|B1|G|1110","s33","9QF4|1|B1|G|1125"
"9QF4|1|B1|A|1111","s55","9QF4|1|B1|A|1126"
"9QF4|1|B1|A|1111","s35","9QF4|1|B1|G|1112"
"9QF4|1|B1|G|1112","s35","9QF4|1|B1|G|1113"
"9QF4|1|B1|G|1112","s53","9QF4|1|B1|A|1111"
"9QF4|1|B1|G|1113","s35","9QF4|1|B1|G|1114"
"9QF4|1|B1|G|1113","s55","9QF4|1|B1|C|1123"
"9QF4|1|B1|G|1113","s53","9QF4|1|B1|G|1112"
"9QF4|1|B1|G|1114","s53","9QF4|1|B1|G|1113"
"9QF4|1|B1|G|1114","s35","9QF4|1|B1|G|1115"
"9QF4|1|B1|G|1114","s55","9QF4|1|B1|C|1122"
"9QF4|1|B1|G|1115","s35","9QF4|1|B1|U|1164"
"9QF4|1|B1|G|1115","s33","9QF4|1|B1|C|1118"
"9QF4|1|B1|G|1115","s53","9QF4|1|B1|G|1114"
"9QF4|1|B1|G|1115","s55","9QF4|1|B1|C|1121"
"9QF4|1|B1|A|1116","ns55","9QF4|1|B1|A|2162"
"9QF4|1|B1|A|1116","s35","9QF4|1|B1|A|1117"
"9QF4|1|B1|A|1116","ns55","9QF4|1|B1|G|1275"
"9QF4|1|B1|A|1117","s53","9QF4|1|B1|A|1116"
"9QF4|1|B1|A|1117","ns35","9QF4|1|B1|C|2152"
"9QF4|1|B1|C|1118","s33","9QF4|1|B1|G|1115"
"9QF4|1|B1|A|1119","s35","9QF4|1|B1|A|1120"
"9QF4|1|B1|A|1120","s53","9QF4|1|B1|A|1119"
"9QF4|1|B1|C|1121","s55","9QF4|1|B1|G|1115"
"9QF4|1|B1|C|1121","ns35","9QF4|1|B1|C|1122"
"9QF4|1|B1|C|1122","s55","9QF4|1|B1|G|1114"
"9QF4|1|B1|C|1122","ns53","9QF4|1|B1|C|1121"
"9QF4|1|B1|C|1122","s35","9QF4|1|B1|C|1123"
"9QF4|1|B1|C|1123","s55","9QF4|1|B1|G|1113"
"9QF4|1|B1|C|1123","s53","9QF4|1|B1|C|1122"
"9QF4|1|B1|C|1123","s35","9QF4|1|B1|A|1124"
"9QF4|1|B1|A|1124","s53","9QF4|1|B1|C|1123"
"9QF4|1|B1|A|1124","ns35","9QF4|1|B1|G|1125"
"9QF4|1|B1|G|1125","ns53","9QF4|1|B1|A|1124"
"9QF4|1|B1|G|1125","s33","9QF4|1|B1|G|1110"
"9QF4|1|B1|A|1126","ns35","9QF4|1|B1|G|1330"
"9QF4|1|B1|A|1126","s55","9QF4|1|B1|A|1111"
"9QF4|1|B1|C|1127","s53","9QF4|1|B1|G|1329"
"9QF4|1|B1|C|1127","s35","9QF4|1|B1|4AC|1128"
"9QF4|1|B1|4AC|1128","s55","9QF4|1|B1|G|1303"
"9QF4|1|B1|4AC|1128","ns35","9QF4|1|B1|G|1129"
"9QF4|1|B1|4AC|1128","s53","9QF4|1|B1|C|1127"
"9QF4|1|B1|G|1129","ns53","9QF4|1|B1|4AC|1128"
"9QF4|1|B1|G|1129","s35","9QF4|1|B1|G|1130"
"9QF4|1|B1|G|1129","s55","9QF4|1|B1|G|1302"
"9QF4|1|B1|G|1130","s53","9QF4|1|B1|G|1129"
"9QF4|1|B1|G|1130","s55","9QF4|1|B1|4AC|1301"
"9QF4|1|B1|G|1130","s35","9QF4|1|B1|G|1131"
"9QF4|1|B1|G|1131","s55","9QF4|1|B1|C|1300"
"9QF4|1|B1|G|1131","s35","9QF4|1|B1|G|1132"
"9QF4|1|B1|G|1131","s53","9QF4|1|B1|G|1130"
"9QF4|1|B1|G|1132","s53","9QF4|1|B1|G|1131"
"9QF4|1|B1|G|1132","s55","9QF4|1|B1|C|1299"
"9QF4|1|B1|G|1132","s35","9QF4|1|B1|U|1133"
"9QF4|1|B1|U|1133","s53","9QF4|1|B1|G|1132"
"9QF4|1|B1|U|1133","s35","9QF4|1|B1|U|1134"
"9QF4|1|B1|U|1134","s55","9QF4|1|B1|A|1297"
"9QF4|1|B1|U|1134","ns33","9QF4|1|B1|G|1294"
"9QF4|1|B1|U|1134","s53","9QF4|1|B1|U|1133"
"9QF4|1|B1|A|1135","s55","9QF4|1|B1|A|1295"
"9QF4|1|B1|A|1135","s35","9QF4|1|B1|A|1136"
"9QF4|1|B1|A|1135","s33","9QF4|1|B1|G|1294"
"9QF4|1|B1|A|1136","s53","9QF4|1|B1|A|1135"
"9QF4|1|B1|A|1136","s35","9QF4|1|B1|G|1137"
"9QF4|1|B1|G|1137","s55","9QF4|1|B1|G|1294"
"9QF4|1|B1|G|1137","s35","9QF4|1|B1|G|1138"
"9QF4|1|B1|G|1137","s53","9QF4|1|B1|A|1136"
"9QF4|1|B1|G|1138","s35","9QF4|1|B1|C|1139"
"9QF4|1|B1|G|1138","s53","9QF4|1|B1|G|1137"
"9QF4|1|B1|G|1138","s55","9QF4|1|B1|4AC|1293"
"9QF4|1|B1|C|1139","s53","9QF4|1|B1|G|1138"
"9QF4|1|B1|C|1139","ns35","9QF4|1|B1|G|1146"
"9QF4|1|B1|C|1139","ns53","9QF4|1|B1|A|1145"
"9QF4|1|B1|C|1140","s35","9QF4|1|B1|C|1141"
"9QF4|1|B1|C|1140","s55","9QF4|1|B1|A|1283"
"9QF4|1|B1|C|1141","s35","9QF4|1|B1|C|1142"
"9QF4|1|B1|C|1141","s55","9QF4|1|B1|G|1277"
"9QF4|1|B1|C|1141","s53","9QF4|1|B1|C|1140"
"9QF4|1|B1|C|1142","s55","9QF4|1|B1|G|1276"
"9QF4|1|B1|C|1142","s53","9QF4|1|B1|C|1141"
"9QF4|1|B1|C|1142","s33","9QF4|1|B1|A|1143"
"9QF4|1|B1|A|1143","s33","9QF4|1|B1|C|1142"
"9QF4|1|B1|A|1144","s35","9QF4|1|B1|A|1145"
"9QF4|1|B1|A|1145","s53","9QF4|1|B1|A|1144"
"9QF4|1|B1|A|1145","ns35","9QF4|1|B1|C|1139"
"9QF4|1|B1|G|1146","s35","9QF4|1|B1|G|1148"
"9QF4|1|B1|G|1146","s55","9QF4|1|B1|G|1291"
"9QF4|1|B1|G|1146","ns53","9QF4|1|B1|C|1139"
"9QF4|1|B1|G|1148","s53","9QF4|1|B1|G|1146"
"9QF4|1|B1|G|1148","s55","9QF4|1|B1|4AC|1290"
"9QF4|1|B1|G|1148","s35","9QF4|1|B1|C|1149"
"9QF4|1|B1|C|1149","s35","9QF4|1|B1|4AC|1150"
"9QF4|1|B1|C|1149","s53","9QF4|1|B1|G|1148"
"9QF4|1|B1|4AC|1150","s55","9QF4|1|B1|G|1288"
"9QF4|1|B1|4AC|1150","s53","9QF4|1|B1|C|1149"
"9QF4|1|B1|4AC|1150","ns35","9QF4|1|B1|G|1151"
"9QF4|1|B1|G|1151","ns53","9QF4|1|B1|4AC|1150"
"9QF4|1|B1|G|1151","s55","9QF4|1|B1|G|1287"
"9QF4|1|B1|G|1151","s35","9QF4|1|B1|G|1152"
"9QF4|1|B1|G|1152","s53","9QF4|1|B1|G|1151"
"9QF4|1|B1|G|1152","s55","9QF4|1|B1|4AC|1286"
"9QF4|1|B1|G|1152","s35","9QF4|1|B1|C|1153"
"9QF4|1|B1|C|1153","s53","9QF4|1|B1|G|1152"
"9QF4|1|B1|C|1153","s35","9QF4|1|B1|U|1154"
"9QF4|1|B1|U|1154","s53","9QF4|1|B1|C|1153"
"9QF4|1|B1|U|1154","s55","9QF4|1|B1|G|1284"
"9QF4|1|B1|U|1154","ns35","9QF4|1|B1|A|1155"
"9QF4|1|B1|A|1155","ns53","9QF4|1|B1|A|1282"
"9QF4|1|B1|A|1155","ns53","9QF4|1|B1|U|1154"
"9QF4|1|B1|A|1155","s53","9QF4|1|B1|U|1280"
"9QF4|1|B1|A|1155","s53","9QF4|1|B1|A|1156"
"9QF4|1|B1|A|1156","s35","9QF4|1|B1|A|1155"
"9QF4|1|B1|A|1156","s55","9QF4|1|B1|U|1158"
"9QF4|1|B1|G|1157","s35","9QF4|1|B1|G|1159"
"9QF4|1|B1|G|1157","s33","9QF4|1|B1|C|1279"
"9QF4|1|B1|G|1157","s55","9QF4|1|B1|U|1280"
"9QF4|1|B1|U|1158","s55","9QF4|1|B1|A|1156"
"9QF4|1|B1|U|1158","s35","9QF4|1|B1|G|1159"
"9QF4|1|B1|G|1159","s53","9QF4|1|B1|U|1158"
"9QF4|1|B1|G|1159","s53","9QF4|1|B1|G|1157"
"9QF4|1|B1|G|1159","s35","9QF4|1|B1|U|1160"
"9QF4|1|B1|U|1160","s53","9QF4|1|B1|G|1159"
"9QF4|1|B1|U|1160","s35","9QF4|1|B1|C|1274"
"9QF4|1|B1|U|1161","s35","9QF4|1|B1|C|1166"
"9QF4|1|B1|A|1162","s55","9QF4|1|B2|U|88"
"9QF4|1|B1|A|1162","s35","9QF4|1|B1|C|1163"
"9QF4|1|B1|C|1163","s53","9QF4|1|B1|A|1162"
"9QF4|1|B1|C|1163","s35","9QF4|1|B1|U|1164"
"9QF4|1|B1|U|1164","s53","9QF4|1|B1|C|1163"
"9QF4|1|B1|U|1164","s53","9QF4|1|B1|G|1115"
"9QF4|1|B1|C|1165","s35","9QF4|1|B1|C|1166"
"9QF4|1|B1|C|1166","s53","9QF4|1|B1|C|1165"
"9QF4|1|B1|C|1166","s53","9QF4|1|B1|U|1161"
"9QF4|1|B1|A|1167","ns35","9QF4|1|B1|A|1168"
"9QF4|1|B1|A|1167","s35","9QF4|1|B1|A|1266"
"9QF4|1|B1|A|1168","ns53","9QF4|1|B1|A|1167"
"9QF4|1|B1|A|1168","s35","9QF4|1|B1|A|1169"
"9QF4|1|B1|A|1168","s33","9QF4|1|B1|G|1265"
"9QF4|1|B1|A|1169","s35","9QF4|1|B1|G|1170"
"9QF4|1|B1|A|1169","s53","9QF4|1|B1|A|1168"
"9QF4|1|B1|G|1170","s35","9QF4|1|B1|G|1171"
"9QF4|1|B1|G|1170","s55","9QF4|1|B1|G|1265"
"9QF4|1|B1|G|1170","s53","9QF4|1|B1|A|1169"
"9QF4|1|B1|G|1171","s55","9QF4|1|B1|4AC|1264"
"9QF4|1|B1|G|1171","s53","9QF4|1|B1|G|1170"
"9QF4|1|B1|G|1171","s35","9QF4|1|B1|G|1172"
"9QF4|1|B1|G|1172","s55","9QF4|1|B1|C|1263"
"9QF4|1|B1|G|1172","s53","9QF4|1|B1|G|1171"
"9QF4|1|B1|G|1172","s35","9QF4|1|B1|G|1174"
"9QF4|1|B1|U|1173","s35","9QF4|1|B1|A|2864"
"9QF4|1|B1|G|1174","s55","9QF4|1|B1|C|1262"
"9QF4|1|B1|G|1174","s35","9QF4|1|B1|U|1175"
"9QF4|1|B1|G|1174","s53","9QF4|1|B1|G|1172"
"9QF4|1|B1|U|1175","s35","9QF4|1|B1|C|1176"
"9QF4|1|B1|U|1175","s53","9QF4|1|B1|G|1174"
"9QF4|1|B1|C|1176","s53","9QF4|1|B1|U|1175"
"9QF4|1|B1|C|1176","s35","9QF4|1|B1|C|1177"
"9QF4|1|B1|C|1176","s55","9QF4|1|B1|G|1260"
"9QF4|1|B1|C|1177","s55","9QF4|1|B1|G|1259"
"9QF4|1|B1|C|1177","s53","9QF4|1|B1|C|1176"
"9QF4|1|B1|C|1177","s35","9QF4|1|B1|4AC|1178"
"9QF4|1|B1|4AC|1178","s35","9QF4|1|B1|G|1179"
"9QF4|1|B1|4AC|1178","s53","9QF4|1|B1|C|1177"
"9QF4|1|B1|4AC|1178","s55","9QF4|1|B1|G|1258"
"9QF4|1|B1|G|1179","s53","9QF4|1|B1|4AC|1178"
"9QF4|1|B1|G|1179","s55","9QF4|1|B1|G|1257"
"9QF4|1|B1|G|1179","s35","9QF4|1|B1|G|1180"
"9QF4|1|B1|G|1180","s55","9QF4|1|B1|C|1256"
"9QF4|1|B1|G|1180","s53","9QF4|1|B1|G|1179"
"9QF4|1|B1|G|1180","s35","9QF4|1|B1|G|1181"
"9QF4|1|B1|G|1181","s55","9QF4|1|B1|C|1255"
"9QF4|1|B1|G|1181","s53","9QF4|1|B1|G|1180"
"9QF4|1|B1|G|1181","s35","9QF4|1|B1|C|1182"
"9QF4|1|B1|C|1182","s53","9QF4|1|B1|G|1181"
"9QF4|1|B1|C|1182","s35","9QF4|1|B1|C|1183"
"9QF4|1|B1|C|1183","s35","9QF4|1|B1|U|1184"
"9QF4|1|B1|C|1183","s53","9QF4|1|B1|C|1182"
"9QF4|1|B1|C|1183","s55","9QF4|1|B1|G|1253"
"9QF4|1|B1|U|1184","s53","9QF4|1|B1|C|1183"
"9QF4|1|B1|U|1185","ns55","9QF4|1|B1|G|1252"
"9QF4|1|B1|U|1185","ns53","9QF4|1|B1|A|1251"
"9QF4|1|B1|A|1188","s55","9QF4|1|B1|A|1251"
"9QF4|1|B1|A|1188","s35","9QF4|1|B1|C|1189"
"9QF4|1|B1|C|1189","ns35","9QF4|1|B1|A|1190"
"9QF4|1|B1|C|1189","s53","9QF4|1|B1|A|1188"
"9QF4|1|B1|A|1190","s55","9QF4|1|B1|G|2865"
"9QF4|1|B1|A|1190","s35","9QF4|1|B1|G|1191"
"9QF4|1|B1|A|1190","ns53","9QF4|1|B1|C|1249"
"9QF4|1|B1|A|1190","ns53","9QF4|1|B1|C|1189"
"9QF4|1|B1|G|1191","s53","9QF4|1|B1|A|1190"
"9QF4|1|B1|G|1191","s33","9QF4|1|B1|G|1247"
"9QF4|1|B1|G|1247","s35","9QF4|1|B1|U|1248"
"9QF4|1|B1|G|1247","s33","9QF4|1|B1|G|1191"
"9QF4|1|B1|U|1248","s53","9QF4|1|B1|G|1247"
"9QF4|1|B1|C|1249","ns35","9QF4|1|B1|A|1190"
"9QF4|1|B1|C|1249","ns55","9QF4|1|B1|G|1250"
"9QF4|1|B1|G|1250","ns55","9QF4|1|B1|C|1249"
"9QF4|1|B1|A|1251","ns35","9QF4|1|B1|U|1185"
"9QF4|1|B1|A|1251","s55","9QF4|1|B1|A|1188"
"9QF4|1|B1|G|1252","ns55","9QF4|1|B1|U|1185"
"9QF4|1|B1|G|1252","s35","9QF4|1|B1|G|1253"
"9QF4|1|B1|G|1253","s35","9QF4|1|B1|U|1254"
"9QF4|1|B1|G|1253","s53","9QF4|1|B1|G|1252"
"9QF4|1|B1|G|1253","s55","9QF4|1|B1|C|1183"
"9QF4|1|B1|U|1254","s53","9QF4|1|B1|G|1253"
"9QF4|1|B1|U|1254","s35","9QF4|1|B1|C|1255"
"9QF4|1|B1|C|1255","s55","9QF4|1|B1|G|1181"
"9QF4|1|B1|C|1255","s35","9QF4|1|B1|C|1256"
"9QF4|1|B1|C|1255","s53","9QF4|1|B1|U|1254"
"9QF4|1|B1|C|1256","s55","9QF4|1|B1|G|1180"
"9QF4|1|B1|C|1256","s35","9QF4|1|B1|G|1257"
"9QF4|1|B1|C|1256","s53","9QF4|1|B1|C|1255"
"9QF4|1|B1|G|1257","s35","9QF4|1|B1|G|1258"
"9QF4|1|B1|G|1257","s55","9QF4|1|B1|G|1179"
"9QF4|1|B1|G|1257","s53","9QF4|1|B1|C|1256"
"9QF4|1|B1|G|1258","s53","9QF4|1|B1|G|1257"
"9QF4|1|B1|G|1258","s35","9QF4|1|B1|G|1259"
"9QF4|1|B1|G|1258","s55","9QF4|1|B1|4AC|1178"
"9QF4|1|B1|G|1259","s55","9QF4|1|B1|C|1177"
"9QF4|1|B1|G|1259","s35","9QF4|1|B1|G|1260"
"9QF4|1|B1|G|1259","s53","9QF4|1|B1|G|1258"
"9QF4|1|B1|G|1260","s53","9QF4|1|B1|G|1259"
"9QF4|1|B1|G|1260","s55","9QF4|1|B1|C|1176"
"9QF4|1|B1|G|1260","s35","9QF4|1|B1|C|1261"
"9QF4|1|B1|C|1261","s53","9QF4|1|B1|G|1260"
"9QF4|1|B1|C|1261","s35","9QF4|1|B1|C|1262"
"9QF4|1|B1|C|1262","s55","9QF4|1|B1|G|1174"
"9QF4|1|B1|C|1262","s53","9QF4|1|B1|C|1261"
"9QF4|1|B1|C|1262","s35","9QF4|1|B1|C|1263"
"9QF4|1|B1|C|1263","s53","9QF4|1|B1|C|1262"
"9QF4|1|B1|C|1263","s55","9QF4|1|B1|G|1172"
"9QF4|1|B1|C|1263","s35","9QF4|1|B1|4AC|1264"
"9QF4|1|B1|4AC|1264","s35","9QF4|1|B1|G|1265"
"9QF4|1|B1|4AC|1264","s53","9QF4|1|B1|C|1263"
"9QF4|1|B1|4AC|1264","s55","9QF4|1|B1|G|1171"
"9QF4|1|B1|G|1265","s33","9QF4|1|B1|A|1168"
"9QF4|1|B1|G|1265","ns33","9QF4|1|B1|A|1266"
"9QF4|1|B1|G|1265","s55","9QF4|1|B1|G|1170"
"9QF4|1|B1|G|1265","s53","9QF4|1|B1|4AC|1264"
"9QF4|1|B1|A|1266","ns33","9QF4|1|B1|G|1265"
"9QF4|1|B1|A|1266","s53","9QF4|1|B1|A|1167"
"9QF4|1|B1|A|1267","s33","9QF4|1|B1|A|2634"
"9QF4|1|B1|A|1268","s55","9QF4|1|B1|A|2634"
"9QF4|1|B1|A|1268","s35","9QF4|1|B1|A|1269"
"9QF4|1|B1|A|1269","s53","9QF4|1|B1|A|1268"
"9QF4|1|B1|G|1272","s35","9QF4|1|B1|A|1273"
"9QF4|1|B1|A|1273","s53","9QF4|1|B1|G|1272"
"9QF4|1|B1|C|1274","s53","9QF4|1|B1|U|1160"
"9QF4|1|B1|C|1274","s55","9QF4|1|B1|G|1278"
"9QF4|1|B1|C|1274","ns33","9QF4|1|B1|G|1276"
"9QF4|1|B1|G|1275","ns55","9QF4|1|B1|A|1116"
"9QF4|1|B1|G|1275","s35","9QF4|1|B1|G|1276"
"9QF4|1|B1|G|1276","s55","9QF4|1|B1|C|1142"
"9QF4|1|B1|G|1276","s53","9QF4|1|B1|G|1275"
"9QF4|1|B1|G|1276","ns33","9QF4|1|B1|C|1274"
"9QF4|1|B1|G|1276","s35","9QF4|1|B1|G|1277"
"9QF4|1|B1|G|1277","s55","9QF4|1|B1|C|1141"
"9QF4|1|B1|G|1277","s53","9QF4|1|B1|G|1276"
"9QF4|1|B1|G|1277","s35","9QF4|1|B1|G|1278"
"9QF4|1|B1|G|1278","s53","9QF4|1|B1|G|1277"
"9QF4|1|B1|G|1278","s55","9QF4|1|B1|C|1274"
"9QF4|1|B1|G|1278","s35","9QF4|1|B1|C|1279"
"9QF4|1|B1|C|1279","s33","9QF4|1|B1|G|1157"
"9QF4|1|B1|C|1279","s53","9QF4|1|B1|G|1278"
"9QF4|1|B1|U|1280","s35","9QF4|1|B1|A|1155"
"9QF4|1|B1|U|1280","ns53","9QF4|1|B1|A|1282"
"9QF4|1|B1|U|1280","s55","9QF4|1|B1|G|1157"
"9QF4|1|B1|A|1282","ns35","9QF4|1|B1|U|1280"
"9QF4|1|B1|A|1282","ns35","9QF4|1|B1|A|1155"
"9QF4|1|B1|A|1282","s55","9QF4|1|B1|G|1284"
"9QF4|1|B1|A|1283","s55","9QF4|1|B1|C|1140"
"9QF4|1|B1|G|1284","s55","9QF4|1|B1|U|1154"
"9QF4|1|B1|G|1284","s55","9QF4|1|B1|A|1282"
"9QF4|1|B1|G|1284","s35","9QF4|1|B1|C|1285"
"9QF4|1|B1|C|1285","s35","9QF4|1|B1|4AC|1286"
"9QF4|1|B1|C|1285","s53","9QF4|1|B1|G|1284"
"9QF4|1|B1|4AC|1286","s35","9QF4|1|B1|G|1287"
"9QF4|1|B1|4AC|1286","s53","9QF4|1|B1|C|1285"
"9QF4|1|B1|4AC|1286","s55","9QF4|1|B1|G|1152"
"9QF4|1|B1|G|1287","s53","9QF4|1|B1|4AC|1286"
"9QF4|1|B1|G|1287","s55","9QF4|1|B1|G|1151"
"9QF4|1|B1|G|1287","s35","9QF4|1|B1|G|1288"
"9QF4|1|B1|G|1288","s55","9QF4|1|B1|4AC|1150"
"9QF4|1|B1|G|1288","s35","9QF4|1|B1|C|1289"
"9QF4|1|B1|G|1288","s53","9QF4|1|B1|G|1287"
"9QF4|1|B1|C|1289","s53","9QF4|1|B1|G|1288"
"9QF4|1|B1|C|1289","s35","9QF4|1|B1|4AC|1290"
"9QF4|1|B1|4AC|1290","s53","9QF4|1|B1|C|1289"
"9QF4|1|B1|4AC|1290","s35","9QF4|1|B1|G|1291"
"9QF4|1|B1|4AC|1290","s55","9QF4|1|B1|G|1148"
"9QF4|1|B1|G|1291","s55","9QF4|1|B1|G|1146"
"9QF4|1|B1|G|1291","s53","9QF4|1|B1|4AC|1290"
"9QF4|1|B1|G|1291","s35","9QF4|1|B1|C|1292"
"9QF4|1|B1|C|1292","s53","9QF4|1|B1|G|1291"
"9QF4|1|B1|C|1292","s35","9QF4|1|B1|4AC|1293"
"9QF4|1|B1|4AC|1293","s55","9QF4|1|B1|G|1138"
"9QF4|1|B1|4AC|1293","s35","9QF4|1|B1|G|1294"
"9QF4|1|B1|4AC|1293","s53","9QF4|1|B1|C|1292"
"9QF4|1|B1|G|1294","s55","9QF4|1|B1|G|1137"
"9QF4|1|B1|G|1294","ns33","9QF4|1|B1|U|1134"
"9QF4|1|B1|G|1294","s33","9QF4|1|B1|A|1135"
"9QF4|1|B1|G|1294","s53","9QF4|1|B1|4AC|1293"
"9QF4|1|B1|A|1295","s35","9QF4|1|B1|A|1297"
"9QF4|1|B1|A|1295","s55","9QF4|1|B1|A|1135"
"9QF4|1|B1|A|1297","s53","9QF4|1|B1|A|1295"
"9QF4|1|B1|A|1297","s55","9QF4|1|B1|U|1134"
"9QF4|1|B1|A|1297","s35","9QF4|1|B1|C|1298"
"9QF4|1|B1|C|1298","s53","9QF4|1|B1|A|1297"
"9QF4|1|B1|C|1298","s35","9QF4|1|B1|C|1299"
"9QF4|1|B1|C|1299","s35","9QF4|1|B1|C|1300"
"9QF4|1|B1|C|1299","s55","9QF4|1|B1|G|1132"
"9QF4|1|B1|C|1299","s53","9QF4|1|B1|C|1298"
"9QF4|1|B1|C|1300","s35","9QF4|1|B1|4AC|1301"
"9QF4|1|B1|C|1300","s55","9QF4|1|B1|G|1131"
"9QF4|1|B1|C|1300","s53","9QF4|1|B1|C|1299"
"9QF4|1|B1|4AC|1301","s35","9QF4|1|B1|G|1302"
"9QF4|1|B1|4AC|1301","s55","9QF4|1|B1|G|1130"
"9QF4|1|B1|4AC|1301","s53","9QF4|1|B1|C|1300"
"9QF4|1|B1|G|1302","s35","9QF4|1|B1|G|1303"
"9QF4|1|B1|G|1302","s55","9QF4|1|B1|G|1129"
"9QF4|1|B1|G|1302","s53","9QF4|1|B1|4AC|1301"
"9QF4|1|B1|G|1303","s55","9QF4|1|B1|4AC|1128"
"9QF4|1|B1|G|1303","s53","9QF4|1|B1|G|1302"
"9QF4|1|B1|G|1303","s35","9QF4|1|B1|C|1304"
"9QF4|1|B1|C|1304","s53","9QF4|1|B1|G|1303"
"9QF4|1|B1|C|1304","s35","9QF4|1|B1|G|1305"
"9QF4|1|B1|G|1305","s53","9QF4|1|B1|C|1304"
"9QF4|1|B1|G|1305","s35","9QF4|1|B1|C|1306"
"9QF4|1|B1|G|1305","s55","9QF4|1|B1|G|1329"
"9QF4|1|B1|C|1306","s53","9QF4|1|B1|G|1305"
"9QF4|1|B1|C|1306","s35","9QF4|1|B1|A|1307"
"9QF4|1|B1|A|1307","s55","9QF4|1|B1|G|1325"
"9QF4|1|B1|A|1307","s53","9QF4|1|B1|C|1306"
"9QF4|1|B1|A|1307","s35","9QF4|1|B1|C|1308"
"9QF4|1|B1|C|1308","s35","9QF4|1|B1|G|1309"
"9QF4|1|B1|C|1308","s53","9QF4|1|B1|A|1307"
"9QF4|1|B1|G|1309","s53","9QF4|1|B1|C|1308"
"9QF4|1|B1|G|1309","s55","9QF4|1|B1|G|1323"
"9QF4|1|B1|G|1309","s35","9QF4|1|B1|G|1310"
"9QF4|1|B1|G|1310","s35","9QF4|1|B1|A|1311"
"9QF4|1|B1|G|1310","s53","9QF4|1|B1|G|1309"
"9QF4|1|B1|G|1310","s55","9QF4|1|B1|4AC|1322"
"9QF4|1|B1|A|1311","s55","9QF4|1|B1|C|1321"
"9QF4|1|B1|A|1311","s35","9QF4|1|B1|C|1312"
"9QF4|1|B1|A|1311","s53","9QF4|1|B1|G|1310"
"9QF4|1|B1|C|1312","s35","9QF4|1|B1|4AC|1313"
"9QF4|1|B1|C|1312","s53","9QF4|1|B1|A|1311"
"9QF4|1|B1|4AC|1313","s55","9QF4|1|B1|G|1319"
"9QF4|1|B1|4AC|1313","s53","9QF4|1|B1|C|1312"
"9QF4|1|B1|G|1314","s55","9QF4|1|B1|G|1318"
"9QF4|1|B1|G|1318","s35","9QF4|1|B1|G|1319"
"9QF4|1|B1|G|1318","s55","9QF4|1|B1|G|1314"
"9QF4|1|B1|G|1319","s53","9QF4|1|B1|G|1318"
"9QF4|1|B1|G|1319","s55","9QF4|1|B1|4AC|1313"
"9QF4|1|B1|G|1319","s35","9QF4|1|B1|U|1320"
"9QF4|1|B1|U|1320","s53","9QF4|1|B1|G|1319"
"9QF4|1|B1|U|1320","s35","9QF4|1|B1|C|1321"
"9QF4|1|B1|C|1321","s55","9QF4|1|B1|A|1311"
"9QF4|1|B1|C|1321","s53","9QF4|1|B1|U|1320"
"9QF4|1|B1|C|1321","s35","9QF4|1|B1|4AC|1322"
"9QF4|1|B1|4AC|1322","s55","9QF4|1|B1|G|1310"
"9QF4|1|B1|4AC|1322","s53","9QF4|1|B1|C|1321"
"9QF4|1|B1|G|1323","s55","9QF4|1|B1|G|1309"
"9QF4|1|B1|G|1323","s35","9QF4|1|B1|U|1324"
"9QF4|1|B1|U|1324","s35","9QF4|1|B1|G|1325"
"9QF4|1|B1|U|1324","s53","9QF4|1|B1|G|1323"
"9QF4|1|B1|G|1325","s35","9QF4|1|B1|C|1328"
"9QF4|1|B1|G|1325","s55","9QF4|1|B1|A|1307"
"9QF4|1|B1|G|1325","s53","9QF4|1|B1|U|1324"
"9QF4|1|B1|A|1326","s35","9QF4|1|B1|U|1327"
"9QF4|1|B1|U|1327","s53","9QF4|1|B1|A|1326"
"9QF4|1|B1|C|1328","s53","9QF4|1|B1|G|1325"
"9QF4|1|B1|C|1328","s35","9QF4|1|B1|G|1329"
"9QF4|1|B1|G|1329","s53","9QF4|1|B1|C|1328"
"9QF4|1|B1|G|1329","s55","9QF4|1|B1|G|1305"
"9QF4|1|B1|G|1329","s35","9QF4|1|B1|C|1127"
"9QF4|1|B1|G|1330","s55","9QF4|1|B1|G|1110"
"9QF4|1|B1|G|1330","s35","9QF4|1|B1|G|1331"
"9QF4|1|B1|G|1330","ns53","9QF4|1|B1|A|1126"
"9QF4|1|B1|G|1331","s33","9QF4|1|B1|G|954"
"9QF4|1|B1|G|1331","s53","9QF4|1|B1|G|1330"
"9QF4|1|B1|U|1332","s33","9QF4|1|B1|G|954"
"9QF4|1|B1|U|1332","s55","9QF4|1|B1|A|1109"
"9QF4|1|B1|U|1332","s35","9QF4|1|B1|A|1333"
"9QF4|1|B1|A|1333","s35","9QF4|1|B1|G|1334"
"9QF4|1|B1|A|1333","s53","9QF4|1|B1|U|1332"
"9QF4|1|B1|A|1333","s55","9QF4|1|B1|A|955"
"9QF4|1|B1|G|1334","s55","9QF4|1|B1|G|954"
"9QF4|1|B1|G|1334","s53","9QF4|1|B1|A|1333"
"9QF4|1|B1|G|1334","s35","9QF4|1|B1|G|1335"
"9QF4|1|B1|G|1335","s53","9QF4|1|B1|G|1334"
"9QF4|1|B1|G|1335","s35","9QF4|1|B1|C|1336"
"9QF4|1|B1|G|1335","s55","9QF4|1|B1|4AC|953"
"9QF4|1|B1|C|1336","s35","9QF4|1|B1|G|1337"
"9QF4|1|B1|C|1336","s53","9QF4|1|B1|G|1335"
"9QF4|1|B1|G|1337","s55","9QF4|1|B1|G|951"
"9QF4|1|B1|G|1337","s35","9QF4|1|B1|G|1338"
"9QF4|1|B1|G|1337","s53","9QF4|1|B1|C|1336"
"9QF4|1|B1|G|1338","s53","9QF4|1|B1|G|1337"
"9QF4|1|B1|G|1338","s35","9QF4|1|B1|G|1339"
"9QF4|1|B1|G|1338","s55","9QF4|1|B1|4AC|950"
"9QF4|1|B1|G|1339","s35","9QF4|1|B1|C|1340"
"9QF4|1|B1|G|1339","s53","9QF4|1|B1|G|1338"
"9QF4|1|B1|G|1339","s55","9QF4|1|B1|C|949"
"9QF4|1|B1|C|1340","ns35","9QF4|1|B1|G|1341"
"9QF4|1|B1|C|1340","s53","9QF4|1|B1|G|1339"
"9QF4|1|B1|G|1341","s35","9QF4|1|B1|U|1342"
"9QF4|1|B1|G|1341","ns53","9QF4|1|B1|C|1340"
"9QF4|1|B1|G|1341","s55","9QF4|1|B1|G|1393"
"9QF4|1|B1|U|1342","s53","9QF4|1|B1|G|1341"
"9QF4|1|B1|G|1343","s55","9QF4|1|B1|A|1390"
"9QF4|1|B1|G|1343","s35","9QF4|1|B1|5MC|1344"
"9QF4|1|B1|5MC|1344","s53","9QF4|1|B1|G|1343"
"9QF4|1|B1|5MC|1344","s35","9QF4|1|B1|4AC|1345"
"9QF4|1|B1|4AC|1345","s53","9QF4|1|B1|5MC|1344"
"9QF4|1|B1|4AC|1345","s55","9QF4|1|B1|G|1388"
"9QF4|1|B1|G|1346","s55","9QF4|1|B1|G|1387"
"9QF4|1|B1|G|1346","s35","9QF4|1|B1|G|1347"
"9QF4|1|B1|G|1347","s55","9QF4|1|B1|C|1386"
"9QF4|1|B1|G|1347","s35","9QF4|1|B1|U|1348"
"9QF4|1|B1|G|1347","s53","9QF4|1|B1|G|1346"
"9QF4|1|B1|U|1348","s35","9QF4|1|B1|G|1349"
"9QF4|1|B1|U|1348","s53","9QF4|1|B1|G|1347"
"9QF4|1|B1|G|1349","s35","9QF4|1|B1|G|1350"
"9QF4|1|B1|G|1349","s53","9QF4|1|B1|U|1348"
"9QF4|1|B1|G|1349","s55","9QF4|1|B1|G|1384"
"9QF4|1|B1|G|1350","s53","9QF4|1|B1|G|1349"
"9QF4|1|B1|G|1350","s35","9QF4|1|B1|C|1351"
"9QF4|1|B1|G|1350","s55","9QF4|1|B1|4AC|1383"
"9QF4|1|B1|C|1351","s53","9QF4|1|B1|G|1350"
"9QF4|1|B1|C|1351","ns35","9QF4|1|B1|G|1352"
"9QF4|1|B1|G|1352","s35","9QF4|1|B1|U|372"
"9QF4|1|B1|G|1352","ns53","9QF4|1|B1|C|1351"
"9QF4|1|B1|G|1352","s55","9QF4|1|B1|G|1381"
"9QF4|1|B1|U|1353","ns33","9QF4|1|B1|A|371"
"9QF4|1|B1|U|1353","s53","9QF4|1|B1|A|1380"
"9QF4|1|B1|U|1353","s55","9QF4|1|B1|G|1355"
"9QF4|1|B1|G|1355","s33","9QF4|1|B1|G|1379"
"9QF4|1|B1|G|1355","s55","9QF4|1|B1|U|1353"
"9QF4|1|B1|A|1356","s35","9QF4|1|B1|A|1357"
"9QF4|1|B1|A|1356","s55","9QF4|1|B1|A|1380"
"9QF4|1|B1|A|1357","s35","9QF4|1|B1|G|1358"
"9QF4|1|B1|A|1357","s53","9QF4|1|B1|A|1356"
"9QF4|1|B1|G|1358","s35","9QF4|1|B1|C|1359"
"9QF4|1|B1|G|1358","ns55","9QF4|1|B1|G|1378"
"9QF4|1|B1|G|1358","s53","9QF4|1|B1|A|1357"
"9QF4|1|B1|C|1359","s53","9QF4|1|B1|G|1358"
"9QF4|1|B1|C|1359","s35","9QF4|1|B1|C|1360"
"9QF4|1|B1|C|1360","s55","9QF4|1|B1|G|1376"
"9QF4|1|B1|C|1360","s53","9QF4|1|B1|C|1359"
"9QF4|1|B1|C|1360","s35","9QF4|1|B1|G|1361"
"9QF4|1|B1|G|1361","s53","9QF4|1|B1|C|1360"
"9QF4|1|B1|G|1361","s55","9QF4|1|B1|G|1375"
"9QF4|1|B1|G|1361","s35","9QF4|1|B1|G|1362"
"9QF4|1|B1|G|1362","s55","9QF4|1|B1|4AC|1374"
"9QF4|1|B1|G|1362","s53","9QF4|1|B1|G|1361"
"9QF4|1|B1|G|1362","s35","9QF4|1|B1|G|1363"
"9QF4|1|B1|G|1363","s55","9QF4|1|B1|C|1373"
"9QF4|1|B1|G|1363","s53","9QF4|1|B1|G|1362"
"9QF4|1|B1|G|1363","s35","9QF4|1|B1|C|1364"
"9QF4|1|B1|C|1364","s53","9QF4|1|B1|G|1363"
"9QF4|1|B1|C|1364","s35","9QF4|1|B1|C|1365"
"9QF4|1|B1|C|1365","s53","9QF4|1|B1|C|1364"
"9QF4|1|B1|C|1365","s35","9QF4|1|B1|G|1366"
"9QF4|1|B1|C|1365","s55","9QF4|1|B1|G|1371"
"9QF4|1|B1|G|1366","ns33","9QF4|1|B1|A|1368"
"9QF4|1|B1|G|1366","s53","9QF4|1|B1|C|1365"
"9QF4|1|B1|G|1366","s55","9QF4|1|B1|G|1370"
"9QF4|1|B1|U|1367","s35","9QF4|1|B1|A|1368"
"9QF4|1|B1|A|1368","ns33","9QF4|1|B1|G|1366"
"9QF4|1|B1|A|1368","s35","9QF4|1|B1|A|1369"
"9QF4|1|B1|A|1368","s53","9QF4|1|B1|U|1367"
"9QF4|1|B1|A|1369","s53","9QF4|1|B1|A|1368"
"9QF4|1|B1|G|1370","s35","9QF4|1|B1|G|1371"
"9QF4|1|B1|G|1370","s55","9QF4|1|B1|G|1366"
"9QF4|1|B1|G|1371","s53","9QF4|1|B1|G|1370"
"9QF4|1|B1|G|1371","s55","9QF4|1|B1|C|1365"
"9QF4|1|B1|G|1371","s35","9QF4|1|B1|U|1372"
"9QF4|1|B1|U|1372","s53","9QF4|1|B1|G|1371"
"9QF4|1|B1|U|1372","s35","9QF4|1|B1|C|1373"
"9QF4|1|B1|C|1373","s35","9QF4|1|B1|4AC|1374"
"9QF4|1|B1|C|1373","s53","9QF4|1|B1|U|1372"
"9QF4|1|B1|C|1373","s55","9QF4|1|B1|G|1363"
"9QF4|1|B1|4AC|1374","s35","9QF4|1|B1|G|1375"
"9QF4|1|B1|4AC|1374","s53","9QF4|1|B1|C|1373"
"9QF4|1|B1|4AC|1374","s55","9QF4|1|B1|G|1362"
"9QF4|1|B1|G|1375","s55","9QF4|1|B1|G|1361"
"9QF4|1|B1|G|1375","s35","9QF4|1|B1|G|1376"
"9QF4|1|B1|G|1375","s53","9QF4|1|B1|4AC|1374"
"9QF4|1|B1|G|1376","s55","9QF4|1|B1|C|1360"
"9QF4|1|B1|G|1376","s53","9QF4|1|B1|G|1375"
"9QF4|1|B1|G|1376","s35","9QF4|1|B1|U|1377"
"9QF4|1|B1|U|1377","s53","9QF4|1|B1|G|1376"
"9QF4|1|B1|U|1377","s35","9QF4|1|B1|G|1378"
"9QF4|1|B1|G|1378","s53","9QF4|1|B1|U|1377"
"9QF4|1|B1|G|1378","ns55","9QF4|1|B1|G|1358"
"9QF4|1|B1|G|1378","s35","9QF4|1|B1|G|1379"
"9QF4|1|B1|G|1379","s53","9QF4|1|B1|G|1378"
"9QF4|1|B1|G|1379","s35","9QF4|1|B1|A|1380"
"9QF4|1|B1|G|1379","s33","9QF4|1|B1|G|1355"
"9QF4|1|B1|A|1380","s53","9QF4|1|B1|G|1379"
"9QF4|1|B1|A|1380","ns55","9QF4|1|B1|G|1381"
"9QF4|1|B1|A|1380","s55","9QF4|1|B1|A|1356"
"9QF4|1|B1|A|1380","s35","9QF4|1|B1|U|1353"
"9QF4|1|B1|G|1381","s55","9QF4|1|B1|G|1352"
"9QF4|1|B1|G|1381","ns55","9QF4|1|B1|A|1380"
"9QF4|1|B1|G|1381","s35","9QF4|1|B1|C|1382"
"9QF4|1|B1|C|1382","s53","9QF4|1|B1|G|1381"
"9QF4|1|B1|C|1382","s35","9QF4|1|B1|4AC|1383"
"9QF4|1|B1|4AC|1383","s53","9QF4|1|B1|C|1382"
"9QF4|1|B1|4AC|1383","s55","9QF4|1|B1|G|1350"
"9QF4|1|B1|G|1384","s55","9QF4|1|B1|G|1349"
"9QF4|1|B1|G|1384","s35","9QF4|1|B1|C|1385"
"9QF4|1|B1|C|1385","s53","9QF4|1|B1|G|1384"
"9QF4|1|B1|C|1385","s35","9QF4|1|B1|C|1386"
"9QF4|1|B1|C|1386","s55","9QF4|1|B1|G|1347"
"9QF4|1|B1|C|1386","s53","9QF4|1|B1|C|1385"
"9QF4|1|B1|C|1386","s35","9QF4|1|B1|G|1387"
"9QF4|1|B1|G|1387","s55","9QF4|1|B1|G|1346"
"9QF4|1|B1|G|1387","s35","9QF4|1|B1|G|1388"
"9QF4|1|B1|G|1387","s53","9QF4|1|B1|C|1386"
"9QF4|1|B1|G|1388","s55","9QF4|1|B1|4AC|1345"
"9QF4|1|B1|G|1388","s35","9QF4|1|B1|U|1389"
"9QF4|1|B1|G|1388","s53","9QF4|1|B1|G|1387"
"9QF4|1|B1|U|1389","s35","9QF4|1|B1|A|1390"
"9QF4|1|B1|U|1389","s53","9QF4|1|B1|G|1388"
"9QF4|1|B1|A|1390","s35","9QF4|1|B1|C|1392"
"9QF4|1|B1|A|1390","s53","9QF4|1|B1|U|1389"
"9QF4|1|B1|A|1390","s55","9QF4|1|B1|G|1343"
"9QF4|1|B1|C|1392","s53","9QF4|1|B1|A|1390"
"9QF4|1|B1|G|1393","s55","9QF4|1|B1|G|1341"
"9QF4|1|B1|G|1393","s35","9QF4|1|B1|C|948"
"9QF4|1|B1|C|1394","s33","9QF4|1|B1|G|677"
"9QF4|1|B1|C|1394","s55","9QF4|1|B1|U|947"
"9QF4|1|B1|G|1395","s35","9QF4|1|B1|G|1396"
"9QF4|1|B1|G|1396","s53","9QF4|1|B1|G|1395"
"9QF4|1|B1|A|1397","s55","9QF4|1|B1|A|678"
"9QF4|1|B1|A|1397","ns35","9QF4|1|B1|C|1399"
"9QF4|1|B1|C|1399","s55","9QF4|1|B1|G|677"
"9QF4|1|B1|C|1399","ns53","9QF4|1|B1|A|1397"
"9QF4|1|B1|C|1399","s35","9QF4|1|B1|C|1400"
"9QF4|1|B1|C|1400","s53","9QF4|1|B1|C|1399"
"9QF4|1|B1|C|1400","s55","9QF4|1|B1|G|676"
"9QF4|1|B1|C|1400","s35","9QF4|1|B1|U|1401"
"9QF4|1|B1|U|1401","s35","9QF4|1|B1|G|1402"
"9QF4|1|B1|U|1401","s55","9QF4|1|B1|OMG|675"
"9QF4|1|B1|U|1401","s53","9QF4|1|B1|C|1400"
"9QF4|1|B1|G|1402","s55","9QF4|1|B1|A|674"
"9QF4|1|B1|G|1402","s53","9QF4|1|B1|U|1401"
"9QF4|1|B1|G|1402","s35","9QF4|1|B1|C|1403"
"9QF4|1|B1|C|1403","s53","9QF4|1|B1|G|1402"
"9QF4|1|B1|C|1403","s35","9QF4|1|B1|C|1404"
"9QF4|1|B1|C|1404","s55","9QF4|1|B1|G|672"
"9QF4|1|B1|C|1404","ns35","9QF4|1|B1|G|1405"
"9QF4|1|B1|C|1404","s53","9QF4|1|B1|C|1403"
"9QF4|1|B1|G|1405","s35","9QF4|1|B1|G|1406"
"9QF4|1|B1|G|1405","ns53","9QF4|1|B1|C|1404"
"9QF4|1|B1|G|1405","s55","9QF4|1|B1|G|671"
"9QF4|1|B1|G|1406","s35","9QF4|1|B1|G|1407"
"9QF4|1|B1|G|1406","s55","9QF4|1|B1|C|2142"
"9QF4|1|B1|G|1406","s53","9QF4|1|B1|G|1405"
"9QF4|1|B1|G|1407","s33","9QF4|1|B1|A|2139"
"9QF4|1|B1|G|1407","s33","9QF4|1|B1|A|1408"
"9QF4|1|B1|G|1407","s55","9QF4|1|B1|C|2141"
"9QF4|1|B1|G|1407","s53","9QF4|1|B1|G|1406"
"9QF4|1|B1|A|1408","s53","9QF4|1|B1|A|2138"
"9QF4|1|B1|A|1408","s55","9QF4|1|B1|U|1410"
"9QF4|1|B1|A|1408","s33","9QF4|1|B1|G|1407"
"9QF4|1|B1|G|1409","s33","9QF4|1|B1|G|2137"
"9QF4|1|B1|U|1410","s55","9QF4|1|B1|A|1408"
"9QF4|1|B1|U|1410","s33","9QF4|1|B1|G|2137"
"9QF4|1|B1|U|1410","ns35","9QF4|1|B1|A|1411"
"9QF4|1|B1|A|1411","ns53","9QF4|1|B1|U|1410"
"9QF4|1|B1|A|1411","s55","9QF4|1|B1|A|2138"
"9QF4|1|B1|A|1411","s35","9QF4|1|B1|G|1412"
"9QF4|1|B1|G|1412","s53","9QF4|1|B1|A|1411"
"9QF4|1|B1|G|1412","ns55","9QF4|1|B1|G|2137"
"9QF4|1|B1|G|1412","s35","9QF4|1|B1|C|1413"
"9QF4|1|B1|C|1413","s53","9QF4|1|B1|G|1412"
"9QF4|1|B1|C|1413","ns35","9QF4|1|B1|C|1807"
"9QF4|1|B1|A|1414","s35","9QF4|1|B1|G|1415"
"9QF4|1|B1|G|1415","s53","9QF4|1|B1|A|1414"
"9QF4|1|B1|C|1416","s35","9QF4|1|B1|G|1805"
"9QF4|1|B1|C|1416","s55","9QF4|1|B1|A|1775"
"9QF4|1|B1|G|1417","ns33","9QF4|1|B1|G|1805"
"9QF4|1|B1|G|1417","s55","9QF4|1|B1|G|1446"
"9QF4|1|B1|G|1420","s55","9QF4|1|B1|4AC|1439"
"9QF4|1|B1|G|1420","s53","9QF4|1|B1|G|1803"
"9QF4|1|B1|G|1420","s35","9QF4|1|B1|U|1421"
"9QF4|1|B1|U|1421","s53","9QF4|1|B1|G|1420"
"9QF4|1|B1|U|1421","s35","9QF4|1|B1|C|1422"
"9QF4|1|B1|C|1422","s53","9QF4|1|B1|U|1421"
"9QF4|1|B1|C|1422","ns55","9QF4|1|B1|A|1437"
"9QF4|1|B1|C|1422","s35","9QF4|1|B1|G|1423"
"9QF4|1|B1|G|1423","s35","9QF4|1|B1|G|1424"
"9QF4|1|B1|G|1423","s53","9QF4|1|B1|C|1422"
"9QF4|1|B1|G|1423","s55","9QF4|1|B1|G|1436"
"9QF4|1|B1|G|1424","s53","9QF4|1|B1|G|1423"
"9QF4|1|B1|G|1424","s35","9QF4|1|B1|G|1425"
"9QF4|1|B1|G|1424","s55","9QF4|1|B1|4AC|1435"
"9QF4|1|B1|G|1425","s35","9QF4|1|B1|U|1426"
"9QF4|1|B1|G|1425","s55","9QF4|1|B1|C|1434"
"9QF4|1|B1|G|1425","s53","9QF4|1|B1|G|1424"
"9QF4|1|B1|U|1426","s35","9QF4|1|B1|G|1427"
"9QF4|1|B1|U|1426","s53","9QF4|1|B1|G|1425"
"9QF4|1|B1|G|1427","s55","9QF4|1|B1|A|1430"
"9QF4|1|B1|G|1427","ns33","9QF4|1|B1|G|1429"
"9QF4|1|B1|G|1427","s53","9QF4|1|B1|U|1426"
"9QF4|1|B1|A|1428","s35","9QF4|1|B1|G|1429"
"9QF4|1|B1|A|1428","s55","9QF4|1|B1|G|529"
"9QF4|1|B1|G|1429","s35","9QF4|1|B1|U|1473"
"9QF4|1|B1|G|1429","s53","9QF4|1|B1|A|1428"
"9QF4|1|B1|G|1429","ns33","9QF4|1|B1|G|1427"
"9QF4|1|B1|A|1430","s53","9QF4|1|B1|U|1473"
"9QF4|1|B1|A|1430","s55","9QF4|1|B1|G|1427"
"9QF4|1|B1|A|1430","s35","9QF4|1|B1|C|1433"
"9QF4|1|B1|A|1431","s35","9QF4|1|B1|U|1432"
"9QF4|1|B1|U|1432","s35","9QF4|1|B1|C|1471"
"9QF4|1|B1|U|1432","s53","9QF4|1|B1|A|1431"
"9QF4|1|B1|C|1433","ns35","9QF4|1|B1|C|1434"
"9QF4|1|B1|C|1433","s53","9QF4|1|B1|A|1430"
"9QF4|1|B1|C|1434","s55","9QF4|1|B1|G|1425"
"9QF4|1|B1|C|1434","ns53","9QF4|1|B1|C|1433"
"9QF4|1|B1|C|1434","s35","9QF4|1|B1|4AC|1435"
"9QF4|1|B1|4AC|1435","s53","9QF4|1|B1|C|1434"
"9QF4|1|B1|4AC|1435","s55","9QF4|1|B1|G|1424"
"9QF4|1|B1|4AC|1435","s35","9QF4|1|B1|G|1436"
"9QF4|1|B1|G|1436","s53","9QF4|1|B1|4AC|1435"
"9QF4|1|B1|G|1436","s35","9QF4|1|B1|A|1437"
"9QF4|1|B1|G|1436","s55","9QF4|1|B1|G|1423"
"9QF4|1|B1|A|1437","s53","9QF4|1|B1|G|1436"
"9QF4|1|B1|A|1437","ns55","9QF4|1|B1|C|1422"
"9QF4|1|B1|A|1437","s35","9QF4|1|B1|C|1438"
"9QF4|1|B1|C|1438","s53","9QF4|1|B1|A|1437"
"9QF4|1|B1|C|1438","s35","9QF4|1|B1|4AC|1439"
"9QF4|1|B1|4AC|1439","s53","9QF4|1|B1|C|1438"
"9QF4|1|B1|4AC|1439","ns35","9QF4|1|B1|G|1440"
"9QF4|1|B1|4AC|1439","s55","9QF4|1|B1|G|1420"
"9QF4|1|B1|G|1440","ns53","9QF4|1|B1|4AC|1439"
"9QF4|1|B1|G|1440","s35","9QF4|1|B1|C|1441"
"9QF4|1|B1|G|1440","s55","9QF4|1|B1|G|1803"
"9QF4|1|B1|C|1441","s35","9QF4|1|B1|4AC|1442"
"9QF4|1|B1|C|1441","s53","9QF4|1|B1|G|1440"
"9QF4|1|B1|4AC|1442","s35","9QF4|1|B1|G|1443"
"9QF4|1|B1|4AC|1442","s55","9QF4|1|B1|G|1801"
"9QF4|1|B1|4AC|1442","s53","9QF4|1|B1|C|1441"
"9QF4|1|B1|G|1443","s33","9QF4|1|B1|U|1797"
"9QF4|1|B1|G|1443","ns55","9QF4|1|B1|G|1800"
"9QF4|1|B1|G|1443","s53","9QF4|1|B1|4AC|1442"
"9QF4|1|B1|G|1444","s35","9QF4|1|B1|A|1792"
"9QF4|1|B1|G|1444","s53","9QF4|1|B1|U|1784"
"9QF4|1|B1|A|1445","s35","9QF4|1|B1|G|1447"
"9QF4|1|B1|G|1446","ns33","9QF4|1|B1|G|1801"
"9QF4|1|B1|G|1446","s55","9QF4|1|B1|G|1417"
"9QF4|1|B1|G|1447","s35","9QF4|1|B1|G|1448"
"9QF4|1|B1|G|1447","s53","9QF4|1|B1|A|1445"
"9QF4|1|B1|G|1447","s55","9QF4|1|B1|U|1784"
"9QF4|1|B1|G|1448","s35","9QF4|1|B1|G|1449"
"9QF4|1|B1|G|1448","s53","9QF4|1|B1|G|1447"
"9QF4|1|B1|G|1448","s55","9QF4|1|B1|C|1783"
"9QF4|1|B1|G|1449","s55","9QF4|1|B1|C|1782"
"9QF4|1|B1|G|1449","s53","9QF4|1|B1|G|1448"
"9QF4|1|B1|G|1449","s35","9QF4|1|B1|C|1450"
"9QF4|1|B1|G|1449","ns35","9QF4|1|B1|G|1779"
"9QF4|1|B1|C|1450","s33","9QF4|1|B1|G|1763"
"9QF4|1|B1|C|1450","s53","9QF4|1|B1|G|1449"
"9QF4|1|B1|C|1451","ns35","9QF4|1|B1|A|1764"
"9QF4|1|B1|C|1451","s53","9QF4|1|B1|G|1779"
"9QF4|1|B1|C|1451","s35","9QF4|1|B1|A|1452"
"9QF4|1|B1|A|1452","s53","9QF4|1|B1|C|1451"
"9QF4|1|B1|A|1452","s35","9QF4|1|B1|G|1453"
"9QF4|1|B1|G|1453","s35","9QF4|1|B1|G|1454"
"9QF4|1|B1|G|1453","s53","9QF4|1|B1|A|1452"
"9QF4|1|B1|G|1454","s55","9QF4|1|B1|4AC|1762"
"9QF4|1|B1|G|1454","s53","9QF4|1|B1|G|1453"
"9QF4|1|B1|G|1454","s33","9QF4|1|B1|G|1455"
"9QF4|1|B1|G|1454","s35","9QF4|1|B1|U|1457"
"9QF4|1|B1|G|1455","s33","9QF4|1|B1|G|1454"
"9QF4|1|B1|U|1456","s53","9QF4|1|B1|U|1457"
"9QF4|1|B1|U|1456","s55","9QF4|1|B1|A|1760"
"9QF4|1|B1|U|1457","s53","9QF4|1|B1|G|1454"
"9QF4|1|B1|U|1457","s35","9QF4|1|B1|U|1456"
"9QF4|1|B1|U|1457","ns55","9QF4|1|B1|A|1767"
"9QF4|1|B1|C|1458","ns35","9QF4|1|B1|C|1459"
"9QF4|1|B1|C|1458","s55","9QF4|1|B1|G|1483"
"9QF4|1|B1|C|1459","s55","9QF4|1|B1|G|1482"
"9QF4|1|B1|C|1459","s35","9QF4|1|B1|A|1460"
"9QF4|1|B1|C|1459","ns53","9QF4|1|B1|C|1458"
"9QF4|1|B1|A|1460","s35","9QF4|1|B1|C|1461"
"9QF4|1|B1|A|1460","s53","9QF4|1|B1|C|1459"
"9QF4|1|B1|A|1460","s55","9QF4|1|B1|G|1481"
"9QF4|1|B1|C|1461","s35","9QF4|1|B1|G|1462"
"9QF4|1|B1|C|1461","s53","9QF4|1|B1|A|1460"
"9QF4|1|B1|G|1462","s55","9QF4|1|B1|G|1479"
"9QF4|1|B1|G|1462","s35","9QF4|1|B1|G|1463"
"9QF4|1|B1|G|1462","s53","9QF4|1|B1|C|1461"
"9QF4|1|B1|G|1463","s55","9QF4|1|B1|4AC|1478"
"9QF4|1|B1|G|1463","s53","9QF4|1|B1|G|1462"
"9QF4|1|B1|G|1463","s35","9QF4|1|B1|C|1464"
"9QF4|1|B1|C|1464","s33","9QF4|1|B1|C|1474"
"9QF4|1|B1|C|1464","s53","9QF4|1|B1|G|1463"
"9QF4|1|B1|A|1465","s35","9QF4|1|B1|A|1466"
"9QF4|1|B1|A|1466","s53","9QF4|1|B1|A|1465"
"9QF4|1|B1|A|1466","s35","9QF4|1|B1|U|1467"
"9QF4|1|B1|U|1467","s35","9QF4|1|B1|G|1468"
"9QF4|1|B1|U|1467","s53","9QF4|1|B1|A|1466"
"9QF4|1|B1|G|1468","s33","9QF4|1|B1|G|1472"
"9QF4|1|B1|G|1468","s55","9QF4|1|B1|A|1475"
"9QF4|1|B1|G|1468","s53","9QF4|1|B1|U|1467"
"9QF4|1|B1|U|1470","s35","9QF4|1|B1|C|1471"
"9QF4|1|B1|C|1471","s35","9QF4|1|B1|G|1472"
"9QF4|1|B1|C|1471","s53","9QF4|1|B1|U|1470"
"9QF4|1|B1|C|1471","s53","9QF4|1|B1|U|1432"
"9QF4|1|B1|G|1472","s53","9QF4|1|B1|C|1471"
"9QF4|1|B1|G|1472","s33","9QF4|1|B1|G|1468"
"9QF4|1|B1|G|1472","s35","9QF4|1|B1|C|1474"
"9QF4|1|B1|U|1473","s53","9QF4|1|B1|G|1429"
"9QF4|1|B1|U|1473","s35","9QF4|1|B1|A|1430"
"9QF4|1|B1|C|1474","s53","9QF4|1|B1|G|1472"
"9QF4|1|B1|C|1474","s33","9QF4|1|B1|C|1464"
"9QF4|1|B1|C|1474","s35","9QF4|1|B1|A|1475"
"9QF4|1|B1|A|1475","s35","9QF4|1|B1|C|1477"
"9QF4|1|B1|A|1475","s53","9QF4|1|B1|C|1474"
"9QF4|1|B1|A|1475","s55","9QF4|1|B1|G|1468"
"9QF4|1|B1|G|1476","s53","9QF4|1|B1|A|1766"
"9QF4|1|B1|C|1477","ns35","9QF4|1|B1|4AC|1478"
"9QF4|1|B1|C|1477","s53","9QF4|1|B1|A|1475"
"9QF4|1|B1|4AC|1478","s55","9QF4|1|B1|G|1463"
"9QF4|1|B1|4AC|1478","s35","9QF4|1|B1|G|1479"
"9QF4|1|B1|4AC|1478","ns53","9QF4|1|B1|C|1477"
"9QF4|1|B1|G|1479","s53","9QF4|1|B1|4AC|1478"
"9QF4|1|B1|G|1479","s55","9QF4|1|B1|G|1462"
"9QF4|1|B1|G|1479","s35","9QF4|1|B1|U|1480"
"9QF4|1|B1|U|1480","s53","9QF4|1|B1|G|1479"
"9QF4|1|B1|U|1480","s35","9QF4|1|B1|G|1481"
"9QF4|1|B1|G|1481","s53","9QF4|1|B1|U|1480"
"9QF4|1|B1|G|1481","s55","9QF4|1|B1|A|1460"
"9QF4|1|B1|G|1481","s35","9QF4|1|B1|G|1482"
"9QF4|1|B1|G|1482","s55","9QF4|1|B1|C|1459"
"9QF4|1|B1|G|1482","s53","9QF4|1|B1|G|1481"
"9QF4|1|B1|G|1482","s35","9QF4|1|B1|G|1483"
"9QF4|1|B1|G|1483","ns35","9QF4|1|B1|U|1484"
"9QF4|1|B1|G|1483","s53","9QF4|1|B1|G|1482"
"9QF4|1|B1|G|1483","s55","9QF4|1|B1|C|1458"
"9QF4|1|B1|U|1484","ns55","9QF4|1|B1|A|1760"
"9QF4|1|B1|U|1484","ns53","9QF4|1|B1|G|1483"
"9QF4|1|B1|U|1485","ns35","9QF4|1|B1|A|1541"
"9QF4|1|B1|A|1486","s55","9QF4|1|B1|U|1543"
"9QF4|1|B1|A|1486","s35","9QF4|1|B1|OMC|1489"
"9QF4|1|B1|G|1487","s53","9QF4|1|B1|G|1754"
"9QF4|1|B1|G|1487","s55","9QF4|1|B1|4AC|1551"
"9QF4|1|B1|G|1487","s35","9QF4|1|B1|OMU|1488"
"9QF4|1|B1|OMU|1488","s53","9QF4|1|B1|G|1487"
"9QF4|1|B1|OMU|1488","ns35","9QF4|1|B1|A|1531"
"9QF4|1|B1|OMC|1489","s53","9QF4|1|B1|A|1486"
"9QF4|1|B1|OMC|1489","s35","9QF4|1|B1|G|1490"
"9QF4|1|B1|G|1490","s55","9QF4|1|B1|G|1758"
"9QF4|1|B1|G|1490","s53","9QF4|1|B1|OMC|1489"
"9QF4|1|B1|G|1490","s35","9QF4|1|B1|G|1491"
"9QF4|1|B1|G|1491","s53","9QF4|1|B1|G|1490"
"9QF4|1|B1|G|1491","s35","9QF4|1|B1|U|1492"
"9QF4|1|B1|G|1491","s55","9QF4|1|B1|4AC|1757"
"9QF4|1|B1|U|1492","s53","9QF4|1|B1|G|1491"
"9QF4|1|B1|C|1493","s55","9QF4|1|B1|G|1528"
"9QF4|1|B1|C|1493","s35","9QF4|1|B1|C|1494"
"9QF4|1|B1|C|1494","s55","9QF4|1|B1|G|1527"
"9QF4|1|B1|C|1494","s35","9QF4|1|B1|U|1495"
"9QF4|1|B1|C|1494","s53","9QF4|1|B1|C|1493"
"9QF4|1|B1|U|1495","s33","9QF4|1|B1|G|1522"
"9QF4|1|B1|U|1495","s53","9QF4|1|B1|C|1494"
"9QF4|1|B1|A|1496","s35","9QF4|1|B1|A|1497"
"9QF4|1|B1|A|1496","s55","9QF4|1|B1|A|1523"
"9QF4|1|B1|A|1496","s33","9QF4|1|B1|G|1522"
"9QF4|1|B1|A|1497","s35","9QF4|1|B1|C|1498"
"9QF4|1|B1|A|1497","s53","9QF4|1|B1|A|1496"
"9QF4|1|B1|C|1498","s35","9QF4|1|B1|C|1499"
"9QF4|1|B1|C|1498","s53","9QF4|1|B1|A|1497"
"9QF4|1|B1|C|1498","s55","9QF4|1|B1|G|1522"
"9QF4|1|B1|C|1499","s55","9QF4|1|B1|G|1521"
"9QF4|1|B1|C|1499","s53","9QF4|1|B1|C|1498"
"9QF4|1|B1|C|1499","s35","9QF4|1|B1|C|1500"
"9QF4|1|B1|C|1500","s55","9QF4|1|B1|G|1520"
"9QF4|1|B1|C|1500","s35","9QF4|1|B1|4AC|1501"
"9QF4|1|B1|C|1500","s53","9QF4|1|B1|C|1499"
"9QF4|1|B1|4AC|1501","s53","9QF4|1|B1|C|1500"
"9QF4|1|B1|4AC|1501","ns35","9QF4|1|B1|G|1502"
"9QF4|1|B1|4AC|1501","s55","9QF4|1|B1|G|1519"
"9QF4|1|B1|G|1502","ns53","9QF4|1|B1|4AC|1501"
"9QF4|1|B1|G|1502","s55","9QF4|1|B1|G|1518"
"9QF4|1|B1|G|1502","s35","9QF4|1|B1|C|1503"
"9QF4|1|B1|C|1503","s35","9QF4|1|B1|C|1504"
"9QF4|1|B1|C|1503","s53","9QF4|1|B1|G|1502"
"9QF4|1|B1|C|1504","s35","9QF4|1|B1|4AC|1505"
"9QF4|1|B1|C|1504","s53","9QF4|1|B1|C|1503"
"9QF4|1|B1|C|1504","ns55","9QF4|1|B1|G|1516"
"9QF4|1|B1|4AC|1505","s53","9QF4|1|B1|C|1504"
"9QF4|1|B1|4AC|1505","s35","9QF4|1|B1|G|1506"
"9QF4|1|B1|4AC|1505","s55","9QF4|1|B1|G|1514"
"9QF4|1|B1|G|1506","s55","9QF4|1|B1|G|1513"
"9QF4|1|B1|G|1506","s35","9QF4|1|B1|U|1507"
"9QF4|1|B1|G|1506","s53","9QF4|1|B1|4AC|1505"
"9QF4|1|B1|U|1507","s53","9QF4|1|B1|G|1506"
"9QF4|1|B1|A|1508","s35","9QF4|1|B1|A|1509"
"9QF4|1|B1|A|1509","s53","9QF4|1|B1|A|1508"
"9QF4|1|B1|A|1509","s35","9QF4|1|B1|C|1510"
"9QF4|1|B1|C|1510","s53","9QF4|1|B1|A|1509"
"9QF4|1|B1|C|1510","s35","9QF4|1|B1|C|1512"
"9QF4|1|B1|C|1512","ns35","9QF4|1|B1|G|1513"
"9QF4|1|B1|C|1512","s53","9QF4|1|B1|C|1510"
"9QF4|1|B1|G|1513","ns53","9QF4|1|B1|C|1512"
"9QF4|1|B1|G|1513","s35","9QF4|1|B1|G|1514"
"9QF4|1|B1|G|1513","s55","9QF4|1|B1|G|1506"
"9QF4|1|B1|G|1514","s35","9QF4|1|B1|C|1515"
"9QF4|1|B1|G|1514","s55","9QF4|1|B1|4AC|1505"
"9QF4|1|B1|G|1514","s53","9QF4|1|B1|G|1513"
"9QF4|1|B1|C|1515","s53","9QF4|1|B1|G|1514"
"9QF4|1|B1|C|1515","s35","9QF4|1|B1|G|1516"
"9QF4|1|B1|G|1516","s35","9QF4|1|B1|C|1517"
"9QF4|1|B1|G|1516","ns55","9QF4|1|B1|C|1504"
"9QF4|1|B1|G|1516","s53","9QF4|1|B1|C|1515"
"9QF4|1|B1|C|1517","s53","9QF4|1|B1|G|1516"
"9QF4|1|B1|C|1517","s35","9QF4|1|B1|G|1518"
"9QF4|1|B1|G|1518","s55","9QF4|1|B1|G|1502"
"9QF4|1|B1|G|1518","s35","9QF4|1|B1|G|1519"
"9QF4|1|B1|G|1518","s53","9QF4|1|B1|C|1517"
"9QF4|1|B1|G|1519","s53","9QF4|1|B1|G|1518"
"9QF4|1|B1|G|1519","s55","9QF4|1|B1|4AC|1501"
"9QF4|1|B1|G|1519","s35","9QF4|1|B1|G|1520"
"9QF4|1|B1|G|1520","s53","9QF4|1|B1|G|1519"
"9QF4|1|B1|G|1520","s35","9QF4|1|B1|G|1521"
"9QF4|1|B1|G|1520","s55","9QF4|1|B1|C|1500"
"9QF4|1|B1|G|1521","s55","9QF4|1|B1|C|1499"
"9QF4|1|B1|G|1521","s53","9QF4|1|B1|G|1520"
"9QF4|1|B1|G|1521","s35","9QF4|1|B1|G|1522"
"9QF4|1|B1|G|1522","s33","9QF4|1|B1|U|1495"
"9QF4|1|B1|G|1522","s33","9QF4|1|B1|A|1496"
"9QF4|1|B1|G|1522","s53","9QF4|1|B1|G|1521"
"9QF4|1|B1|G|1522","s55","9QF4|1|B1|C|1498"
"9QF4|1|B1|A|1523","s35","9QF4|1|B1|G|1526"
"9QF4|1|B1|A|1523","s55","9QF4|1|B1|A|1496"
"9QF4|1|B1|G|1526","s35","9QF4|1|B1|G|1527"
"9QF4|1|B1|G|1526","s53","9QF4|1|B1|A|1523"
"9QF4|1|B1|G|1527","s53","9QF4|1|B1|G|1526"
"9QF4|1|B1|G|1527","s55","9QF4|1|B1|C|1494"
"9QF4|1|B1|G|1527","s35","9QF4|1|B1|G|1528"
"9QF4|1|B1|G|1528","s55","9QF4|1|B1|C|1493"
"9QF4|1|B1|G|1528","s53","9QF4|1|B1|G|1527"
"9QF4|1|B1|A|1529","s35","9QF4|1|B1|A|1530"
"9QF4|1|B1|A|1530","s53","9QF4|1|B1|A|1529"
"9QF4|1|B1|A|1531","ns53","9QF4|1|B1|OMU|1488"
"9QF4|1|B1|A|1531","s35","9QF4|1|B1|C|1532"
"9QF4|1|B1|A|1531","s55","9QF4|1|B1|A|1549"
"9QF4|1|B1|C|1532","ns35","9QF4|1|B1|OMG|1533"
"9QF4|1|B1|C|1532","s53","9QF4|1|B1|A|1531"
"9QF4|1|B1|OMG|1533","s55","9QF4|1|B1|G|1547"
"9QF4|1|B1|OMG|1533","s35","9QF4|1|B1|G|1534"
"9QF4|1|B1|OMG|1533","ns53","9QF4|1|B1|C|1532"
"9QF4|1|B1|G|1534","s55","9QF4|1|B1|4AC|1546"
"9QF4|1|B1|G|1534","s53","9QF4|1|B1|OMG|1533"
"9QF4|1|B1|G|1534","s35","9QF4|1|B1|G|1535"
"9QF4|1|B1|G|1535","s35","9QF4|1|B1|U|1536"
"9QF4|1|B1|G|1535","s53","9QF4|1|B1|G|1534"
"9QF4|1|B1|G|1535","s55","9QF4|1|B1|C|1545"
"9QF4|1|B1|U|1536","s35","9QF4|1|B1|U|1537"
"9QF4|1|B1|U|1536","s53","9QF4|1|B1|G|1535"
"9QF4|1|B1|U|1537","s55","9QF4|1|B1|U|1540"
"9QF4|1|B1|U|1537","s53","9QF4|1|B1|U|1536"
"9QF4|1|B1|U|1538","s35","9QF4|1|B1|A|1539"
"9QF4|1|B1|A|1539","s53","9QF4|1|B1|U|1538"
"9QF4|1|B1|U|1540","s55","9QF4|1|B1|U|1537"
"9QF4|1|B1|U|1540","s35","9QF4|1|B1|A|1541"
"9QF4|1|B1|A|1541","s35","9QF4|1|B1|C|1544"
"9QF4|1|B1|A|1541","ns53","9QF4|1|B1|U|1485"
"9QF4|1|B1|A|1541","s53","9QF4|1|B1|U|1540"
"9QF4|1|B1|U|1543","s55","9QF4|1|B1|A|1486"
"9QF4|1|B1|C|1544","s35","9QF4|1|B1|C|1545"
"9QF4|1|B1|C|1544","s53","9QF4|1|B1|A|1541"
"9QF4|1|B1|C|1545","s55","9QF4|1|B1|G|1535"
"9QF4|1|B1|C|1545","s53","9QF4|1|B1|C|1544"
"9QF4|1|B1|C|1545","s35","9QF4|1|B1|4AC|1546"
"9QF4|1|B1|4AC|1546","s55","9QF4|1|B1|G|1534"
"9QF4|1|B1|4AC|1546","s53","9QF4|1|B1|C|1545"
"9QF4|1|B1|4AC|1546","s35","9QF4|1|B1|G|1547"
"9QF4|1|B1|G|1547","s53","9QF4|1|B1|4AC|1546"
"9QF4|1|B1|G|1547","s35","9QF4|1|B1|U|1548"
"9QF4|1|B1|G|1547","s55","9QF4|1|B1|OMG|1533"
"9QF4|1|B1|U|1548","s53","9QF4|1|B1|G|1547"
"9QF4|1|B1|U|1548","s35","9QF4|1|B1|A|1549"
"9QF4|1|B1|A|1549","s55","9QF4|1|B1|A|1531"
"9QF4|1|B1|A|1549","s53","9QF4|1|B1|U|1548"
"9QF4|1|B1|A|1549","s35","9QF4|1|B1|C|1550"
"9QF4|1|B1|C|1550","s53","9QF4|1|B1|A|1549"
"9QF4|1|B1|C|1550","s35","9QF4|1|B1|4AC|1551"
"9QF4|1|B1|4AC|1551","s53","9QF4|1|B1|C|1550"
"9QF4|1|B1|4AC|1551","s55","9QF4|1|B1|G|1487"
"9QF4|1|B1|4AC|1551","ns35","9QF4|1|B1|G|1552"
"9QF4|1|B1|G|1552","s35","9QF4|1|B1|C|1553"
"9QF4|1|B1|G|1552","ns53","9QF4|1|B1|4AC|1551"
"9QF4|1|B1|G|1552","s55","9QF4|1|B1|G|1754"
"9QF4|1|B1|C|1553","s53","9QF4|1|B1|G|1552"
"9QF4|1|B1|C|1553","s35","9QF4|1|B1|G|1554"
"9QF4|1|B1|G|1554","s53","9QF4|1|B1|C|1553"
"9QF4|1|B1|G|1554","s35","9QF4|1|B1|G|1555"
"9QF4|1|B1|G|1554","s55","9QF4|1|B1|G|1752"
"9QF4|1|B1|G|1555","s35","9QF4|1|B1|G|1556"
"9QF4|1|B1|G|1555","s55","9QF4|1|B1|4AC|1751"
"9QF4|1|B1|G|1555","s53","9QF4|1|B1|G|1554"
"9QF4|1|B1|G|1556","s35","9QF4|1|B1|G|1557"
"9QF4|1|B1|G|1556","s55","9QF4|1|B1|C|1750"
"9QF4|1|B1|G|1556","s53","9QF4|1|B1|G|1555"
"9QF4|1|B1|G|1557","s55","9QF4|1|B1|C|1749"
"9QF4|1|B1|G|1557","s35","9QF4|1|B1|G|1558"
"9QF4|1|B1|G|1557","s53","9QF4|1|B1|G|1556"
"9QF4|1|B1|G|1558","s53","9QF4|1|B1|G|1557"
"9QF4|1|B1|G|1558","s55","9QF4|1|B1|C|1748"
"9QF4|1|B1|G|1558","s35","9QF4|1|B1|U|1559"
"9QF4|1|B1|U|1559","ns35","9QF4|1|B1|A|1560"
"9QF4|1|B1|U|1559","s53","9QF4|1|B1|G|1558"
"9QF4|1|B1|U|1559","s33","9QF4|1|B1|G|1744"
"9QF4|1|B1|A|1560","s35","9QF4|1|B1|G|1561"
"9QF4|1|B1|A|1560","ns53","9QF4|1|B1|U|1559"
"9QF4|1|B1|A|1560","s55","9QF4|1|B1|A|1745"
"9QF4|1|B1|G|1561","s35","9QF4|1|B1|G|1562"
"9QF4|1|B1|G|1561","s55","9QF4|1|B1|G|1744"
"9QF4|1|B1|G|1561","s53","9QF4|1|B1|A|1560"
"9QF4|1|B1|G|1562","s33","9QF4|1|B1|U|1563"
"9QF4|1|B1|G|1562","s55","9QF4|1|B1|4AC|1743"
"9QF4|1|B1|G|1562","s53","9QF4|1|B1|G|1561"
"9QF4|1|B1|G|1562","s35","9QF4|1|B1|U|1740"
"9QF4|1|B1|U|1563","s33","9QF4|1|B1|G|1562"
"9QF4|1|B1|G|1564","s53","9QF4|1|B1|A|1575"
"9QF4|1|B1|G|1564","s35","9QF4|1|B1|C|1565"
"9QF4|1|B1|C|1565","s53","9QF4|1|B1|G|1564"
"9QF4|1|B1|G|1566","s55","9QF4|1|B1|G|1572"
"9QF4|1|B1|G|1566","s35","9QF4|1|B1|G|1567"
"9QF4|1|B1|G|1567","s53","9QF4|1|B1|G|1566"
"9QF4|1|B1|G|1567","ns33","9QF4|1|B1|A|1569"
"9QF4|1|B1|G|1567","s55","9QF4|1|B1|C|1571"
"9QF4|1|B1|C|1568","s35","9QF4|1|B1|A|1569"
"9QF4|1|B1|A|1569","ns33","9QF4|1|B1|G|1567"
"9QF4|1|B1|A|1569","s53","9QF4|1|B1|C|1568"
"9QF4|1|B1|A|1569","s35","9QF4|1|B1|A|1570"
"9QF4|1|B1|A|1570","s53","9QF4|1|B1|A|1569"
"9QF4|1|B1|C|1571","s55","9QF4|1|B1|G|1567"
"9QF4|1|B1|C|1571","s35","9QF4|1|B1|G|1572"
"9QF4|1|B1|G|1572","s53","9QF4|1|B1|C|1571"
"9QF4|1|B1|G|1572","s35","9QF4|1|B1|C|1573"
"9QF4|1|B1|G|1572","s55","9QF4|1|B1|G|1566"
"9QF4|1|B1|C|1573","s33","9QF4|1|B1|A|1575"
"9QF4|1|B1|C|1573","s53","9QF4|1|B1|G|1572"
"9QF4|1|B1|A|1574","ns35","9QF4|1|B1|A|1575"
"9QF4|1|B1|A|1575","s33","9QF4|1|B1|C|1573"
"9QF4|1|B1|A|1575","s35","9QF4|1|B1|G|1564"
"9QF4|1|B1|A|1575","ns53","9QF4|1|B1|A|1574"
"9QF4|1|B1|G|1576","s35","9QF4|1|B1|C|1577"
"9QF4|1|B1|G|1576","s55","9QF4|1|B1|A|1739"
"9QF4|1|B1|C|1577","s35","9QF4|1|B1|C|1578"
"9QF4|1|B1|C|1577","ns55","9QF4|1|B1|A|1738"
"9QF4|1|B1|C|1577","s53","9QF4|1|B1|G|1576"
"9QF4|1|B1|C|1578","s55","9QF4|1|B1|G|1737"
"9QF4|1|B1|C|1578","ns35","9QF4|1|B1|4AC|1579"
"9QF4|1|B1|C|1578","s53","9QF4|1|B1|C|1577"
"9QF4|1|B1|4AC|1579","ns53","9QF4|1|B1|C|1578"
"9QF4|1|B1|4AC|1579","s35","9QF4|1|B1|G|1580"
"9QF4|1|B1|4AC|1579","s55","9QF4|1|B1|G|1736"
"9QF4|1|B1|G|1580","s55","9QF4|1|B1|G|1735"
"9QF4|1|B1|G|1580","s35","9QF4|1|B1|G|1581"
"9QF4|1|B1|G|1580","s53","9QF4|1|B1|4AC|1579"
"9QF4|1|B1|G|1581","s55","9QF4|1|B1|C|1734"
"9QF4|1|B1|G|1581","s53","9QF4|1|B1|G|1580"
"9QF4|1|B1|G|1581","s35","9QF4|1|B1|A|1582"
"9QF4|1|B1|A|1582","ns55","9QF4|1|B1|C|1733"
"9QF4|1|B1|A|1582","s35","9QF4|1|B1|G|1583"
"9QF4|1|B1|A|1582","s53","9QF4|1|B1|G|1581"
"9QF4|1|B1|G|1583","s55","9QF4|1|B1|U|1732"
"9QF4|1|B1|G|1583","s35","9QF4|1|B1|G|1584"
"9QF4|1|B1|G|1583","s53","9QF4|1|B1|A|1582"
"9QF4|1|B1|G|1584","s35","9QF4|1|B1|G|1585"
"9QF4|1|B1|G|1584","s53","9QF4|1|B1|G|1583"
"9QF4|1|B1|G|1584","s55","9QF4|1|B1|C|1731"
"9QF4|1|B1|G|1585","s53","9QF4|1|B1|G|1584"
"9QF4|1|B1|G|1585","s35","9QF4|1|B1|U|1586"
"9QF4|1|B1|G|1585","s55","9QF4|1|B1|C|1730"
"9QF4|1|B1|U|1586","s35","9QF4|1|B1|G|1587"
"9QF4|1|B1|U|1586","s53","9QF4|1|B1|G|1585"
"9QF4|1|B1|G|1587","s53","9QF4|1|B1|U|1586"
"9QF4|1|B1|G|1587","s33","9QF4|1|B1|A|1726"
"9QF4|1|B1|G|1587","ns55","9QF4|1|B1|G|1728"
"9QF4|1|B1|G|1587","s33","9QF4|1|B1|A|1588"
"9QF4|1|B1|A|1588","s53","9QF4|1|B1|A|1725"
"9QF4|1|B1|A|1588","s55","9QF4|1|B1|C|1589"
"9QF4|1|B1|A|1588","s33","9QF4|1|B1|G|1587"
"9QF4|1|B1|C|1589","s55","9QF4|1|B1|A|1588"
"9QF4|1|B1|C|1589","ns33","9QF4|1|B1|A|1724"
"9QF4|1|B1|G|1590","s35","9QF4|1|B1|C|1591"
"9QF4|1|B1|G|1590","s53","9QF4|1|B1|G|1723"
"9QF4|1|B1|G|1590","ns55","9QF4|1|B1|C|1719"
"9QF4|1|B1|C|1591","s53","9QF4|1|B1|G|1590"
"9QF4|1|B1|C|1591","s35","9QF4|1|B1|C|1592"
"9QF4|1|B1|C|1592","s55","9QF4|1|B1|G|1717"
"9QF4|1|B1|C|1592","s53","9QF4|1|B1|C|1591"
"9QF4|1|B1|C|1592","s35","9QF4|1|B1|U|1593"
"9QF4|1|B1|U|1593","s53","9QF4|1|B1|C|1592"
"9QF4|1|B1|U|1593","s35","9QF4|1|B1|C|1594"
"9QF4|1|B1|U|1593","s55","9QF4|1|B1|G|1716"
"9QF4|1|B1|C|1594","s55","9QF4|1|B1|G|1715"
"9QF4|1|B1|C|1594","s53","9QF4|1|B1|U|1593"
"9QF4|1|B1|G|1595","s55","9QF4|1|B1|G|1714"
"9QF4|1|B1|G|1595","s35","9QF4|1|B1|G|1596"
"9QF4|1|B1|G|1596","s53","9QF4|1|B1|G|1595"
"9QF4|1|B1|G|1596","s55","9QF4|1|B1|U|1713"
"9QF4|1|B1|G|1596","s35","9QF4|1|B1|G|1597"
"9QF4|1|B1|G|1597","s55","9QF4|1|B1|C|1712"
"9QF4|1|B1|G|1597","s53","9QF4|1|B1|G|1596"
"9QF4|1|B1|G|1597","s35","9QF4|1|B1|G|1598"
"9QF4|1|B1|G|1598","s35","9QF4|1|B1|U|1599"
"9QF4|1|B1|G|1598","s55","9QF4|1|B1|C|1711"
"9QF4|1|B1|G|1598","s53","9QF4|1|B1|G|1597"
"9QF4|1|B1|U|1599","s53","9QF4|1|B1|G|1598"
"9QF4|1|B1|U|1599","s35","9QF4|1|B1|A|1600"
"9QF4|1|B1|U|1599","s33","9QF4|1|B1|G|1707"
"9QF4|1|B1|A|1600","s55","9QF4|1|B1|A|1708"
"9QF4|1|B1|A|1600","s53","9QF4|1|B1|U|1599"
"9QF4|1|B1|A|1600","s35","9QF4|1|B1|G|1601"
"9QF4|1|B1|G|1601","s35","9QF4|1|B1|G|1602"
"9QF4|1|B1|G|1601","ns55","9QF4|1|B1|G|1707"
"9QF4|1|B1|G|1601","s53","9QF4|1|B1|A|1600"
"9QF4|1|B1|G|1602","s55","9QF4|1|B1|4AC|1706"
"9QF4|1|B1|G|1602","s35","9QF4|1|B1|C|1603"
"9QF4|1|B1|G|1602","s53","9QF4|1|B1|G|1601"
"9QF4|1|B1|C|1603","s53","9QF4|1|B1|G|1602"
"9QF4|1|B1|C|1603","s35","9QF4|1|B1|G|1604"
"9QF4|1|B1|G|1604","s55","9QF4|1|B1|G|1704"
"9QF4|1|B1|G|1604","s53","9QF4|1|B1|C|1603"
"9QF4|1|B1|G|1604","s35","9QF4|1|B1|G|1605"
"9QF4|1|B1|G|1605","s55","9QF4|1|B1|C|1703"
"9QF4|1|B1|G|1605","s35","9QF4|1|B1|A|1606"
"9QF4|1|B1|G|1605","s53","9QF4|1|B1|G|1604"
"9QF4|1|B1|A|1606","s55","9QF4|1|B1|C|1702"
"9QF4|1|B1|A|1606","s53","9QF4|1|B1|G|1605"
"9QF4|1|B1|A|1606","s35","9QF4|1|B1|C|1607"
"9QF4|1|B1|C|1607","s53","9QF4|1|B1|A|1606"
"9QF4|1|B1|C|1607","s35","9QF4|1|B1|4AC|1608"
"9QF4|1|B1|4AC|1608","s55","9QF4|1|B1|G|1623"
"9QF4|1|B1|4AC|1608","s35","9QF4|1|B1|G|1609"
"9QF4|1|B1|4AC|1608","s53","9QF4|1|B1|C|1607"
"9QF4|1|B1|G|1609","s35","9QF4|1|B1|G|1610"
"9QF4|1|B1|G|1609","s53","9QF4|1|B1|4AC|1608"
"9QF4|1|B1|G|1609","s55","9QF4|1|B1|G|1622"
"9QF4|1|B1|G|1610","s53","9QF4|1|B1|G|1609"
"9QF4|1|B1|G|1610","s55","9QF4|1|B1|C|1621"
"9QF4|1|B1|G|1610","s35","9QF4|1|B1|C|1611"
"9QF4|1|B1|C|1611","s53","9QF4|1|B1|G|1610"
"9QF4|1|B1|C|1611","s35","9QF4|1|B1|C|1612"
"9QF4|1|B1|C|1612","s53","9QF4|1|B1|C|1611"
"9QF4|1|B1|C|1612","s55","9QF4|1|B1|G|1619"
"9QF4|1|B1|C|1612","s35","9QF4|1|B1|G|1613"
"9QF4|1|B1|G|1613","s55","9QF4|1|B1|G|1618"
"9QF4|1|B1|G|1613","ns33","9QF4|1|B1|G|1616"
"9QF4|1|B1|G|1613","s53","9QF4|1|B1|C|1612"
"9QF4|1|B1|A|1614","s55","9QF4|1|B1|G|1616"
"9QF4|1|B1|G|1616","ns33","9QF4|1|B1|G|1613"
"9QF4|1|B1|G|1616","s55","9QF4|1|B1|A|1614"
"9QF4|1|B1|G|1616","s35","9QF4|1|B1|A|1617"
"9QF4|1|B1|A|1617","ns55","9QF4|1|B1|C|2819"
"9QF4|1|B1|A|1617","s35","9QF4|1|B1|G|1618"
"9QF4|1|B1|A|1617","s53","9QF4|1|B1|G|1616"
"9QF4|1|B1|G|1618","ns55","9QF4|1|B1|U|2818"
"9QF4|1|B1|G|1618","s35","9QF4|1|B1|G|1619"
"9QF4|1|B1|G|1618","s53","9QF4|1|B1|A|1617"
"9QF4|1|B1|G|1618","s55","9QF4|1|B1|G|1613"
"9QF4|1|B1|G|1619","s55","9QF4|1|B1|C|1612"
"9QF4|1|B1|G|1619","s35","9QF4|1|B1|C|1620"
"9QF4|1|B1|G|1619","s53","9QF4|1|B1|G|1618"
"9QF4|1|B1|C|1620","s53","9QF4|1|B1|G|1619"
"9QF4|1|B1|C|1620","s35","9QF4|1|B1|C|1621"
"9QF4|1|B1|C|1621","s55","9QF4|1|B1|G|1610"
"9QF4|1|B1|C|1621","s53","9QF4|1|B1|C|1620"
"9QF4|1|B1|C|1621","ns35","9QF4|1|B1|G|1622"
"9QF4|1|B1|G|1622","s35","9QF4|1|B1|G|1623"
"9QF4|1|B1|G|1622","ns53","9QF4|1|B1|C|1621"
"9QF4|1|B1|G|1622","s55","9QF4|1|B1|G|1609"
"9QF4|1|B1|G|1623","s35","9QF4|1|B1|U|1701"
"9QF4|1|B1|G|1623","s53","9QF4|1|B1|G|1622"
"9QF4|1|B1|G|1623","s55","9QF4|1|B1|4AC|1608"
"9QF4|1|B1|C|1624","ns53","9QF4|1|B1|U|1700"
"9QF4|1|B1|C|1624","s55","9QF4|1|B1|G|1682"
"9QF4|1|B1|C|1624","s35","9QF4|1|B1|U|1625"
"9QF4|1|B1|U|1625","s35","9QF4|1|B1|A|1678"
"9QF4|1|B1|U|1625","s53","9QF4|1|B1|C|1624"
"9QF4|1|B1|U|1625","s55","9QF4|1|B1|G|1681"
"9QF4|1|B1|A|1626","s33","9QF4|1|B1|G|1677"
"9QF4|1|B1|A|1626","s35","9QF4|1|B1|A|1627"
"9QF4|1|B1|A|1627","s35","9QF4|1|B1|G|1628"
"9QF4|1|B1|A|1627","s53","9QF4|1|B1|A|1626"
"9QF4|1|B1|G|1628","ns55","9QF4|1|B1|G|1677"
"9QF4|1|B1|G|1628","s35","9QF4|1|B1|C|1629"
"9QF4|1|B1|G|1628","s53","9QF4|1|B1|A|1627"
"9QF4|1|B1|C|1629","s53","9QF4|1|B1|G|1628"
"9QF4|1|B1|C|1629","s35","9QF4|1|B1|G|1630"
"9QF4|1|B1|G|1630","s55","9QF4|1|B1|G|1675"
"9QF4|1|B1|G|1630","s53","9QF4|1|B1|C|1629"
"9QF4|1|B1|G|1630","s35","9QF4|1|B1|U|1631"
"9QF4|1|B1|U|1631","s53","9QF4|1|B1|G|1630"
"9QF4|1|B1|A|1632","s35","9QF4|1|B1|U|1633"
"9QF4|1|B1|A|1632","s55","9QF4|1|B1|A|1672"
"9QF4|1|B1|U|1633","s53","9QF4|1|B1|A|1632"
"9QF4|1|B1|U|1633","s33","9QF4|1|B1|G|1669"
"9QF4|1|B1|A|1634","s33","9QF4|1|B1|G|1669"
"9QF4|1|B1|A|1634","s35","9QF4|1|B1|A|1635"
"9QF4|1|B1|A|1634","s55","9QF4|1|B1|A|1670"
"9QF4|1|B1|A|1635","s35","9QF4|1|B1|G|1636"
"9QF4|1|B1|A|1635","s53","9QF4|1|B1|A|1634"
"9QF4|1|B1|G|1636","s53","9QF4|1|B1|A|1635"
"9QF4|1|B1|G|1636","s35","9QF4|1|B1|C|1637"
"9QF4|1|B1|C|1637","s53","9QF4|1|B1|G|1636"
"9QF4|1|B1|C|1637","s35","9QF4|1|B1|C|1638"
"9QF4|1|B1|C|1638","s35","9QF4|1|B1|4AC|1639"
"9QF4|1|B1|C|1638","s53","9QF4|1|B1|C|1637"
"9QF4|1|B1|C|1638","s55","9QF4|1|B1|G|1667"
"9QF4|1|B1|4AC|1639","s55","9QF4|1|B1|G|1666"
"9QF4|1|B1|4AC|1639","s35","9QF4|1|B1|G|1640"
"9QF4|1|B1|4AC|1639","s53","9QF4|1|B1|C|1638"
"9QF4|1|B1|G|1640","s55","9QF4|1|B1|G|1665"
"9QF4|1|B1|G|1640","s35","9QF4|1|B1|G|1641"
"9QF4|1|B1|G|1640","s53","9QF4|1|B1|4AC|1639"
"9QF4|1|B1|G|1641","s55","9QF4|1|B1|4AC|1664"
"9QF4|1|B1|G|1641","s53","9QF4|1|B1|G|1640"
"9QF4|1|B1|G|1641","s35","9QF4|1|B1|G|1642"
"9QF4|1|B1|G|1642","s55","9QF4|1|B1|C|1663"
"9QF4|1|B1|G|1642","s53","9QF4|1|B1|G|1641"
"9QF4|1|B1|G|1642","ns33","9QF4|1|B1|A|1661"
"9QF4|1|B1|G|1642","s35","9QF4|1|B1|G|1643"
"9QF4|1|B1|G|1643","ns35","9QF4|1|B1|A|1644"
"9QF4|1|B1|G|1643","s33","9QF4|1|B1|G|1660"
"9QF4|1|B1|G|1643","s53","9QF4|1|B1|G|1642"
"9QF4|1|B1|A|1644","s55","9QF4|1|B1|A|1661"
"9QF4|1|B1|A|1644","ns53","9QF4|1|B1|G|1643"
"9QF4|1|B1|A|1644","s33","9QF4|1|B1|G|1658"
"9QF4|1|B1|G|1645","s55","9QF4|1|B1|G|1647"
"9QF4|1|B1|G|1647","s55","9QF4|1|B1|G|1645"
"9QF4|1|B1|G|1647","s35","9QF4|1|B1|5MC|1648"
"9QF4|1|B1|5MC|1648","s53","9QF4|1|B1|G|1647"
"9QF4|1|B1|5MC|1648","s35","9QF4|1|B1|4AC|1649"
"9QF4|1|B1|4AC|1649","s35","9QF4|1|B1|G|1650"
"9QF4|1|B1|4AC|1649","s53","9QF4|1|B1|5MC|1648"
"9QF4|1|B1|4AC|1649","s55","9QF4|1|B1|G|1656"
"9QF4|1|B1|G|1650","s53","9QF4|1|B1|4AC|1649"
"9QF4|1|B1|G|1650","s55","9QF4|1|B1|G|1655"
"9QF4|1|B1|G|1650","s35","9QF4|1|B1|U|1651"
"9QF4|1|B1|U|1651","s53","9QF4|1|B1|G|1650"
"9QF4|1|B1|A|1652","ns35","9QF4|1|B1|G|1715"
"9QF4|1|B1|A|1652","s35","9QF4|1|B1|A|1653"
"9QF4|1|B1|A|1653","s35","9QF4|1|B1|U|1654"
"9QF4|1|B1|A|1653","s53","9QF4|1|B1|A|1652"
"9QF4|1|B1|U|1654","s53","9QF4|1|B1|A|1653"
"9QF4|1|B1|G|1655","s35","9QF4|1|B1|G|1656"
"9QF4|1|B1|G|1655","s55","9QF4|1|B1|G|1650"
"9QF4|1|B1|G|1656","s55","9QF4|1|B1|4AC|1649"
"9QF4|1|B1|G|1656","s35","9QF4|1|B1|C|1657"
"9QF4|1|B1|G|1656","s53","9QF4|1|B1|G|1655"
"9QF4|1|B1|C|1657","s53","9QF4|1|B1|G|1656"
"9QF4|1|B1|G|1658","ns35","9QF4|1|B1|G|1660"
"9QF4|1|B1|G|1658","s33","9QF4|1|B1|A|1644"
"9QF4|1|B1|G|1660","s33","9QF4|1|B1|G|1643"
"9QF4|1|B1|G|1660","ns53","9QF4|1|B1|G|1658"
"9QF4|1|B1|A|1661","ns33","9QF4|1|B1|G|1642"
"9QF4|1|B1|A|1661","s35","9QF4|1|B1|A|1662"
"9QF4|1|B1|A|1661","s55","9QF4|1|B1|A|1644"
"9QF4|1|B1|A|1662","s53","9QF4|1|B1|A|1661"
"9QF4|1|B1|A|1662","s35","9QF4|1|B1|C|1663"
"9QF4|1|B1|C|1663","s35","9QF4|1|B1|4AC|1664"
"9QF4|1|B1|C|1663","s53","9QF4|1|B1|A|1662"
"9QF4|1|B1|C|1663","s55","9QF4|1|B1|G|1642"
"9QF4|1|B1|4AC|1664","s35","9QF4|1|B1|G|1665"
"9QF4|1|B1|4AC|1664","s55","9QF4|1|B1|G|1641"
"9QF4|1|B1|4AC|1664","s53","9QF4|1|B1|C|1663"
"9QF4|1|B1|G|1665","s55","9QF4|1|B1|G|1640"
"9QF4|1|B1|G|1665","s53","9QF4|1|B1|4AC|1664"
"9QF4|1|B1|G|1665","s35","9QF4|1|B1|G|1666"
"9QF4|1|B1|G|1666","s53","9QF4|1|B1|G|1665"
"9QF4|1|B1|G|1666","s55","9QF4|1|B1|4AC|1639"
"9QF4|1|B1|G|1666","s35","9QF4|1|B1|G|1667"
"9QF4|1|B1|G|1667","s53","9QF4|1|B1|G|1666"
"9QF4|1|B1|G|1667","s35","9QF4|1|B1|U|1668"
"9QF4|1|B1|G|1667","s55","9QF4|1|B1|C|1638"
"9QF4|1|B1|U|1668","s35","9QF4|1|B1|G|1669"
"9QF4|1|B1|U|1668","s53","9QF4|1|B1|G|1667"
"9QF4|1|B1|G|1669","s33","9QF4|1|B1|U|1633"
"9QF4|1|B1|G|1669","s53","9QF4|1|B1|U|1668"
"9QF4|1|B1|G|1669","s33","9QF4|1|B1|A|1634"
"9QF4|1|B1|A|1670","s55","9QF4|1|B1|A|1634"
"9QF4|1|B1|A|1670","s35","9QF4|1|B1|A|1671"
"9QF4|1|B1|A|1671","s35","9QF4|1|B1|A|1672"
"9QF4|1|B1|A|1671","s53","9QF4|1|B1|A|1670"
"9QF4|1|B1|A|1672","s53","9QF4|1|B1|A|1671"
"9QF4|1|B1|A|1672","s35","9QF4|1|B1|G|1673"
"9QF4|1|B1|A|1672","s55","9QF4|1|B1|A|1632"
"9QF4|1|B1|G|1673","s53","9QF4|1|B1|A|1672"
"9QF4|1|B1|G|1673","s35","9QF4|1|B1|C|1674"
"9QF4|1|B1|C|1674","ns35","9QF4|1|B1|G|1675"
"9QF4|1|B1|C|1674","s53","9QF4|1|B1|G|1673"
"9QF4|1|B1|G|1675","s55","9QF4|1|B1|G|1630"
"9QF4|1|B1|G|1675","ns53","9QF4|1|B1|C|1674"
"9QF4|1|B1|G|1675","s35","9QF4|1|B1|C|1676"
"9QF4|1|B1|C|1676","s53","9QF4|1|B1|G|1675"
"9QF4|1|B1|C|1676","s35","9QF4|1|B1|G|1677"
"9QF4|1|B1|G|1677","ns55","9QF4|1|B1|G|1628"
"9QF4|1|B1|G|1677","s33","9QF4|1|B1|A|1678"
"9QF4|1|B1|G|1677","s53","9QF4|1|B1|C|1676"
"9QF4|1|B1|G|1677","s33","9QF4|1|B1|A|1626"
"9QF4|1|B1|A|1678","s33","9QF4|1|B1|G|1677"
"9QF4|1|B1|A|1678","s53","9QF4|1|B1|U|1625"
"9QF4|1|B1|A|1678","s55","9QF4|1|B1|A|1679"
"9QF4|1|B1|A|1679","s55","9QF4|1|B1|A|1678"
"9QF4|1|B1|A|1679","s35","9QF4|1|B1|G|1681"
"9QF4|1|B1|G|1681","s55","9QF4|1|B1|U|1625"
"9QF4|1|B1|G|1681","s35","9QF4|1|B1|G|1682"
"9QF4|1|B1|G|1681","s53","9QF4|1|B1|A|1679"
"9QF4|1|B1|G|1682","s55","9QF4|1|B1|C|1624"
"9QF4|1|B1|G|1682","s53","9QF4|1|B1|G|1681"
"9QF4|1|B1|G|1682","s35","9QF4|1|B1|C|1683"
"9QF4|1|B1|C|1683","s53","9QF4|1|B1|G|1682"
"9QF4|1|B1|C|1683","s35","9QF4|1|B1|C|1684"
"9QF4|1|B1|C|1684","s53","9QF4|1|B1|C|1683"
"9QF4|1|B1|C|1684","s55","9QF4|1|B1|G|1699"
"9QF4|1|B1|C|1684","s35","9QF4|1|B1|C|1685"
"9QF4|1|B1|C|1685","s55","9QF4|1|B1|G|1698"
"9QF4|1|B1|C|1685","s35","9QF4|1|B1|C|1686"
"9QF4|1|B1|C|1685","s53","9QF4|1|B1|C|1684"
"9QF4|1|B1|C|1686","s35","9QF4|1|B1|C|1687"
"9QF4|1|B1|C|1686","s53","9QF4|1|B1|C|1685"
"9QF4|1|B1|C|1686","s55","9QF4|1|B1|G|1697"
"9QF4|1|B1|C|1687","s53","9QF4|1|B1|C|1686"
"9QF4|1|B1|C|1687","s35","9QF4|1|B1|C|1688"
"9QF4|1|B1|C|1687","s55","9QF4|1|B1|G|1696"
"9QF4|1|B1|C|1688","s53","9QF4|1|B1|C|1687"
"9QF4|1|B1|C|1688","s55","9QF4|1|B1|G|1695"
"9QF4|1|B1|C|1688","s35","9QF4|1|B1|C|1689"
"9QF4|1|B1|C|1689","s53","9QF4|1|B1|C|1688"
"9QF4|1|B1|C|1689","ns55","9QF4|1|B1|G|1694"
"9QF4|1|B1|C|1689","ns35","9QF4|1|B1|G|1690"
"9QF4|1|B1|G|1690","ns53","9QF4|1|B1|C|1689"
"9QF4|1|B1|U|1691","s35","9QF4|1|B1|U|1692"
"9QF4|1|B1|U|1692","s35","9QF4|1|B1|A|1693"
"9QF4|1|B1|U|1692","s53","9QF4|1|B1|U|1691"
"9QF4|1|B1|A|1693","ns35","9QF4|1|B1|G|1694"
"9QF4|1|B1|A|1693","s53","9QF4|1|B1|U|1692"
"9QF4|1|B1|G|1694","ns53","9QF4|1|B1|A|1693"
"9QF4|1|B1|G|1694","ns55","9QF4|1|B1|C|1689"
"9QF4|1|B1|G|1694","s35","9QF4|1|B1|G|1695"
"9QF4|1|B1|G|1695","s55","9QF4|1|B1|C|1688"
"9QF4|1|B1|G|1695","s53","9QF4|1|B1|G|1694"
"9QF4|1|B1|G|1695","s35","9QF4|1|B1|G|1696"
"9QF4|1|B1|G|1696","s53","9QF4|1|B1|G|1695"
"9QF4|1|B1|G|1696","s55","9QF4|1|B1|C|1687"
"9QF4|1|B1|G|1696","s35","9QF4|1|B1|G|1697"
"9QF4|1|B1|G|1697","s53","9QF4|1|B1|G|1696"
"9QF4|1|B1|G|1697","s55","9QF4|1|B1|C|1686"
"9QF4|1|B1|G|1697","s35","9QF4|1|B1|G|1698"
"9QF4|1|B1|G|1698","s53","9QF4|1|B1|G|1697"
"9QF4|1|B1|G|1698","s35","9QF4|1|B1|G|1699"
"9QF4|1|B1|G|1698","s55","9QF4|1|B1|C|1685"
"9QF4|1|B1|G|1699","s55","9QF4|1|B1|C|1684"
"9QF4|1|B1|G|1699","s35","9QF4|1|B1|U|1700"
"9QF4|1|B1|G|1699","s53","9QF4|1|B1|G|1698"
"9QF4|1|B1|U|1700","ns35","9QF4|1|B1|C|1624"
"9QF4|1|B1|U|1700","s53","9QF4|1|B1|G|1699"
"9QF4|1|B1|U|1701","s35","9QF4|1|B1|C|1702"
"9QF4|1|B1|U|1701","s53","9QF4|1|B1|G|1623"
"9QF4|1|B1|C|1702","s55","9QF4|1|B1|A|1606"
"9QF4|1|B1|C|1702","s53","9QF4|1|B1|U|1701"
"9QF4|1|B1|C|1702","s35","9QF4|1|B1|C|1703"
"9QF4|1|B1|C|1703","s35","9QF4|1|B1|G|1704"
"9QF4|1|B1|C|1703","s55","9QF4|1|B1|G|1605"
"9QF4|1|B1|C|1703","s53","9QF4|1|B1|C|1702"
"9QF4|1|B1|G|1704","s53","9QF4|1|B1|C|1703"
"9QF4|1|B1|G|1704","s55","9QF4|1|B1|G|1604"
"9QF4|1|B1|G|1704","s35","9QF4|1|B1|C|1705"
"9QF4|1|B1|C|1705","s53","9QF4|1|B1|G|1704"
"9QF4|1|B1|C|1705","s35","9QF4|1|B1|4AC|1706"
"9QF4|1|B1|4AC|1706","s53","9QF4|1|B1|C|1705"
"9QF4|1|B1|4AC|1706","s55","9QF4|1|B1|G|1602"
"9QF4|1|B1|4AC|1706","s35","9QF4|1|B1|G|1707"
"9QF4|1|B1|G|1707","ns55","9QF4|1|B1|G|1601"
"9QF4|1|B1|G|1707","s33","9QF4|1|B1|U|1599"
"9QF4|1|B1|G|1707","s53","9QF4|1|B1|4AC|1706"
"9QF4|1|B1|A|1708","s55","9QF4|1|B1|A|1600"
"9QF4|1|B1|A|1708","s35","9QF4|1|B1|C|1710"
"9QF4|1|B1|C|1710","s53","9QF4|1|B1|A|1708"
"9QF4|1|B1|C|1710","s35","9QF4|1|B1|C|1711"
"9QF4|1|B1|C|1711","s53","9QF4|1|B1|C|1710"
"9QF4|1|B1|C|1711","s55","9QF4|1|B1|G|1598"
"9QF4|1|B1|C|1711","s35","9QF4|1|B1|C|1712"
"9QF4|1|B1|C|1712","s53","9QF4|1|B1|C|1711"
"9QF4|1|B1|C|1712","s35","9QF4|1|B1|U|1713"
"9QF4|1|B1|C|1712","s55","9QF4|1|B1|G|1597"
"9QF4|1|B1|U|1713","s55","9QF4|1|B1|G|1596"
"9QF4|1|B1|U|1713","s53","9QF4|1|B1|C|1712"
"9QF4|1|B1|U|1713","s35","9QF4|1|B1|G|1714"
"9QF4|1|B1|G|1714","s55","9QF4|1|B1|G|1595"
"9QF4|1|B1|G|1714","s53","9QF4|1|B1|U|1713"
"9QF4|1|B1|G|1714","s35","9QF4|1|B1|G|1715"
"9QF4|1|B1|G|1715","ns53","9QF4|1|B1|A|1652"
"9QF4|1|B1|G|1715","s55","9QF4|1|B1|C|1594"
"9QF4|1|B1|G|1715","s35","9QF4|1|B1|G|1716"
"9QF4|1|B1|G|1715","s53","9QF4|1|B1|G|1714"
"9QF4|1|B1|G|1716","s55","9QF4|1|B1|U|1593"
"9QF4|1|B1|G|1716","s53","9QF4|1|B1|G|1715"
"9QF4|1|B1|G|1716","s35","9QF4|1|B1|G|1717"
"9QF4|1|B1|G|1717","s53","9QF4|1|B1|G|1716"
"9QF4|1|B1|G|1717","s35","9QF4|1|B1|C|1718"
"9QF4|1|B1|G|1717","s55","9QF4|1|B1|C|1592"
"9QF4|1|B1|C|1718","s35","9QF4|1|B1|C|1719"
"9QF4|1|B1|C|1718","s53","9QF4|1|B1|G|1717"
"9QF4|1|B1|C|1719","s35","9QF4|1|B1|U|1722"
"9QF4|1|B1|C|1719","ns55","9QF4|1|B1|G|1590"
"9QF4|1|B1|C|1719","s53","9QF4|1|B1|C|1718"
"9QF4|1|B1|U|1722","s55","9QF4|1|B1|G|1723"
"9QF4|1|B1|U|1722","s53","9QF4|1|B1|C|1719"
"9QF4|1|B1|G|1723","s35","9QF4|1|B1|G|1590"
"9QF4|1|B1|G|1723","s55","9QF4|1|B1|U|1722"
"9QF4|1|B1|A|1724","ns33","9QF4|1|B1|C|1589"
"9QF4|1|B1|A|1724","s35","9QF4|1|B1|A|1725"
"9QF4|1|B1|A|1725","s53","9QF4|1|B1|A|1724"
"9QF4|1|B1|A|1725","s35","9QF4|1|B1|A|1588"
"9QF4|1|B1|A|1725","s35","9QF4|1|B1|A|1726"
"9QF4|1|B1|A|1726","s35","9QF4|1|B1|A|1727"
"9QF4|1|B1|A|1726","s53","9QF4|1|B1|A|1725"
"9QF4|1|B1|A|1726","s33","9QF4|1|B1|G|1587"
"9QF4|1|B1|A|1727","s53","9QF4|1|B1|A|1726"
"9QF4|1|B1|A|1727","s35","9QF4|1|B1|G|1728"
"9QF4|1|B1|G|1728","s35","9QF4|1|B1|C|1729"
"9QF4|1|B1|G|1728","s53","9QF4|1|B1|A|1727"
"9QF4|1|B1|G|1728","ns55","9QF4|1|B1|G|1587"
"9QF4|1|B1|C|1729","s53","9QF4|1|B1|G|1728"
"9QF4|1|B1|C|1729","s35","9QF4|1|B1|C|1730"
"9QF4|1|B1|C|1730","s53","9QF4|1|B1|C|1729"
"9QF4|1|B1|C|1730","s35","9QF4|1|B1|C|1731"
"9QF4|1|B1|C|1730","s55","9QF4|1|B1|G|1585"
"9QF4|1|B1|C|1731","s53","9QF4|1|B1|C|1730"
"9QF4|1|B1|C|1731","s55","9QF4|1|B1|G|1584"
"9QF4|1|B1|C|1731","s35","9QF4|1|B1|U|1732"
"9QF4|1|B1|U|1732","s53","9QF4|1|B1|C|1731"
"9QF4|1|B1|U|1732","s35","9QF4|1|B1|C|1733"
"9QF4|1|B1|U|1732","s55","9QF4|1|B1|G|1583"
"9QF4|1|B1|C|1733","ns55","9QF4|1|B1|A|1582"
"9QF4|1|B1|C|1733","s53","9QF4|1|B1|U|1732"
"9QF4|1|B1|C|1733","s35","9QF4|1|B1|C|1734"
"9QF4|1|B1|C|1734","s55","9QF4|1|B1|G|1581"
"9QF4|1|B1|C|1734","s53","9QF4|1|B1|C|1733"
"9QF4|1|B1|C|1734","s35","9QF4|1|B1|G|1735"
"9QF4|1|B1|G|1735","s35","9QF4|1|B1|G|1736"
"9QF4|1|B1|G|1735","s55","9QF4|1|B1|G|1580"
"9QF4|1|B1|G|1735","s53","9QF4|1|B1|C|1734"
"9QF4|1|B1|G|1736","s55","9QF4|1|B1|4AC|1579"
"9QF4|1|B1|G|1736","s53","9QF4|1|B1|G|1735"
"9QF4|1|B1|G|1736","s35","9QF4|1|B1|G|1737"
"9QF4|1|B1|G|1737","s53","9QF4|1|B1|G|1736"
"9QF4|1|B1|G|1737","s55","9QF4|1|B1|C|1578"
"9QF4|1|B1|G|1737","s35","9QF4|1|B1|A|1738"
"9QF4|1|B1|A|1738","ns55","9QF4|1|B1|C|1577"
"9QF4|1|B1|A|1738","s35","9QF4|1|B1|A|1739"
"9QF4|1|B1|A|1738","s53","9QF4|1|B1|G|1737"
"9QF4|1|B1|A|1739","s55","9QF4|1|B1|G|1576"
"9QF4|1|B1|A|1739","ns35","9QF4|1|B1|U|1740"
"9QF4|1|B1|A|1739","s53","9QF4|1|B1|A|1738"
"9QF4|1|B1|U|1740","s53","9QF4|1|B1|G|1562"
"9QF4|1|B1|U|1740","s55","9QF4|1|B1|C|1742"
"9QF4|1|B1|U|1740","ns53","9QF4|1|B1|A|1739"
"9QF4|1|B1|C|1742","s35","9QF4|1|B1|4AC|1743"
"9QF4|1|B1|C|1742","s55","9QF4|1|B1|U|1740"
"9QF4|1|B1|4AC|1743","s55","9QF4|1|B1|G|1562"
"9QF4|1|B1|4AC|1743","s35","9QF4|1|B1|G|1744"
"9QF4|1|B1|4AC|1743","s53","9QF4|1|B1|C|1742"
"9QF4|1|B1|G|1744","s33","9QF4|1|B1|U|1559"
"9QF4|1|B1|G|1744","s55","9QF4|1|B1|G|1561"
"9QF4|1|B1|G|1744","s53","9QF4|1|B1|4AC|1743"
"9QF4|1|B1|A|1745","s35","9QF4|1|B1|C|1747"
"9QF4|1|B1|A|1745","s55","9QF4|1|B1|A|1560"
"9QF4|1|B1|C|1747","ns35","9QF4|1|B1|C|1748"
"9QF4|1|B1|C|1747","s53","9QF4|1|B1|A|1745"
"9QF4|1|B1|C|1748","ns53","9QF4|1|B1|C|1747"
"9QF4|1|B1|C|1748","s55","9QF4|1|B1|G|1558"
"9QF4|1|B1|C|1748","s35","9QF4|1|B1|C|1749"
"9QF4|1|B1|C|1749","s53","9QF4|1|B1|C|1748"
"9QF4|1|B1|C|1749","s35","9QF4|1|B1|C|1750"
"9QF4|1|B1|C|1749","s55","9QF4|1|B1|G|1557"
"9QF4|1|B1|C|1750","s55","9QF4|1|B1|G|1556"
"9QF4|1|B1|C|1750","s53","9QF4|1|B1|C|1749"
"9QF4|1|B1|C|1750","s35","9QF4|1|B1|4AC|1751"
"9QF4|1|B1|4AC|1751","s53","9QF4|1|B1|C|1750"
"9QF4|1|B1|4AC|1751","s55","9QF4|1|B1|G|1555"
"9QF4|1|B1|4AC|1751","s35","9QF4|1|B1|G|1752"
"9QF4|1|B1|G|1752","s55","9QF4|1|B1|G|1554"
"9QF4|1|B1|G|1752","s35","9QF4|1|B1|C|1753"
"9QF4|1|B1|G|1752","s53","9QF4|1|B1|4AC|1751"
"9QF4|1|B1|C|1753","s35","9QF4|1|B1|G|1754"
"9QF4|1|B1|C|1753","s53","9QF4|1|B1|G|1752"
"9QF4|1|B1|G|1754","s35","9QF4|1|B1|G|1487"
"9QF4|1|B1|G|1754","s53","9QF4|1|B1|C|1753"
"9QF4|1|B1|G|1754","s55","9QF4|1|B1|G|1552"
"9QF4|1|B1|A|1755","s35","9QF4|1|B1|C|1756"
"9QF4|1|B1|C|1756","s53","9QF4|1|B1|A|1755"
"9QF4|1|B1|C|1756","s35","9QF4|1|B1|4AC|1757"
"9QF4|1|B1|4AC|1757","s53","9QF4|1|B1|C|1756"
"9QF4|1|B1|4AC|1757","s55","9QF4|1|B1|G|1491"
"9QF4|1|B1|4AC|1757","ns35","9QF4|1|B1|G|1758"
"9QF4|1|B1|G|1758","s55","9QF4|1|B1|G|1490"
"9QF4|1|B1|G|1758","ns53","9QF4|1|B1|4AC|1757"
"9QF4|1|B1|G|1758","s35","9QF4|1|B1|U|1759"
"9QF4|1|B1|U|1759","s53","9QF4|1|B1|G|1758"
"9QF4|1|B1|A|1760","ns55","9QF4|1|B1|U|1484"
"9QF4|1|B1|A|1760","s55","9QF4|1|B1|U|1456"
"9QF4|1|B1|A|1760","s35","9QF4|1|B1|C|1761"
"9QF4|1|B1|C|1761","s53","9QF4|1|B1|A|1760"
"9QF4|1|B1|C|1761","s35","9QF4|1|B1|4AC|1762"
"9QF4|1|B1|4AC|1762","s53","9QF4|1|B1|C|1761"
"9QF4|1|B1|4AC|1762","s55","9QF4|1|B1|G|1454"
"9QF4|1|B1|4AC|1762","s35","9QF4|1|B1|G|1763"
"9QF4|1|B1|4AC|1762","ns53","9QF4|1|B1|A|1767"
"9QF4|1|B1|G|1763","s33","9QF4|1|B1|C|1450"
"9QF4|1|B1|G|1763","s53","9QF4|1|B1|4AC|1762"
"9QF4|1|B1|A|1764","ns53","9QF4|1|B1|C|1451"
"9QF4|1|B1|A|1764","s35","9QF4|1|B1|C|1768"
"9QF4|1|B1|G|1765","s35","9QF4|1|B1|G|1805"
"9QF4|1|B1|G|1765","ns55","9QF4|1|B1|A|1775"
"9QF4|1|B1|A|1766","s35","9QF4|1|B1|G|1476"
"9QF4|1|B1|A|1766","s55","9QF4|1|B1|A|1773"
"9QF4|1|B1|A|1767","ns35","9QF4|1|B1|4AC|1762"
"9QF4|1|B1|A|1767","ns55","9QF4|1|B1|U|1457"
"9QF4|1|B1|C|1768","s35","9QF4|1|B1|4AC|1769"
"9QF4|1|B1|C|1768","s53","9QF4|1|B1|A|1764"
"9QF4|1|B1|4AC|1769","s35","9QF4|1|B1|G|1770"
"9QF4|1|B1|4AC|1769","s53","9QF4|1|B1|C|1768"
"9QF4|1|B1|4AC|1769","s55","9QF4|1|B1|G|1777"
"9QF4|1|B1|G|1770","s55","9QF4|1|B1|G|1776"
"9QF4|1|B1|G|1770","s53","9QF4|1|B1|4AC|1769"
"9QF4|1|B1|G|1770","s33","9QF4|1|B1|C|1774"
"9QF4|1|B1|A|1771","ns35","9QF4|1|B1|C|1772"
"9QF4|1|B1|C|1772","s35","9QF4|1|B1|C|1774"
"9QF4|1|B1|C|1772","ns53","9QF4|1|B1|A|1771"
"9QF4|1|B1|A|1773","s55","9QF4|1|B1|A|1766"
"9QF4|1|B1|C|1774","s33","9QF4|1|B1|G|1770"
"9QF4|1|B1|C|1774","s53","9QF4|1|B1|C|1772"
"9QF4|1|B1|A|1775","s35","9QF4|1|B1|C|885"
"9QF4|1|B1|A|1775","ns55","9QF4|1|B1|G|1765"
"9QF4|1|B1|A|1775","s55","9QF4|1|B1|C|1416"
"9QF4|1|B1|G|1776","s55","9QF4|1|B1|G|1770"
"9QF4|1|B1|G|1776","s35","9QF4|1|B1|G|1777"
"9QF4|1|B1|G|1777","s55","9QF4|1|B1|4AC|1769"
"9QF4|1|B1|G|1777","s35","9QF4|1|B1|U|1778"
"9QF4|1|B1|G|1777","s53","9QF4|1|B1|G|1776"
"9QF4|1|B1|U|1778","s53","9QF4|1|B1|G|1777"
"9QF4|1|B1|G|1779","ns53","9QF4|1|B1|G|1449"
"9QF4|1|B1|G|1779","s35","9QF4|1|B1|C|1451"
"9QF4|1|B1|G|1779","s55","9QF4|1|B1|C|1781"
"9QF4|1|B1|C|1780","ns53","9QF4|1|B1|C|1781"
"9QF4|1|B1|C|1781","ns35","9QF4|1|B1|C|1780"
"9QF4|1|B1|C|1781","s55","9QF4|1|B1|G|1779"
"9QF4|1|B1|C|1781","s35","9QF4|1|B1|C|1782"
"9QF4|1|B1|C|1782","s55","9QF4|1|B1|G|1449"
"9QF4|1|B1|C|1782","s53","9QF4|1|B1|C|1781"
"9QF4|1|B1|C|1782","s35","9QF4|1|B1|C|1783"
"9QF4|1|B1|C|1783","s55","9QF4|1|B1|G|1448"
"9QF4|1|B1|C|1783","s35","9QF4|1|B1|U|1784"
"9QF4|1|B1|C|1783","s53","9QF4|1|B1|C|1782"
"9QF4|1|B1|U|1784","s35","9QF4|1|B1|G|1444"
"9QF4|1|B1|U|1784","s55","9QF4|1|B1|G|1447"
"9QF4|1|B1|U|1784","s53","9QF4|1|B1|C|1783"
"9QF4|1|B1|G|1785","s35","9QF4|1|B1|G|1786"
"9QF4|1|B1|G|1785","s55","9QF4|1|B1|A|1798"
"9QF4|1|B1|G|1786","s35","9QF4|1|B1|G|1787"
"9QF4|1|B1|G|1786","s53","9QF4|1|B1|G|1785"
"9QF4|1|B1|G|1786","s55","9QF4|1|B1|U|1797"
"9QF4|1|B1|G|1787","s53","9QF4|1|B1|G|1786"
"9QF4|1|B1|G|1787","s55","9QF4|1|B1|C|1796"
"9QF4|1|B1|G|1787","s35","9QF4|1|B1|U|1788"
"9QF4|1|B1|U|1788","s35","9QF4|1|B1|G|1789"
"9QF4|1|B1|U|1788","s53","9QF4|1|B1|G|1787"
"9QF4|1|B1|G|1789","s53","9QF4|1|B1|U|1788"
"9QF4|1|B1|G|1789","s33","9QF4|1|B1|G|1791"
"9QF4|1|B1|A|1790","s35","9QF4|1|B1|G|1791"
"9QF4|1|B1|G|1791","s35","9QF4|1|B1|A|1793"
"9QF4|1|B1|G|1791","s53","9QF4|1|B1|A|1790"
"9QF4|1|B1|G|1791","s33","9QF4|1|B1|G|1789"
"9QF4|1|B1|A|1792","s53","9QF4|1|B1|G|1444"
"9QF4|1|B1|A|1793","s53","9QF4|1|B1|G|1791"
"9QF4|1|B1|A|1793","s35","9QF4|1|B1|G|1794"
"9QF4|1|B1|G|1794","s35","9QF4|1|B1|C|1795"
"9QF4|1|B1|G|1794","s53","9QF4|1|B1|A|1793"
"9QF4|1|B1|C|1795","s35","9QF4|1|B1|C|1796"
"9QF4|1|B1|C|1795","s53","9QF4|1|B1|G|1794"
"9QF4|1|B1|C|1796","s35","9QF4|1|B1|U|1797"
"9QF4|1|B1|C|1796","s55","9QF4|1|B1|G|1787"
"9QF4|1|B1|C|1796","s53","9QF4|1|B1|C|1795"
"9QF4|1|B1|U|1797","s33","9QF4|1|B1|G|1443"
"9QF4|1|B1|U|1797","s53","9QF4|1|B1|C|1796"
"9QF4|1|B1|U|1797","s55","9QF4|1|B1|G|1786"
"9QF4|1|B1|A|1798","s35","9QF4|1|B1|A|1799"
"9QF4|1|B1|A|1798","s55","9QF4|1|B1|G|1785"
"9QF4|1|B1|A|1799","s53","9QF4|1|B1|A|1798"
"9QF4|1|B1|A|1799","s35","9QF4|1|B1|G|1800"
"9QF4|1|B1|G|1800","s35","9QF4|1|B1|G|1801"
"9QF4|1|B1|G|1800","ns55","9QF4|1|B1|G|1443"
"9QF4|1|B1|G|1800","s53","9QF4|1|B1|A|1799"
"9QF4|1|B1|G|1801","s55","9QF4|1|B1|4AC|1442"
"9QF4|1|B1|G|1801","ns33","9QF4|1|B1|G|1446"
"9QF4|1|B1|G|1801","s53","9QF4|1|B1|G|1800"
"9QF4|1|B1|G|1801","s35","9QF4|1|B1|C|1802"
"9QF4|1|B1|C|1802","s35","9QF4|1|B1|G|1803"
"9QF4|1|B1|C|1802","s53","9QF4|1|B1|G|1801"
"9QF4|1|B1|G|1803","s55","9QF4|1|B1|G|1440"
"9QF4|1|B1|G|1803","s53","9QF4|1|B1|C|1802"
"9QF4|1|B1|G|1803","s35","9QF4|1|B1|G|1420"
"9QF4|1|B1|U|1804","s53","9QF4|1|B1|U|1806"
"9QF4|1|B1|G|1805","ns33","9QF4|1|B1|G|1417"
"9QF4|1|B1|G|1805","s53","9QF4|1|B1|G|1765"
"9QF4|1|B1|G|1805","s53","9QF4|1|B1|C|1416"
"9QF4|1|B1|U|1806","s35","9QF4|1|B1|U|1804"
"9QF4|1|B1|C|1807","s35","9QF4|1|B1|G|1808"
"9QF4|1|B1|C|1807","s55","9QF4|1|B1|G|2135"
"9QF4|1|B1|C|1807","ns53","9QF4|1|B1|C|1413"
"9QF4|1|B1|G|1808","s53","9QF4|1|B1|C|1807"
"9QF4|1|B1|G|1808","s35","9QF4|1|B1|G|1809"
"9QF4|1|B1|G|1808","s55","9QF4|1|B1|G|2134"
"9QF4|1|B1|G|1809","s35","9QF4|1|B1|G|1810"
"9QF4|1|B1|G|1809","s55","9QF4|1|B1|4AC|2133"
"9QF4|1|B1|G|1809","s53","9QF4|1|B1|G|1808"
"9QF4|1|B1|G|1810","s55","9QF4|1|B1|C|2132"
"9QF4|1|B1|G|1810","s53","9QF4|1|B1|G|1809"
"9QF4|1|B1|G|1810","s33","9QF4|1|B1|G|1811"
"9QF4|1|B1|G|1811","s33","9QF4|1|B1|G|1810"
"9QF4|1|B1|A|1814","ns55","9QF4|1|B1|A|2962"
"9QF4|1|B1|A|1814","ns33","9QF4|1|B1|G|2130"
"9QF4|1|B1|A|1814","s35","9QF4|1|B1|A|1815"
"9QF4|1|B1|A|1815","s53","9QF4|1|B1|A|1814"
"9QF4|1|B1|A|1815","s35","9QF4|1|B1|C|1816"
"9QF4|1|B1|C|1816","s53","9QF4|1|B1|A|1815"
"9QF4|1|B1|C|1816","s35","9QF4|1|B1|C|1817"
"9QF4|1|B1|C|1816","s55","9QF4|1|B1|G|2130"
"9QF4|1|B1|C|1817","s53","9QF4|1|B1|C|1816"
"9QF4|1|B1|C|1817","s55","9QF4|1|B1|G|2129"
"9QF4|1|B1|C|1817","s35","9QF4|1|B1|4AC|1818"
"9QF4|1|B1|4AC|1818","s35","9QF4|1|B1|G|1819"
"9QF4|1|B1|4AC|1818","s55","9QF4|1|B1|G|2128"
"9QF4|1|B1|4AC|1818","s53","9QF4|1|B1|C|1817"
"9QF4|1|B1|G|1819","s35","9QF4|1|B1|G|1820"
"9QF4|1|B1|G|1819","s55","9QF4|1|B1|G|2127"
"9QF4|1|B1|G|1819","s53","9QF4|1|B1|4AC|1818"
"9QF4|1|B1|G|1820","s55","9QF4|1|B1|C|2126"
"9QF4|1|B1|G|1820","s35","9QF4|1|B1|C|1821"
"9QF4|1|B1|G|1820","s53","9QF4|1|B1|G|1819"
"9QF4|1|B1|C|1821","s53","9QF4|1|B1|G|1820"
"9QF4|1|B1|C|1821","s35","9QF4|1|B1|4AC|1822"
"9QF4|1|B1|4AC|1822","s53","9QF4|1|B1|C|1821"
"9QF4|1|B1|4AC|1822","s35","9QF4|1|B1|G|1823"
"9QF4|1|B1|4AC|1822","s55","9QF4|1|B1|G|2124"
"9QF4|1|B1|G|1823","s53","9QF4|1|B1|4AC|1822"
"9QF4|1|B1|G|1823","s33","9QF4|1|B1|G|2117"
"9QF4|1|B1|G|1823","s55","9QF4|1|B1|G|2123"
"9QF4|1|B1|A|1824","s35","9QF4|1|B1|G|1825"
"9QF4|1|B1|A|1824","s55","9QF4|1|B1|C|2841"
"9QF4|1|B1|G|1825","s35","9QF4|1|B1|G|1826"
"9QF4|1|B1|G|1825","ns53","9QF4|1|B1|C|2121"
"9QF4|1|B1|G|1825","s53","9QF4|1|B1|A|1824"
"9QF4|1|B1|G|1826","s55","9QF4|1|B1|C|2120"
"9QF4|1|B1|G|1826","s35","9QF4|1|B1|A|1829"
"9QF4|1|B1|G|1826","s53","9QF4|1|B1|G|1825"
"9QF4|1|B1|G|1826","s35","9QF4|1|B1|G|1827"
"9QF4|1|B1|G|1827","s33","9QF4|1|B1|U|2116"
"9QF4|1|B1|G|1827","s53","9QF4|1|B1|G|1826"
"9QF4|1|B1|A|1828","s55","9QF4|1|B1|U|2118"
"9QF4|1|B1|A|1828","s35","9QF4|1|B1|G|1834"
"9QF4|1|B1|A|1829","s53","9QF4|1|B1|G|1826"
"9QF4|1|B1|A|1829","ns55","9QF4|1|B1|C|2119"
"9QF4|1|B1|C|1830","s35","9QF4|1|B1|U|1831"
"9QF4|1|B1|U|1831","s53","9QF4|1|B1|C|1830"
"9QF4|1|B1|OMC|1832","ns55","9QF4|1|B1|G|2698"
"9QF4|1|B1|OMC|1832","s35","9QF4|1|B1|G|1833"
"9QF4|1|B1|G|1833","s53","9QF4|1|B1|OMC|1832"
"9QF4|1|B1|G|1834","s53","9QF4|1|B1|A|1828"
"9QF4|1|B1|C|1835","s35","9QF4|1|B1|A|1836"
"9QF4|1|B1|A|1836","s35","9QF4|1|B1|A|1837"
"9QF4|1|B1|A|1836","s53","9QF4|1|B1|C|1835"
"9QF4|1|B1|A|1837","s53","9QF4|1|B1|A|1836"
"9QF4|1|B1|A|1837","s35","9QF4|1|B1|A|1838"
"9QF4|1|B1|A|1838","s35","9QF4|1|B1|C|1839"
"9QF4|1|B1|A|1838","s53","9QF4|1|B1|A|1837"
"9QF4|1|B1|C|1839","s35","9QF4|1|B1|U|1840"
"9QF4|1|B1|C|1839","s53","9QF4|1|B1|A|1838"
"9QF4|1|B1|U|1840","s35","9QF4|1|B1|G|1841"
"9QF4|1|B1|U|1840","s53","9QF4|1|B1|C|1839"
"9QF4|1|B1|G|1841","s33","9QF4|1|B1|A|1902"
"9QF4|1|B1|G|1841","s53","9QF4|1|B1|U|1840"
"9QF4|1|B1|G|1842","s55","9QF4|1|B1|U|1897"
"9QF4|1|B1|G|1842","s35","9QF4|1|B1|C|1843"
"9QF4|1|B1|C|1843","s35","9QF4|1|B1|C|1844"
"9QF4|1|B1|C|1843","s53","9QF4|1|B1|G|1842"
"9QF4|1|B1|C|1844","s55","9QF4|1|B1|G|1865"
"9QF4|1|B1|C|1844","s53","9QF4|1|B1|C|1843"
"9QF4|1|B1|C|1844","s35","9QF4|1|B1|C|1845"
"9QF4|1|B1|C|1845","s53","9QF4|1|B1|C|1844"
"9QF4|1|B1|C|1845","s55","9QF4|1|B1|G|1864"
"9QF4|1|B1|C|1845","s35","9QF4|1|B1|4AC|1846"
"9QF4|1|B1|4AC|1846","s53","9QF4|1|B1|C|1845"
"9QF4|1|B1|4AC|1846","s55","9QF4|1|B1|G|1863"
"9QF4|1|B1|4AC|1846","s35","9QF4|1|B1|G|1847"
"9QF4|1|B1|G|1847","s35","9QF4|1|B1|U|1848"
"9QF4|1|B1|G|1847","s55","9QF4|1|B1|G|1862"
"9QF4|1|B1|G|1847","s53","9QF4|1|B1|4AC|1846"
"9QF4|1|B1|U|1848","s35","9QF4|1|B1|A|1858"
"9QF4|1|B1|U|1848","s53","9QF4|1|B1|G|1847"
"9QF4|1|B1|A|1849","s55","9QF4|1|B1|A|1860"
"9QF4|1|B1|A|1849","s33","9QF4|1|B1|G|1857"
"9QF4|1|B1|A|1849","s35","9QF4|1|B1|A|1850"
"9QF4|1|B1|A|1850","s53","9QF4|1|B1|A|1849"
"9QF4|1|B1|A|1850","s35","9QF4|1|B1|C|1851"
"9QF4|1|B1|C|1851","s55","9QF4|1|B1|G|1857"
"9QF4|1|B1|C|1851","s53","9QF4|1|B1|A|1850"
"9QF4|1|B1|C|1851","s35","9QF4|1|B1|U|1852"
"9QF4|1|B1|U|1852","s55","9QF4|1|B1|G|1856"
"9QF4|1|B1|U|1852","s53","9QF4|1|B1|C|1851"
"9QF4|1|B1|U|1852","s35","9QF4|1|B1|C|1854"
"9QF4|1|B1|U|1853","s35","9QF4|1|B1|A|2102"
"9QF4|1|B1|C|1854","s53","9QF4|1|B1|G|1855"
"9QF4|1|B1|C|1854","s53","9QF4|1|B1|U|1852"
"9QF4|1|B1|G|1855","s35","9QF4|1|B1|C|1854"
"9QF4|1|B1|G|1855","s55","9QF4|1|B1|G|1856"
"9QF4|1|B1|G|1856","s55","9QF4|1|B1|G|1855"
"9QF4|1|B1|G|1856","s35","9QF4|1|B1|G|1857"
"9QF4|1|B1|G|1856","s55","9QF4|1|B1|U|1852"
"9QF4|1|B1|G|1857","s33","9QF4|1|B1|A|1858"
"9QF4|1|B1|G|1857","s53","9QF4|1|B1|G|1856"
"9QF4|1|B1|G|1857","s55","9QF4|1|B1|C|1851"
"9QF4|1|B1|G|1857","s33","9QF4|1|B1|A|1849"
"9QF4|1|B1|A|1858","s33","9QF4|1|B1|G|1857"
"9QF4|1|B1|A|1858","ns55","9QF4|1|B1|A|1860"
"9QF4|1|B1|A|1858","s53","9QF4|1|B1|U|1848"
"9QF4|1|B1|G|1859","s35","9QF4|1|B1|G|1903"
"9QF4|1|B1|A|1860","ns55","9QF4|1|B1|A|1858"
"9QF4|1|B1|A|1860","ns35","9QF4|1|B1|A|1861"
"9QF4|1|B1|A|1860","s55","9QF4|1|B1|A|1849"
"9QF4|1|B1|A|1861","s35","9QF4|1|B1|G|1862"
"9QF4|1|B1|A|1861","ns53","9QF4|1|B1|A|1860"
"9QF4|1|B1|G|1862","s35","9QF4|1|B1|G|1863"
"9QF4|1|B1|G|1862","s55","9QF4|1|B1|G|1847"
"9QF4|1|B1|G|1862","s53","9QF4|1|B1|A|1861"
"9QF4|1|B1|G|1863","s35","9QF4|1|B1|G|1864"
"9QF4|1|B1|G|1863","s55","9QF4|1|B1|4AC|1846"
"9QF4|1|B1|G|1863","s53","9QF4|1|B1|G|1862"
"9QF4|1|B1|G|1864","s53","9QF4|1|B1|G|1863"
"9QF4|1|B1|G|1864","s55","9QF4|1|B1|C|1845"
"9QF4|1|B1|G|1864","s35","9QF4|1|B1|G|1865"
"9QF4|1|B1|G|1865","s53","9QF4|1|B1|G|1864"
"9QF4|1|B1|G|1865","s35","9QF4|1|B1|U|1866"
"9QF4|1|B1|G|1865","s55","9QF4|1|B1|C|1844"
"9QF4|1|B1|U|1866","s53","9QF4|1|B1|G|1865"
"9QF4|1|B1|G|1867","s35","9QF4|1|B1|C|1868"
"9QF4|1|B1|G|1867","s53","9QF4|1|B1|G|1896"
"9QF4|1|B1|G|1867","s55","9QF4|1|B1|C|1892"
"9QF4|1|B1|C|1868","s53","9QF4|1|B1|G|1867"
"9QF4|1|B1|C|1868","s35","9QF4|1|B1|C|1869"
"9QF4|1|B1|C|1869","s53","9QF4|1|B1|C|1868"
"9QF4|1|B1|C|1869","s35","9QF4|1|B1|U|1870"
"9QF4|1|B1|C|1869","s55","9QF4|1|B1|G|1890"
"9QF4|1|B1|U|1870","s55","9QF4|1|B1|G|1889"
"9QF4|1|B1|U|1870","s35","9QF4|1|B1|G|1871"
"9QF4|1|B1|U|1870","s53","9QF4|1|B1|C|1869"
"9QF4|1|B1|G|1871","s53","9QF4|1|B1|U|1870"
"9QF4|1|B1|G|1871","s35","9QF4|1|B1|C|1872"
"9QF4|1|B1|G|1871","s55","9QF4|1|B1|A|1888"
"9QF4|1|B1|C|1872","s35","9QF4|1|B1|G|1873"
"9QF4|1|B1|C|1872","s53","9QF4|1|B1|G|1871"
"9QF4|1|B1|G|1873","s55","9QF4|1|B1|G|1886"
"9QF4|1|B1|G|1873","s53","9QF4|1|B1|C|1872"
"9QF4|1|B1|G|1873","s35","9QF4|1|B1|G|1874"
"9QF4|1|B1|G|1874","s35","9QF4|1|B1|G|1875"
"9QF4|1|B1|G|1874","s53","9QF4|1|B1|G|1873"
"9QF4|1|B1|G|1874","s55","9QF4|1|B1|4AC|1885"
"9QF4|1|B1|G|1875","s53","9QF4|1|B1|G|1874"
"9QF4|1|B1|G|1875","s55","9QF4|1|B1|C|1884"
"9QF4|1|B1|G|1875","s35","9QF4|1|B1|U|1876"
"9QF4|1|B1|U|1876","s53","9QF4|1|B1|G|1875"
"9QF4|1|B1|U|1876","s35","9QF4|1|B1|G|1877"
"9QF4|1|B1|G|1877","s53","9QF4|1|B1|U|1876"
"9QF4|1|B1|G|1877","ns55","9QF4|1|B1|A|1882"
"9QF4|1|B1|G|1877","ns33","9QF4|1|B1|G|1879"
"9QF4|1|B1|C|1878","ns35","9QF4|1|B1|G|1879"
"9QF4|1|B1|G|1879","s35","9QF4|1|B1|A|1881"
"9QF4|1|B1|G|1879","ns53","9QF4|1|B1|C|1878"
"9QF4|1|B1|G|1879","ns33","9QF4|1|B1|G|1877"
"9QF4|1|B1|A|1881","s53","9QF4|1|B1|G|1879"
"9QF4|1|B1|A|1881","s35","9QF4|1|B1|A|1882"
"9QF4|1|B1|A|1882","ns55","9QF4|1|B1|G|1877"
"9QF4|1|B1|A|1882","s53","9QF4|1|B1|A|1881"
"9QF4|1|B1|A|1882","s35","9QF4|1|B1|C|1883"
"9QF4|1|B1|C|1883","s53","9QF4|1|B1|A|1882"
"9QF4|1|B1|C|1883","s35","9QF4|1|B1|C|1884"
"9QF4|1|B1|C|1884","s55","9QF4|1|B1|G|1875"
"9QF4|1|B1|C|1884","s53","9QF4|1|B1|C|1883"
"9QF4|1|B1|C|1884","s35","9QF4|1|B1|4AC|1885"
"9QF4|1|B1|4AC|1885","s55","9QF4|1|B1|G|1874"
"9QF4|1|B1|4AC|1885","s53","9QF4|1|B1|C|1884"
"9QF4|1|B1|4AC|1885","ns35","9QF4|1|B1|G|1886"
"9QF4|1|B1|G|1886","ns53","9QF4|1|B1|4AC|1885"
"9QF4|1|B1|G|1886","s55","9QF4|1|B1|G|1873"
"9QF4|1|B1|G|1886","s35","9QF4|1|B1|C|1887"
"9QF4|1|B1|C|1887","s53","9QF4|1|B1|G|1886"
"9QF4|1|B1|C|1887","s35","9QF4|1|B1|A|1888"
"9QF4|1|B1|A|1888","s35","9QF4|1|B1|G|1889"
"9QF4|1|B1|A|1888","s55","9QF4|1|B1|G|1871"
"9QF4|1|B1|A|1888","s53","9QF4|1|B1|C|1887"
"9QF4|1|B1|G|1889","s35","9QF4|1|B1|G|1890"
"9QF4|1|B1|G|1889","s55","9QF4|1|B1|U|1870"
"9QF4|1|B1|G|1889","s53","9QF4|1|B1|A|1888"
"9QF4|1|B1|G|1890","s55","9QF4|1|B1|C|1869"
"9QF4|1|B1|G|1890","s53","9QF4|1|B1|G|1889"
"9QF4|1|B1|G|1890","s35","9QF4|1|B1|U|1891"
"9QF4|1|B1|U|1891","s53","9QF4|1|B1|G|1890"
"9QF4|1|B1|U|1891","s35","9QF4|1|B1|C|1892"
"9QF4|1|B1|C|1892","s53","9QF4|1|B1|U|1891"
"9QF4|1|B1|C|1892","s35","9QF4|1|B1|G|1893"
"9QF4|1|B1|C|1892","s55","9QF4|1|B1|G|1867"
"9QF4|1|B1|G|1893","s55","9QF4|1|B1|G|1896"
"9QF4|1|B1|G|1893","s53","9QF4|1|B1|C|1892"
"9QF4|1|B1|G|1893","ns33","9QF4|1|B1|A|1895"
"9QF4|1|B1|C|1894","s35","9QF4|1|B1|A|1895"
"9QF4|1|B1|A|1895","s53","9QF4|1|B1|C|1894"
"9QF4|1|B1|A|1895","ns33","9QF4|1|B1|G|1893"
"9QF4|1|B1|G|1896","s55","9QF4|1|B1|G|1893"
"9QF4|1|B1|G|1896","s35","9QF4|1|B1|G|1867"
"9QF4|1|B1|U|1897","s55","9QF4|1|B1|G|1842"
"9QF4|1|B1|A|1899","s35","9QF4|1|B1|C|1900"
"9QF4|1|B1|A|1899","ns55","9QF4|1|B1|U|2813"
"9QF4|1|B1|C|1900","s35","9QF4|1|B1|U|1901"
"9QF4|1|B1|C|1900","s53","9QF4|1|B1|A|1899"
"9QF4|1|B1|U|1901","s53","9QF4|1|B1|C|1900"
"9QF4|1|B1|U|1901","s35","9QF4|1|B1|A|1902"
"9QF4|1|B1|A|1902","s33","9QF4|1|B1|G|1841"
"9QF4|1|B1|A|1902","s53","9QF4|1|B1|U|1901"
"9QF4|1|B1|G|1903","s53","9QF4|1|B1|G|1859"
"9QF4|1|B1|OMG|1904","s55","9QF4|1|B1|G|2114"
"9QF4|1|B1|OMG|1904","s35","9QF4|1|B1|G|1905"
"9QF4|1|B1|G|1905","s35","9QF4|1|B1|G|1906"
"9QF4|1|B1|G|1905","s55","9QF4|1|B1|4AC|2113"
"9QF4|1|B1|G|1905","s53","9QF4|1|B1|OMG|1904"
"9QF4|1|B1|G|1906","s35","9QF4|1|B1|G|1907"
"9QF4|1|B1|G|1906","s53","9QF4|1|B1|G|1905"
"9QF4|1|B1|G|1906","s55","9QF4|1|B1|C|2112"
"9QF4|1|B1|G|1907","s35","9QF4|1|B1|G|1908"
"9QF4|1|B1|G|1907","s55","9QF4|1|B1|C|2111"
"9QF4|1|B1|G|1907","s53","9QF4|1|B1|G|1906"
"9QF4|1|B1|G|1908","s35","9QF4|1|B1|C|1909"
"9QF4|1|B1|G|1908","s55","9QF4|1|B1|C|2110"
"9QF4|1|B1|G|1908","s53","9QF4|1|B1|G|1907"
"9QF4|1|B1|C|1909","s35","9QF4|1|B1|C|1910"
"9QF4|1|B1|C|1909","s53","9QF4|1|B1|G|1908"
"9QF4|1|B1|C|1910","s53","9QF4|1|B1|C|1909"
"9QF4|1|B1|C|1910","s35","9QF4|1|B1|4AC|1911"
"9QF4|1|B1|C|1910","s55","9QF4|1|B1|OMG|2108"
"9QF4|1|B1|4AC|1911","s55","9QF4|1|B1|G|2107"
"9QF4|1|B1|4AC|1911","s53","9QF4|1|B1|C|1910"
"9QF4|1|B1|4AC|1911","s35","9QF4|1|B1|G|1912"
"9QF4|1|B1|G|1912","s53","9QF4|1|B1|4AC|1911"
"9QF4|1|B1|G|1912","s55","9QF4|1|B1|G|2105"
"9QF4|1|B1|A|1913","s35","9QF4|1|B1|OMC|1914"
"9QF4|1|B1|A|1913","s55","9QF4|1|B1|A|1969"
"9QF4|1|B1|OMC|1914","s35","9QF4|1|B1|U|1915"
"9QF4|1|B1|OMC|1914","ns55","9QF4|1|B1|A|1931"
"9QF4|1|B1|OMC|1914","s53","9QF4|1|B1|A|1913"
"9QF4|1|B1|U|1915","s55","9QF4|1|B1|G|863"
"9QF4|1|B1|U|1915","s35","9QF4|1|B1|G|1916"
"9QF4|1|B1|U|1915","s53","9QF4|1|B1|OMC|1914"
"9QF4|1|B1|G|1916","s35","9QF4|1|B1|U|1917"
"9QF4|1|B1|G|1916","s55","9QF4|1|B1|A|1929"
"9QF4|1|B1|G|1916","s53","9QF4|1|B1|U|1915"
"9QF4|1|B1|U|1917","s35","9QF4|1|B1|U|1918"
"9QF4|1|B1|U|1917","s53","9QF4|1|B1|G|1916"
"9QF4|1|B1|U|1918","ns33","9QF4|1|B1|U|1919"
"9QF4|1|B1|U|1918","s35","9QF4|1|B1|A|1924"
"9QF4|1|B1|U|1918","s53","9QF4|1|B1|U|1917"
"9QF4|1|B1|U|1918","s55","9QF4|1|B1|A|1927"
"9QF4|1|B1|U|1919","ns33","9QF4|1|B1|U|1918"
"9QF4|1|B1|U|1919","ns35","9QF4|1|B1|A|1925"
"9QF4|1|B1|U|1919","s53","9QF4|1|B1|A|1923"
"9QF4|1|B1|A|1921","s53","9QF4|1|B1|5MU|888"
"9QF4|1|B1|U|1922","s35","9QF4|1|B1|A|2703"
"9QF4|1|B1|U|1922","s55","9QF4|1|B1|A|2725"
"9QF4|1|B1|A|1923","s35","9QF4|1|B1|U|1919"
"9QF4|1|B1|A|1923","s53","9QF4|1|B1|A|2703"
"9QF4|1|B1|A|1924","s53","9QF4|1|B1|U|1918"
"9QF4|1|B1|A|1925","s35","9QF4|1|B1|A|1927"
"9QF4|1|B1|A|1925","ns53","9QF4|1|B1|U|1919"
"9QF4|1|B1|A|1926","s35","9QF4|1|B1|A|2063"
"9QF4|1|B1|A|1927","s35","9QF4|1|B1|C|1928"
"9QF4|1|B1|A|1927","s53","9QF4|1|B1|A|1925"
"9QF4|1|B1|A|1927","s55","9QF4|1|B1|U|1918"
"9QF4|1|B1|C|1928","s35","9QF4|1|B1|A|1929"
"9QF4|1|B1|C|1928","s53","9QF4|1|B1|A|1927"
"9QF4|1|B1|A|1929","s53","9QF4|1|B1|C|1928"
"9QF4|1|B1|A|1929","s55","9QF4|1|B1|G|1916"
"9QF4|1|B1|A|1929","s35","9QF4|1|B1|C|1930"
"9QF4|1|B1|C|1930","s53","9QF4|1|B1|A|1929"
"9QF4|1|B1|C|1930","s35","9QF4|1|B1|A|1931"
"9QF4|1|B1|C|1930","s33","9QF4|1|B1|G|1968"
"9QF4|1|B1|A|1931","s35","9QF4|1|B1|G|1932"
"9QF4|1|B1|A|1931","s53","9QF4|1|B1|C|1930"
"9QF4|1|B1|A|1931","ns55","9QF4|1|B1|OMC|1914"
"9QF4|1|B1|G|1932","s53","9QF4|1|B1|A|1931"
"9QF4|1|B1|G|1932","ns55","9QF4|1|B1|G|1968"
"9QF4|1|B1|G|1932","s35","9QF4|1|B1|G|1933"
"9QF4|1|B1|G|1933","s53","9QF4|1|B1|G|1932"
"9QF4|1|B1|G|1933","s55","9QF4|1|B1|4AC|1967"
"9QF4|1|B1|G|1933","s35","9QF4|1|B1|U|1934"
"9QF4|1|B1|U|1934","s35","9QF4|1|B1|C|1935"
"9QF4|1|B1|U|1934","s53","9QF4|1|B1|G|1933"
"9QF4|1|B1|C|1935","s35","9QF4|1|B1|C|1936"
"9QF4|1|B1|C|1935","s53","9QF4|1|B1|U|1934"
"9QF4|1|B1|C|1935","s55","9QF4|1|B1|OMG|1965"
"9QF4|1|B1|C|1936","s55","9QF4|1|B1|G|1964"
"9QF4|1|B1|C|1936","s35","9QF4|1|B1|C|1937"
"9QF4|1|B1|C|1936","s53","9QF4|1|B1|C|1935"
"9QF4|1|B1|C|1937","s53","9QF4|1|B1|C|1936"
"9QF4|1|B1|C|1937","s55","9QF4|1|B1|G|1963"
"9QF4|1|B1|C|1937","s35","9QF4|1|B1|A|1938"
"9QF4|1|B1|A|1938","s53","9QF4|1|B1|C|1937"
"9QF4|1|B1|A|1938","s55","9QF4|1|B1|G|1962"
"9QF4|1|B1|A|1938","s35","9QF4|1|B1|A|1959"
"9QF4|1|B1|G|1939","s53","9QF4|1|B1|A|1959"
"9QF4|1|B1|G|1939","ns53","9QF4|1|B1|C|1940"
"9QF4|1|B1|C|1940","ns35","9QF4|1|B1|G|1939"
"9QF4|1|B1|C|1940","s55","9QF4|1|B1|A|1942"
"9QF4|1|B1|A|1942","ns55","9QF4|1|B1|G|1957"
"9QF4|1|B1|A|1942","s35","9QF4|1|B1|G|1943"
"9QF4|1|B1|A|1942","s55","9QF4|1|B1|C|1940"
"9QF4|1|B1|G|1943","s53","9QF4|1|B1|A|1942"
"9QF4|1|B1|G|1943","s35","9QF4|1|B1|C|1944"
"9QF4|1|B1|C|1944","s35","9QF4|1|B1|C|1945"
"9QF4|1|B1|C|1944","s53","9QF4|1|B1|G|1943"
"9QF4|1|B1|C|1945","ns35","9QF4|1|B1|LHH|1946"
"9QF4|1|B1|C|1945","s55","9QF4|1|B1|G|1953"
"9QF4|1|B1|C|1945","s53","9QF4|1|B1|C|1944"
"9QF4|1|B1|LHH|1946","s55","9QF4|1|B1|G|1952"
"9QF4|1|B1|LHH|1946","s35","9QF4|1|B1|G|1947"
"9QF4|1|B1|LHH|1946","ns53","9QF4|1|B1|C|1945"
"9QF4|1|B1|G|1947","s55","9QF4|1|B1|G|1951"
"9QF4|1|B1|G|1947","s53","9QF4|1|B1|LHH|1946"
"9QF4|1|B1|A|1948","s35","9QF4|1|B1|A|1949"
"9QF4|1|B1|A|1949","s53","9QF4|1|B1|A|1948"
"9QF4|1|B1|A|1949","s35","9QF4|1|B1|A|1950"
"9QF4|1|B1|A|1950","s35","9QF4|1|B1|G|1951"
"9QF4|1|B1|A|1950","s53","9QF4|1|B1|A|1949"
"9QF4|1|B1|G|1951","s55","9QF4|1|B1|G|1947"
"9QF4|1|B1|G|1951","s35","9QF4|1|B1|G|1952"
"9QF4|1|B1|G|1951","s53","9QF4|1|B1|A|1950"
"9QF4|1|B1|G|1952","s55","9QF4|1|B1|LHH|1946"
"9QF4|1|B1|G|1952","s35","9QF4|1|B1|G|1953"
"9QF4|1|B1|G|1952","s53","9QF4|1|B1|G|1951"
"9QF4|1|B1|G|1953","s35","9QF4|1|B1|U|1954"
"9QF4|1|B1|G|1953","s53","9QF4|1|B1|G|1952"
"9QF4|1|B1|G|1953","s55","9QF4|1|B1|C|1945"
"9QF4|1|B1|U|1954","s33","9QF4|1|B1|U|1955"
"9QF4|1|B1|U|1954","s53","9QF4|1|B1|G|1953"
"9QF4|1|B1|U|1955","s55","9QF4|1|B1|G|1957"
"9QF4|1|B1|U|1955","s33","9QF4|1|B1|U|1954"
"9QF4|1|B1|G|1957","ns55","9QF4|1|B1|A|1942"
"9QF4|1|B1|G|1957","s35","9QF4|1|B1|U|1958"
"9QF4|1|B1|G|1957","s55","9QF4|1|B1|U|1955"
"9QF4|1|B1|U|1958","s53","9QF4|1|B1|G|1957"
"9QF4|1|B1|A|1959","ns55","9QF4|1|B1|U|1961"
"9QF4|1|B1|A|1959","s35","9QF4|1|B1|G|1939"
"9QF4|1|B1|A|1959","s53","9QF4|1|B1|A|1938"
"9QF4|1|B1|U|1961","ns55","9QF4|1|B1|A|1959"
"9QF4|1|B1|U|1961","s35","9QF4|1|B1|G|1962"
"9QF4|1|B1|G|1962","s55","9QF4|1|B1|A|1938"
"9QF4|1|B1|G|1962","s35","9QF4|1|B1|G|1963"
"9QF4|1|B1|G|1962","s53","9QF4|1|B1|U|1961"
"9QF4|1|B1|G|1963","s55","9QF4|1|B1|C|1937"
"9QF4|1|B1|G|1963","s53","9QF4|1|B1|G|1962"
"9QF4|1|B1|G|1963","s35","9QF4|1|B1|G|1964"
"9QF4|1|B1|G|1964","s35","9QF4|1|B1|OMG|1965"
"9QF4|1|B1|G|1964","s53","9QF4|1|B1|G|1963"
"9QF4|1|B1|G|1964","s55","9QF4|1|B1|C|1936"
"9QF4|1|B1|OMG|1965","s35","9QF4|1|B1|5MC|1966"
"9QF4|1|B1|OMG|1965","s53","9QF4|1|B1|G|1964"
"9QF4|1|B1|OMG|1965","s55","9QF4|1|B1|C|1935"
"9QF4|1|B1|5MC|1966","s53","9QF4|1|B1|OMG|1965"
"9QF4|1|B1|5MC|1966","s35","9QF4|1|B1|4AC|1967"
"9QF4|1|B1|4AC|1967","s55","9QF4|1|B1|G|1933"
"9QF4|1|B1|4AC|1967","s53","9QF4|1|B1|5MC|1966"
"9QF4|1|B1|4AC|1967","s35","9QF4|1|B1|G|1968"
"9QF4|1|B1|G|1968","s53","9QF4|1|B1|4AC|1967"
"9QF4|1|B1|G|1968","ns55","9QF4|1|B1|G|1932"
"9QF4|1|B1|G|1968","s33","9QF4|1|B1|C|1930"
"9QF4|1|B1|A|1969","s55","9QF4|1|B1|A|2102"
"9QF4|1|B1|A|1969","s55","9QF4|1|B1|A|1913"
"9QF4|1|B1|A|1969","s35","9QF4|1|B1|C|1970"
"9QF4|1|B1|C|1970","s53","9QF4|1|B1|A|1969"
"9QF4|1|B1|G|1971","s35","9QF4|1|B1|C|1972"
"9QF4|1|B1|G|1971","s55","9QF4|1|B1|G|2100"
"9QF4|1|B1|C|1972","s35","9QF4|1|B1|5MC|1973"
"9QF4|1|B1|C|1972","s53","9QF4|1|B1|G|1971"
"9QF4|1|B1|5MC|1973","s53","9QF4|1|B1|C|1972"
"9QF4|1|B1|5MC|1973","s35","9QF4|1|B1|U|1974"
"9QF4|1|B1|5MC|1973","s55","9QF4|1|B1|G|2098"
"9QF4|1|B1|U|1974","s55","9QF4|1|B1|G|2097"
"9QF4|1|B1|U|1974","ns35","9QF4|1|B1|A|2025"
"9QF4|1|B1|U|1974","s53","9QF4|1|B1|5MC|1973"
"9QF4|1|B1|G|1975","s35","9QF4|1|B1|C|1976"
"9QF4|1|B1|G|1975","s55","9QF4|1|B1|U|2056"
"9QF4|1|B1|C|1976","s53","9QF4|1|B1|G|1975"
"9QF4|1|B1|C|1976","s35","9QF4|1|B1|5MC|1977"
"9QF4|1|B1|5MC|1977","s33","9QF4|1|B1|A|2024"
"9QF4|1|B1|5MC|1977","s55","9QF4|1|B1|G|2029"
"9QF4|1|B1|5MC|1977","s53","9QF4|1|B1|C|1976"
"9QF4|1|B1|C|1978","s33","9QF4|1|B1|U|2023"
"9QF4|1|B1|C|1978","s55","9QF4|1|B1|A|2024"
"9QF4|1|B1|A|1979","s35","9QF4|1|B1|G|1980"
"9QF4|1|B1|A|1979","s55","9QF4|1|B1|A|2052"
"9QF4|1|B1|G|1980","s35","9QF4|1|B1|OMU|1981"
"9QF4|1|B1|G|1980","s53","9QF4|1|B1|A|1979"
"9QF4|1|B1|OMU|1981","s35","9QF4|1|B1|G|1982"
"9QF4|1|B1|OMU|1981","s53","9QF4|1|B1|G|1980"
"9QF4|1|B1|G|1982","s55","9QF4|1|B1|A|2026"
"9QF4|1|B1|G|1982","s35","9QF4|1|B1|5MC|1983"
"9QF4|1|B1|G|1982","s53","9QF4|1|B1|OMU|1981"
"9QF4|1|B1|5MC|1983","s53","9QF4|1|B1|G|1982"
"9QF4|1|B1|5MC|1983","s35","9QF4|1|B1|C|1984"
"9QF4|1|B1|C|1984","s35","9QF4|1|B1|G|1985"
"9QF4|1|B1|C|1984","s55","9QF4|1|B1|OMG|2022"
"9QF4|1|B1|C|1984","s53","9QF4|1|B1|5MC|1983"
"9QF4|1|B1|G|1985","s35","9QF4|1|B1|G|1986"
"9QF4|1|B1|G|1985","s55","9QF4|1|B1|G|2021"
"9QF4|1|B1|G|1985","s53","9QF4|1|B1|C|1984"
"9QF4|1|B1|G|1986","s53","9QF4|1|B1|G|1985"
"9QF4|1|B1|G|1986","s35","9QF4|1|B1|U|1987"
"9QF4|1|B1|G|1986","s55","9QF4|1|B1|4AC|2020"
"9QF4|1|B1|U|1987","s53","9QF4|1|B1|G|1986"
"9QF4|1|B1|A|1988","s35","9QF4|1|B1|U|1989"
"9QF4|1|B1|U|1989","s53","9QF4|1|B1|A|1988"
"9QF4|1|B1|G|1990","s55","9QF4|1|B1|A|2018"
"9QF4|1|B1|G|1990","s35","9QF4|1|B1|U|1991"
"9QF4|1|B1|U|1991","s35","9QF4|1|B1|G|1992"
"9QF4|1|B1|U|1991","s53","9QF4|1|B1|G|1990"
"9QF4|1|B1|G|1992","ns55","9QF4|1|B1|G|2016"
"9QF4|1|B1|G|1992","s53","9QF4|1|B1|U|1991"
"9QF4|1|B1|G|1992","ns33","9QF4|1|B1|G|2013"
"9QF4|1|B1|A|1993","s55","9QF4|1|B1|A|2014"
"9QF4|1|B1|A|1993","s35","9QF4|1|B1|A|1994"
"9QF4|1|B1|A|1994","s53","9QF4|1|B1|A|1993"
"9QF4|1|B1|A|1994","s35","9QF4|1|B1|G|1995"
"9QF4|1|B1|G|1995","s35","9QF4|1|B1|C|1996"
"9QF4|1|B1|G|1995","s53","9QF4|1|B1|A|1994"
"9QF4|1|B1|C|1996","s35","9QF4|1|B1|C|1997"
"9QF4|1|B1|C|1996","s53","9QF4|1|B1|G|1995"
"9QF4|1|B1|C|1997","s35","9QF4|1|B1|C|1998"
"9QF4|1|B1|C|1997","s55","9QF4|1|B1|G|2011"
"9QF4|1|B1|C|1997","s53","9QF4|1|B1|C|1996"
"9QF4|1|B1|C|1998","s55","9QF4|1|B1|G|2010"
"9QF4|1|B1|C|1998","s35","9QF4|1|B1|G|1999"
"9QF4|1|B1|C|1998","s53","9QF4|1|B1|C|1997"
"9QF4|1|B1|G|1999","s53","9QF4|1|B1|C|1998"
"9QF4|1|B1|G|1999","s35","9QF4|1|B1|G|2000"
"9QF4|1|B1|G|1999","s55","9QF4|1|B1|G|2009"
"9QF4|1|B1|G|2000","s53","9QF4|1|B1|G|1999"
"9QF4|1|B1|G|2000","s55","9QF4|1|B1|4AC|2008"
"9QF4|1|B1|G|2000","s35","9QF4|1|B1|G|2001"
"9QF4|1|B1|G|2001","s55","9QF4|1|B1|OMC|2007"
"9QF4|1|B1|G|2001","s35","9QF4|1|B1|U|2002"
"9QF4|1|B1|G|2001","s53","9QF4|1|B1|G|2000"
"9QF4|1|B1|U|2002","s53","9QF4|1|B1|G|2001"
"9QF4|1|B1|U|2002","ns33","9QF4|1|B1|C|2004"
"9QF4|1|B1|C|2004","s35","9QF4|1|B1|A|2005"
"9QF4|1|B1|C|2004","ns33","9QF4|1|B1|U|2002"
"9QF4|1|B1|A|2005","s53","9QF4|1|B1|C|2004"
"9QF4|1|B1|A|2005","s35","9QF4|1|B1|A|2006"
"9QF4|1|B1|A|2006","s53","9QF4|1|B1|A|2005"
"9QF4|1|B1|A|2006","ns35","9QF4|1|B1|OMC|2007"
"9QF4|1|B1|OMC|2007","s35","9QF4|1|B1|4AC|2008"
"9QF4|1|B1|OMC|2007","s55","9QF4|1|B1|G|2001"
"9QF4|1|B1|OMC|2007","ns53","9QF4|1|B1|A|2006"
"9QF4|1|B1|4AC|2008","s53","9QF4|1|B1|OMC|2007"
"9QF4|1|B1|4AC|2008","s35","9QF4|1|B1|G|2009"
"9QF4|1|B1|4AC|2008","s55","9QF4|1|B1|G|2000"
"9QF4|1|B1|G|2009","s35","9QF4|1|B1|G|2010"
"9QF4|1|B1|G|2009","s55","9QF4|1|B1|G|1999"
"9QF4|1|B1|G|2009","s53","9QF4|1|B1|4AC|2008"
"9QF4|1|B1|G|2010","s53","9QF4|1|B1|G|2009"
"9QF4|1|B1|G|2010","s55","9QF4|1|B1|C|1998"
"9QF4|1|B1|G|2010","s35","9QF4|1|B1|G|2011"
"9QF4|1|B1|G|2011","s55","9QF4|1|B1|C|1997"
"9QF4|1|B1|G|2011","s53","9QF4|1|B1|G|2010"
"9QF4|1|B1|G|2011","s35","9QF4|1|B1|U|2012"
"9QF4|1|B1|U|2012","s53","9QF4|1|B1|G|2011"
"9QF4|1|B1|U|2012","ns35","9QF4|1|B1|G|2013"
"9QF4|1|B1|G|2013","ns53","9QF4|1|B1|U|2012"
"9QF4|1|B1|G|2013","ns33","9QF4|1|B1|G|1992"
"9QF4|1|B1|A|2014","s35","9QF4|1|B1|A|2015"
"9QF4|1|B1|A|2014","s55","9QF4|1|B1|A|1993"
"9QF4|1|B1|A|2015","s35","9QF4|1|B1|G|2016"
"9QF4|1|B1|A|2015","s53","9QF4|1|B1|A|2014"
"9QF4|1|B1|G|2016","ns55","9QF4|1|B1|G|1992"
"9QF4|1|B1|G|2016","s53","9QF4|1|B1|A|2015"
"9QF4|1|B1|G|2016","s35","9QF4|1|B1|C|2017"
"9QF4|1|B1|C|2017","ns35","9QF4|1|B1|A|2018"
"9QF4|1|B1|C|2017","s53","9QF4|1|B1|G|2016"
"9QF4|1|B1|A|2018","s55","9QF4|1|B1|G|1990"
"9QF4|1|B1|A|2018","ns53","9QF4|1|B1|C|2017"
"9QF4|1|B1|A|2018","s35","9QF4|1|B1|C|2019"
"9QF4|1|B1|C|2019","s53","9QF4|1|B1|A|2018"
"9QF4|1|B1|C|2019","s35","9QF4|1|B1|4AC|2020"
"9QF4|1|B1|4AC|2020","s35","9QF4|1|B1|G|2021"
"9QF4|1|B1|4AC|2020","s55","9QF4|1|B1|G|1986"
"9QF4|1|B1|4AC|2020","s53","9QF4|1|B1|C|2019"
"9QF4|1|B1|G|2021","s55","9QF4|1|B1|G|1985"
"9QF4|1|B1|G|2021","s35","9QF4|1|B1|OMG|2022"
"9QF4|1|B1|G|2021","s53","9QF4|1|B1|4AC|2020"
"9QF4|1|B1|OMG|2022","s55","9QF4|1|B1|C|1984"
"9QF4|1|B1|OMG|2022","s35","9QF4|1|B1|U|2023"
"9QF4|1|B1|OMG|2022","s53","9QF4|1|B1|G|2021"
"9QF4|1|B1|U|2023","s53","9QF4|1|B1|OMG|2022"
"9QF4|1|B1|U|2023","s33","9QF4|1|B1|C|1978"
"9QF4|1|B1|A|2024","s35","9QF4|1|B1|OMG|2028"
"9QF4|1|B1|A|2024","s33","9QF4|1|B1|5MC|1977"
"9QF4|1|B1|A|2024","s55","9QF4|1|B1|C|1978"
"9QF4|1|B1|A|2025","s53","9QF4|1|B1|A|2095"
"9QF4|1|B1|A|2025","ns53","9QF4|1|B1|U|1974"
"9QF4|1|B1|A|2026","s35","9QF4|1|B1|C|2027"
"9QF4|1|B1|A|2026","s55","9QF4|1|B1|G|1982"
"9QF4|1|B1|C|2027","s53","9QF4|1|B1|A|2026"
"9QF4|1|B1|C|2027","s35","9QF4|1|B1|OMG|2028"
"9QF4|1|B1|OMG|2028","s53","9QF4|1|B1|C|2027"
"9QF4|1|B1|OMG|2028","s53","9QF4|1|B1|A|2024"
"9QF4|1|B1|OMG|2028","s35","9QF4|1|B1|G|2029"
"9QF4|1|B1|G|2029","s35","9QF4|1|B1|C|2030"
"9QF4|1|B1|G|2029","s53","9QF4|1|B1|OMG|2028"
"9QF4|1|B1|G|2029","s55","9QF4|1|B1|5MC|1977"
"9QF4|1|B1|C|2030","s35","9QF4|1|B1|G|2055"
"9QF4|1|B1|C|2030","s53","9QF4|1|B1|G|2029"
"9QF4|1|B1|G|2031","s55","9QF4|1|B1|G|2054"
"9QF4|1|B1|G|2031","s35","9QF4|1|B1|G|2032"
"9QF4|1|B1|G|2032","ns55","9QF4|1|B1|U|2050"
"9QF4|1|B1|G|2032","s53","9QF4|1|B1|G|2031"
"9QF4|1|B1|G|2032","ns35","9QF4|1|B1|G|2033"
"9QF4|1|B1|G|2033","ns55","9QF4|1|B1|C|2049"
"9QF4|1|B1|G|2033","ns53","9QF4|1|B1|G|2032"
"9QF4|1|B1|G|2033","s35","9QF4|1|B1|G|2034"
"9QF4|1|B1|G|2034","s53","9QF4|1|B1|G|2033"
"9QF4|1|B1|G|2034","ns55","9QF4|1|B1|U|2048"
"9QF4|1|B1|G|2034","s35","9QF4|1|B1|G|2035"
"9QF4|1|B1|G|2035","s53","9QF4|1|B1|G|2034"
"9QF4|1|B1|G|2035","s35","9QF4|1|B1|U|2036"
"9QF4|1|B1|U|2036","s53","9QF4|1|B1|G|2035"
"9QF4|1|B1|A|2037","ns53","9QF4|1|B1|C|2045"
"9QF4|1|B1|C|2039","ns55","9QF4|1|A1|OMC|1371"
"9QF4|1|B1|C|2039","ns53","9QF4|1|A1|A|1449"
"9QF4|1|B1|C|2039","s53","9QF4|1|A1|G|1448"
"9QF4|1|B1|U|2040","s35","9QF4|1|B1|A|2041"
"9QF4|1|B1|A|2041","s35","9QF4|1|B1|U|2042"
"9QF4|1|B1|A|2041","s53","9QF4|1|B1|U|2040"
"9QF4|1|B1|U|2042","s33","9QF4|1|B1|A|2043"
"9QF4|1|B1|U|2042","s53","9QF4|1|B1|A|2041"
"9QF4|1|B1|A|2043","s33","9QF4|1|B1|U|2042"
"9QF4|1|B1|C|2045","s55","9QF4|1|B1|OMC|2046"
"9QF4|1|B1|C|2045","ns35","9QF4|1|B1|A|2037"
"9QF4|1|B1|OMC|2046","s55","9QF4|1|B1|C|2045"
"9QF4|1|B1|OMC|2046","s35","9QF4|1|B1|5MC|2047"
"9QF4|1|B1|5MC|2047","s35","9QF4|1|B1|U|2048"
"9QF4|1|B1|5MC|2047","s53","9QF4|1|B1|OMC|2046"
"9QF4|1|B1|U|2048","s35","9QF4|1|B1|C|2049"
"9QF4|1|B1|U|2048","ns55","9QF4|1|B1|G|2034"
"9QF4|1|B1|U|2048","s53","9QF4|1|B1|5MC|2047"
"9QF4|1|B1|C|2049","s53","9QF4|1|B1|U|2048"
"9QF4|1|B1|C|2049","s35","9QF4|1|B1|U|2050"
"9QF4|1|B1|C|2049","ns55","9QF4|1|B1|G|2033"
"9QF4|1|B1|U|2050","ns55","9QF4|1|B1|G|2032"
"9QF4|1|B1|U|2050","s53","9QF4|1|B1|C|2049"
"9QF4|1|B1|U|2050","s35","9QF4|1|B1|U|2051"
"9QF4|1|B1|U|2051","s53","9QF4|1|B1|U|2050"
"9QF4|1|B1|U|2051","s53","9QF4|1|B1|G|2054"
"9QF4|1|B1|A|2052","s35","9QF4|1|B1|A|2053"
"9QF4|1|B1|A|2052","s55","9QF4|1|B1|A|1979"
"9QF4|1|B1|A|2053","s53","9QF4|1|B1|A|2052"
"9QF4|1|B1|A|2053","s33","9QF4|1|B1|G|2054"
"9QF4|1|B1|G|2054","s35","9QF4|1|B1|U|2051"
"9QF4|1|B1|G|2054","s33","9QF4|1|B1|A|2053"
"9QF4|1|B1|G|2054","s55","9QF4|1|B1|G|2031"
"9QF4|1|B1|G|2055","s33","9QF4|1|B1|G|2093"
"9QF4|1|B1|G|2055","s53","9QF4|1|B1|C|2030"
"9QF4|1|B1|U|2056","s35","9QF4|1|B1|A|2057"
"9QF4|1|B1|U|2056","s33","9QF4|1|B1|G|2093"
"9QF4|1|B1|U|2056","s55","9QF4|1|B1|G|1975"
"9QF4|1|B1|A|2057","s35","9QF4|1|B1|G|2058"
"9QF4|1|B1|A|2057","s53","9QF4|1|B1|U|2056"
"9QF4|1|B1|A|2057","s55","9QF4|1|B1|A|2094"
"9QF4|1|B1|G|2058","s53","9QF4|1|B1|A|2057"
"9QF4|1|B1|G|2058","ns55","9QF4|1|B1|G|2093"
"9QF4|1|B1|G|2058","s35","9QF4|1|B1|OMC|2059"
"9QF4|1|B1|OMC|2059","s53","9QF4|1|B1|G|2058"
"9QF4|1|B1|OMC|2059","ns35","9QF4|1|B1|G|2060"
"9QF4|1|B1|G|2060","s55","9QF4|1|B1|G|2089"
"9QF4|1|B1|G|2060","s33","9QF4|1|B1|5MC|2087"
"9QF4|1|B1|G|2060","ns53","9QF4|1|B1|OMC|2059"
"9QF4|1|B1|A|2061","s55","9QF4|1|B1|G|2070"
"9QF4|1|B1|A|2061","s33","9QF4|1|B1|U|2065"
"9QF4|1|B1|A|2062","s33","9QF4|1|B1|U|2064"
"9QF4|1|B1|A|2063","ns35","9QF4|1|B1|C|2706"
"9QF4|1|B1|A|2063","s53","9QF4|1|B1|A|1926"
"9QF4|1|B1|A|2063","ns55","9QF4|1|B1|C|2722"
"9QF4|1|B1|U|2064","s33","9QF4|1|B1|A|2062"
"9QF4|1|B1|U|2065","s33","9QF4|1|B1|A|2061"
"9QF4|1|B1|C|2066","s35","9QF4|1|B1|5MC|2067"
"9QF4|1|B1|C|2066","s55","9QF4|1|B1|C|2090"
"9QF4|1|B1|5MC|2067","s33","9QF4|1|B1|U|2068"
"9QF4|1|B1|5MC|2067","s53","9QF4|1|B1|C|2066"
"9QF4|1|B1|U|2068","s33","9QF4|1|B1|5MC|2067"
"9QF4|1|B1|U|2069","s55","9QF4|1|B1|U|2080"
"9QF4|1|B1|G|2070","ns55","9QF4|1|B1|U|2088"
"9QF4|1|B1|G|2070","s55","9QF4|1|B1|A|2061"
"9QF4|1|B1|G|2070","s35","9QF4|1|B1|U|2071"
"9QF4|1|B1|U|2071","s53","9QF4|1|B1|G|2070"
"9QF4|1|B1|U|2071","s35","9QF4|1|B1|C|2072"
"9QF4|1|B1|C|2072","s55","9QF4|1|B1|A|2085"
"9QF4|1|B1|C|2072","s35","9QF4|1|B1|G|2073"
"9QF4|1|B1|C|2072","s53","9QF4|1|B1|U|2071"
"9QF4|1|B1|G|2073","s55","9QF4|1|B1|G|2084"
"9QF4|1|B1|G|2073","s53","9QF4|1|B1|C|2072"
"9QF4|1|B1|G|2073","s35","9QF4|1|B1|G|2074"
"9QF4|1|B1|G|2074","s55","9QF4|1|B1|4AC|2083"
"9QF4|1|B1|G|2074","s35","9QF4|1|B1|U|2075"
"9QF4|1|B1|G|2074","s53","9QF4|1|B1|G|2073"
"9QF4|1|B1|U|2075","ns33","9QF4|1|B1|A|2079"
"9QF4|1|B1|U|2075","ns35","9QF4|1|B1|U|2076"
"9QF4|1|B1|U|2075","s53","9QF4|1|B1|G|2074"
"9QF4|1|B1|U|2076","ns55","9QF4|1|B1|A|2079"
"9QF4|1|B1|U|2076","ns53","9QF4|1|B1|U|2075"
"9QF4|1|B1|A|2077","s35","9QF4|1|B1|A|2078"
"9QF4|1|B1|A|2078","s53","9QF4|1|B1|A|2077"
"9QF4|1|B1|A|2079","ns33","9QF4|1|B1|U|2075"
"9QF4|1|B1|A|2079","s35","9QF4|1|B1|G|2081"
"9QF4|1|B1|A|2079","ns55","9QF4|1|B1|U|2076"
"9QF4|1|B1|U|2080","s55","9QF4|1|B1|U|2069"
"9QF4|1|B1|U|2080","ns53","9QF4|1|B1|G|2667"
"9QF4|1|B1|U|2080","ns55","9QF4|1|B1|A|2673"
"9QF4|1|B1|G|2081","s35","9QF4|1|B1|5MC|2082"
"9QF4|1|B1|G|2081","s53","9QF4|1|B1|A|2079"
"9QF4|1|B1|5MC|2082","s53","9QF4|1|B1|G|2081"
"9QF4|1|B1|5MC|2082","s35","9QF4|1|B1|4AC|2083"
"9QF4|1|B1|4AC|2083","ns35","9QF4|1|B1|G|2084"
"9QF4|1|B1|4AC|2083","s53","9QF4|1|B1|5MC|2082"
"9QF4|1|B1|4AC|2083","s55","9QF4|1|B1|G|2074"
"9QF4|1|B1|G|2084","s35","9QF4|1|B1|A|2085"
"9QF4|1|B1|G|2084","ns53","9QF4|1|B1|4AC|2083"
"9QF4|1|B1|G|2084","s55","9QF4|1|B1|G|2073"
"9QF4|1|B1|A|2085","s53","9QF4|1|B1|G|2084"
"9QF4|1|B1|A|2085","s55","9QF4|1|B1|C|2072"
"9QF4|1|B1|A|2085","s35","9QF4|1|B1|C|2086"
"9QF4|1|B1|C|2086","s53","9QF4|1|B1|A|2085"
"9QF4|1|B1|C|2086","s35","9QF4|1|B1|5MC|2087"
"9QF4|1|B1|5MC|2087","s53","9QF4|1|B1|C|2086"
"9QF4|1|B1|5MC|2087","s33","9QF4|1|B1|G|2060"
"9QF4|1|B1|U|2088","ns55","9QF4|1|B1|G|2070"
"9QF4|1|B1|G|2089","s35","9QF4|1|B1|U|2092"
"9QF4|1|B1|G|2089","s55","9QF4|1|B1|G|2060"
"9QF4|1|B1|C|2090","s55","9QF4|1|B1|C|2066"
"9QF4|1|B1|C|2090","s33","9QF4|1|B1|A|2091"
"9QF4|1|B1|A|2091","s33","9QF4|1|B1|C|2090"
"9QF4|1|B1|U|2092","s53","9QF4|1|B1|G|2089"
"9QF4|1|B1|U|2092","s35","9QF4|1|B1|G|2093"
"9QF4|1|B1|G|2093","s53","9QF4|1|B1|U|2092"
"9QF4|1|B1|G|2093","s33","9QF4|1|B1|U|2056"
"9QF4|1|B1|G|2093","s33","9QF4|1|B1|G|2055"
"9QF4|1|B1|G|2093","ns55","9QF4|1|B1|G|2058"
"9QF4|1|B1|A|2094","s55","9QF4|1|B1|A|2057"
"9QF4|1|B1|A|2094","ns55","9QF4|1|B1|G|2098"
"9QF4|1|B1|A|2095","s35","9QF4|1|B1|A|2025"
"9QF4|1|B1|A|2095","s55","9QF4|1|B1|G|2097"
"9QF4|1|B1|G|2097","s55","9QF4|1|B1|A|2095"
"9QF4|1|B1|G|2097","s55","9QF4|1|B1|U|1974"
"9QF4|1|B1|G|2097","s35","9QF4|1|B1|G|2098"
"9QF4|1|B1|G|2098","s53","9QF4|1|B1|G|2097"
"9QF4|1|B1|G|2098","s55","9QF4|1|B1|5MC|1973"
"9QF4|1|B1|G|2098","ns55","9QF4|1|B1|A|2094"
"9QF4|1|B1|G|2098","s35","9QF4|1|B1|C|2099"
"9QF4|1|B1|C|2099","s35","9QF4|1|B1|G|2100"
"9QF4|1|B1|C|2099","s53","9QF4|1|B1|G|2098"
"9QF4|1|B1|G|2100","s35","9QF4|1|B1|U|2101"
"9QF4|1|B1|G|2100","s55","9QF4|1|B1|G|1971"
"9QF4|1|B1|G|2100","s53","9QF4|1|B1|C|2099"
"9QF4|1|B1|U|2101","s53","9QF4|1|B1|G|2100"
"9QF4|1|B1|A|2102","s55","9QF4|1|B1|A|1969"
"9QF4|1|B1|A|2102","s53","9QF4|1|B1|U|1853"
"9QF4|1|B1|A|2102","s35","9QF4|1|B1|A|2103"
"9QF4|1|B1|A|2103","s35","9QF4|1|B1|C|2104"
"9QF4|1|B1|A|2103","s53","9QF4|1|B1|A|2102"
"9QF4|1|B1|C|2104","s35","9QF4|1|B1|G|2105"
"9QF4|1|B1|C|2104","s53","9QF4|1|B1|A|2103"
"9QF4|1|B1|G|2105","s55","9QF4|1|B1|G|1912"
"9QF4|1|B1|G|2105","s53","9QF4|1|B1|C|2104"
"9QF4|1|B1|G|2105","s35","9QF4|1|B1|G|2107"
"9QF4|1|B1|A|2106","s35","9QF4|1|B1|U|875"
"9QF4|1|B1|G|2107","s55","9QF4|1|B1|4AC|1911"
"9QF4|1|B1|G|2107","s35","9QF4|1|B1|OMG|2108"
"9QF4|1|B1|G|2107","s53","9QF4|1|B1|G|2105"
"9QF4|1|B1|OMG|2108","s53","9QF4|1|B1|G|2107"
"9QF4|1|B1|OMG|2108","s35","9QF4|1|B1|U|2109"
"9QF4|1|B1|OMG|2108","s55","9QF4|1|B1|C|1910"
"9QF4|1|B1|U|2109","s53","9QF4|1|B1|OMG|2108"
"9QF4|1|B1|U|2109","s35","9QF4|1|B1|C|2110"
"9QF4|1|B1|C|2110","s53","9QF4|1|B1|U|2109"
"9QF4|1|B1|C|2110","s35","9QF4|1|B1|C|2111"
"9QF4|1|B1|C|2110","s55","9QF4|1|B1|G|1908"
"9QF4|1|B1|C|2111","s55","9QF4|1|B1|G|1907"
"9QF4|1|B1|C|2111","s53","9QF4|1|B1|C|2110"
"9QF4|1|B1|C|2111","ns35","9QF4|1|B1|C|2112"
"9QF4|1|B1|C|2112","s35","9QF4|1|B1|4AC|2113"
"9QF4|1|B1|C|2112","s55","9QF4|1|B1|G|1906"
"9QF4|1|B1|C|2112","ns53","9QF4|1|B1|C|2111"
"9QF4|1|B1|4AC|2113","s35","9QF4|1|B1|G|2114"
"9QF4|1|B1|4AC|2113","s53","9QF4|1|B1|C|2112"
"9QF4|1|B1|4AC|2113","s55","9QF4|1|B1|G|1905"
"9QF4|1|B1|G|2114","s55","9QF4|1|B1|OMG|1904"
"9QF4|1|B1|G|2114","s35","9QF4|1|B1|C|2115"
"9QF4|1|B1|G|2114","s53","9QF4|1|B1|4AC|2113"
"9QF4|1|B1|C|2115","s35","9QF4|1|B1|U|2116"
"9QF4|1|B1|C|2115","s53","9QF4|1|B1|G|2114"
"9QF4|1|B1|U|2116","s53","9QF4|1|B1|C|2115"
"9QF4|1|B1|U|2116","s33","9QF4|1|B1|G|1827"
"9QF4|1|B1|G|2117","s33","9QF4|1|B1|G|1823"
"9QF4|1|B1|G|2117","s35","9QF4|1|B1|C|2122"
"9QF4|1|B1|G|2117","ns53","9QF4|1|B1|C|2120"
"9QF4|1|B1|U|2118","s35","9QF4|1|B1|C|2119"
"9QF4|1|B1|U|2118","s55","9QF4|1|B1|A|1828"
"9QF4|1|B1|C|2119","s53","9QF4|1|B1|U|2118"
"9QF4|1|B1|C|2119","s35","9QF4|1|B1|C|2120"
"9QF4|1|B1|C|2119","ns55","9QF4|1|B1|A|1829"
"9QF4|1|B1|C|2120","s55","9QF4|1|B1|G|1826"
"9QF4|1|B1|C|2120","ns35","9QF4|1|B1|G|2117"
"9QF4|1|B1|C|2120","s33","9QF4|1|B1|C|2121"
"9QF4|1|B1|C|2120","s53","9QF4|1|B1|C|2119"
"9QF4|1|B1|C|2121","ns35","9QF4|1|B1|G|1825"
"9QF4|1|B1|C|2121","s33","9QF4|1|B1|C|2120"
"9QF4|1|B1|C|2122","s53","9QF4|1|B1|G|2117"
"9QF4|1|B1|C|2122","ns35","9QF4|1|B1|G|2123"
"9QF4|1|B1|G|2123","ns53","9QF4|1|B1|C|2122"
"9QF4|1|B1|G|2123","s55","9QF4|1|B1|G|1823"
"9QF4|1|B1|G|2123","s35","9QF4|1|B1|G|2124"
"9QF4|1|B1|G|2124","s55","9QF4|1|B1|4AC|1822"
"9QF4|1|B1|G|2124","s35","9QF4|1|B1|C|2125"
"9QF4|1|B1|G|2124","s53","9QF4|1|B1|G|2123"
"9QF4|1|B1|C|2125","s35","9QF4|1|B1|C|2126"
"9QF4|1|B1|C|2125","s53","9QF4|1|B1|G|2124"
"9QF4|1|B1|C|2126","s35","9QF4|1|B1|G|2127"
"9QF4|1|B1|C|2126","s55","9QF4|1|B1|G|1820"
"9QF4|1|B1|C|2126","s53","9QF4|1|B1|C|2125"
"9QF4|1|B1|G|2127","s55","9QF4|1|B1|G|1819"
"9QF4|1|B1|G|2127","s53","9QF4|1|B1|C|2126"
"9QF4|1|B1|G|2127","s35","9QF4|1|B1|G|2128"
"9QF4|1|B1|G|2128","s53","9QF4|1|B1|G|2127"
"9QF4|1|B1|G|2128","s55","9QF4|1|B1|4AC|1818"
"9QF4|1|B1|G|2128","s35","9QF4|1|B1|G|2129"
"9QF4|1|B1|G|2129","s53","9QF4|1|B1|G|2128"
"9QF4|1|B1|G|2129","s35","9QF4|1|B1|G|2130"
"9QF4|1|B1|G|2129","s55","9QF4|1|B1|C|1817"
"9QF4|1|B1|G|2130","s55","9QF4|1|B1|C|1816"
"9QF4|1|B1|G|2130","ns33","9QF4|1|B1|A|1814"
"9QF4|1|B1|G|2130","s53","9QF4|1|B1|G|2129"
"9QF4|1|B1|G|2130","s35","9QF4|1|B1|C|2131"
"9QF4|1|B1|C|2131","s53","9QF4|1|B1|G|2130"
"9QF4|1|B1|C|2131","s35","9QF4|1|B1|C|2132"
"9QF4|1|B1|C|2132","s53","9QF4|1|B1|C|2131"
"9QF4|1|B1|C|2132","s55","9QF4|1|B1|G|1810"
"9QF4|1|B1|C|2132","s35","9QF4|1|B1|4AC|2133"
"9QF4|1|B1|4AC|2133","s55","9QF4|1|B1|G|1809"
"9QF4|1|B1|4AC|2133","s53","9QF4|1|B1|C|2132"
"9QF4|1|B1|4AC|2133","s35","9QF4|1|B1|G|2134"
"9QF4|1|B1|G|2134","s53","9QF4|1|B1|4AC|2133"
"9QF4|1|B1|G|2134","s55","9QF4|1|B1|G|1808"
"9QF4|1|B1|G|2134","s35","9QF4|1|B1|G|2135"
"9QF4|1|B1|G|2135","s35","9QF4|1|B1|C|2136"
"9QF4|1|B1|G|2135","s55","9QF4|1|B1|C|1807"
"9QF4|1|B1|G|2135","s53","9QF4|1|B1|G|2134"
"9QF4|1|B1|C|2136","s53","9QF4|1|B1|G|2135"
"9QF4|1|B1|C|2136","s35","9QF4|1|B1|G|2137"
"9QF4|1|B1|G|2137","s53","9QF4|1|B1|C|2136"
"9QF4|1|B1|G|2137","s33","9QF4|1|B1|U|1410"
"9QF4|1|B1|G|2137","ns55","9QF4|1|B1|G|1412"
"9QF4|1|B1|G|2137","s33","9QF4|1|B1|G|1409"
"9QF4|1|B1|A|2138","s35","9QF4|1|B1|A|2139"
"9QF4|1|B1|A|2138","s55","9QF4|1|B1|A|1411"
"9QF4|1|B1|A|2138","s35","9QF4|1|B1|A|1408"
"9QF4|1|B1|A|2139","ns53","9QF4|1|B1|U|2729"
"9QF4|1|B1|A|2139","s53","9QF4|1|B1|A|2138"
"9QF4|1|B1|A|2139","s33","9QF4|1|B1|G|1407"
"9QF4|1|B1|A|2139","s35","9QF4|1|B1|A|2140"
"9QF4|1|B1|A|2140","s53","9QF4|1|B1|A|2139"
"9QF4|1|B1|A|2140","s35","9QF4|1|B1|C|2141"
"9QF4|1|B1|A|2140","ns55","9QF4|1|B1|5MU|883"
"9QF4|1|B1|C|2141","s55","9QF4|1|B1|G|1407"
"9QF4|1|B1|C|2141","s35","9QF4|1|B1|C|2142"
"9QF4|1|B1|C|2141","s53","9QF4|1|B1|A|2140"
"9QF4|1|B1|C|2142","ns35","9QF4|1|B1|G|671"
"9QF4|1|B1|C|2142","s55","9QF4|1|B1|G|1406"
"9QF4|1|B1|C|2142","s53","9QF4|1|B1|C|2141"
"9QF4|1|B1|U|2143","s53","9QF4|1|B1|G|670"
"9QF4|1|B1|U|2143","s35","9QF4|1|B1|C|2144"
"9QF4|1|B1|U|2143","s55","9QF4|1|B1|C|655"
"9QF4|1|B1|C|2144","s53","9QF4|1|B1|U|2143"
"9QF4|1|B1|C|2144","s55","9QF4|1|B1|A|569"
"9QF4|1|B1|C|2144","s35","9QF4|1|B1|U|2145"
"9QF4|1|B1|U|2145","s35","9QF4|1|B1|G|2146"
"9QF4|1|B1|U|2145","ns55","9QF4|1|B1|G|2159"
"9QF4|1|B1|U|2145","s53","9QF4|1|B1|C|2144"
"9QF4|1|B1|G|2146","ns35","9QF4|1|B1|C|2732"
"9QF4|1|B1|G|2146","s53","9QF4|1|B1|U|2145"
"9QF4|1|B1|G|2146","s55","9QF4|1|B1|U|2158"
"9QF4|1|B1|C|2147","s53","9QF4|1|B1|G|567"
"9QF4|1|B1|C|2147","s35","9QF4|1|B1|C|2148"
"9QF4|1|B1|C|2147","s55","9QF4|1|B1|G|2165"
"9QF4|1|B1|C|2148","s35","9QF4|1|B1|U|2149"
"9QF4|1|B1|C|2148","s53","9QF4|1|B1|C|2147"
"9QF4|1|B1|C|2148","s55","9QF4|1|B1|G|2164"
"9QF4|1|B1|U|2149","s53","9QF4|1|B1|C|2148"
"9QF4|1|B1|U|2149","s35","9QF4|1|B1|G|2150"
"9QF4|1|B1|U|2149","s55","9QF4|1|B1|G|2163"
"9QF4|1|B1|G|2150","s35","9QF4|1|B1|G|2151"
"9QF4|1|B1|G|2150","s55","9QF4|1|B1|A|2162"
"9QF4|1|B1|G|2150","s53","9QF4|1|B1|U|2149"
"9QF4|1|B1|G|2151","s55","9QF4|1|B1|C|2161"
"9QF4|1|B1|G|2151","s35","9QF4|1|B1|C|2152"
"9QF4|1|B1|G|2151","s53","9QF4|1|B1|G|2150"
"9QF4|1|B1|C|2152","ns53","9QF4|1|B1|A|1117"
"9QF4|1|B1|C|2152","s35","9QF4|1|B1|G|2153"
"9QF4|1|B1|C|2152","s53","9QF4|1|B1|G|2151"
"9QF4|1|B1|G|2153","s55","9QF4|1|B1|A|2157"
"9QF4|1|B1|G|2153","s53","9QF4|1|B1|C|2152"
"9QF4|1|B1|C|2154","s53","9QF4|1|B1|G|662"
"9QF4|1|B1|C|2154","s35","9QF4|1|B1|A|663"
"9QF4|1|B1|C|2156","s35","9QF4|1|B1|A|2688"
"9QF4|1|B1|A|2157","s55","9QF4|1|B1|G|2153"
"9QF4|1|B1|A|2157","s55","9QF4|1|B1|A|664"
"9QF4|1|B1|A|2157","s35","9QF4|1|B1|C|2160"
"9QF4|1|B1|U|2158","s35","9QF4|1|B1|G|2159"
"9QF4|1|B1|U|2158","s55","9QF4|1|B1|G|2146"
"9QF4|1|B1|G|2159","s35","9QF4|1|B1|A|569"
"9QF4|1|B1|G|2159","ns55","9QF4|1|B1|U|2145"
"9QF4|1|B1|G|2159","s53","9QF4|1|B1|U|2158"
"9QF4|1|B1|C|2160","s53","9QF4|1|B1|A|2157"
"9QF4|1|B1|C|2160","ns55","9QF4|1|B1|U|654"
"9QF4|1|B1|C|2160","ns35","9QF4|1|B1|C|2161"
"9QF4|1|B1|C|2161","s55","9QF4|1|B1|G|2151"
"9QF4|1|B1|C|2161","s35","9QF4|1|B1|A|2162"
"9QF4|1|B1|C|2161","ns53","9QF4|1|B1|C|2160"
"9QF4|1|B1|A|2162","s55","9QF4|1|B1|G|2150"
"9QF4|1|B1|A|2162","ns55","9QF4|1|B1|A|1116"
"9QF4|1|B1|A|2162","s53","9QF4|1|B1|C|2161"
"9QF4|1|B1|A|2162","s35","9QF4|1|B1|G|2163"
"9QF4|1|B1|G|2163","s55","9QF4|1|B1|U|2149"
"9QF4|1|B1|G|2163","s53","9QF4|1|B1|A|2162"
"9QF4|1|B1|G|2163","s35","9QF4|1|B1|G|2164"
"9QF4|1|B1|G|2164","s35","9QF4|1|B1|G|2165"
"9QF4|1|B1|G|2164","s53","9QF4|1|B1|G|2163"
"9QF4|1|B1|G|2164","s55","9QF4|1|B1|C|2148"
"9QF4|1|B1|G|2165","s55","9QF4|1|B1|C|2147"
"9QF4|1|B1|G|2165","s35","9QF4|1|B1|A|2166"
"9QF4|1|B1|G|2165","s53","9QF4|1|B1|G|2164"
"9QF4|1|B1|A|2166","s53","9QF4|1|B1|G|2165"
"9QF4|1|B1|A|2166","s35","9QF4|1|B1|A|566"
"9QF4|1|B1|C|2167","s55","9QF4|1|B1|A|2891"
"9QF4|1|B1|C|2167","s35","9QF4|1|B1|C|2168"
"9QF4|1|B1|C|2168","s53","9QF4|1|B1|C|2167"
"9QF4|1|B1|C|2168","s35","9QF4|1|B1|C|2169"
"9QF4|1|B1|C|2168","s55","9QF4|1|B1|G|2741"
"9QF4|1|B1|C|2169","s35","9QF4|1|B1|C|2170"
"9QF4|1|B1|C|2169","s55","9QF4|1|B1|OMG|2740"
"9QF4|1|B1|C|2169","s53","9QF4|1|B1|C|2168"
"9QF4|1|B1|C|2170","s55","9QF4|1|B1|G|2739"
"9QF4|1|B1|C|2170","s35","9QF4|1|B1|4AC|2171"
"9QF4|1|B1|C|2170","s53","9QF4|1|B1|C|2169"
"9QF4|1|B1|4AC|2171","s55","9QF4|1|B1|G|2738"
"9QF4|1|B1|4AC|2171","s53","9QF4|1|B1|C|2170"
"9QF4|1|B1|4AC|2171","s35","9QF4|1|B1|G|2172"
"9QF4|1|B1|G|2172","s35","9QF4|1|B1|G|2173"
"9QF4|1|B1|G|2172","s53","9QF4|1|B1|4AC|2171"
"9QF4|1|B1|G|2172","s55","9QF4|1|B1|G|2737"
"9QF4|1|B1|G|2173","s35","9QF4|1|B1|U|2174"
"9QF4|1|B1|G|2173","s53","9QF4|1|B1|G|2172"
"9QF4|1|B1|G|2173","s55","9QF4|1|B1|C|2736"
"9QF4|1|B1|U|2174","s35","9QF4|1|B1|G|2175"
"9QF4|1|B1|U|2174","s53","9QF4|1|B1|G|2173"
"9QF4|1|B1|G|2175","s53","9QF4|1|B1|U|2174"
"9QF4|1|B1|G|2175","s55","9QF4|1|B1|A|2734"
"9QF4|1|B1|G|2175","s33","9QF4|1|B1|A|2730"
"9QF4|1|B1|G|2176","s35","9QF4|1|B1|G|2177"
"9QF4|1|B1|G|2176","s55","9QF4|1|B1|A|2734"
"9QF4|1|B1|G|2177","s35","9QF4|1|B1|A|2178"
"9QF4|1|B1|G|2177","s55","9QF4|1|B1|U|2733"
"9QF4|1|B1|G|2177","s53","9QF4|1|B1|G|2176"
"9QF4|1|B1|A|2178","s55","9QF4|1|B1|C|2732"
"9QF4|1|B1|A|2178","s53","9QF4|1|B1|G|2177"
"9QF4|1|B1|A|2179","s55","9QF4|1|B1|U|2620"
"9QF4|1|B1|A|2179","ns35","9QF4|1|B1|C|666"
"9QF4|1|B1|OMG|2180","s35","9QF4|1|B1|C|2181"
"9QF4|1|B1|OMG|2180","s55","9QF4|1|B1|A|2693"
"9QF4|1|B1|C|2181","s53","9QF4|1|B1|OMG|2180"
"9QF4|1|B1|C|2181","ns35","9QF4|1|B1|G|2182"
"9QF4|1|B1|G|2182","s55","9QF4|1|B1|G|2727"
"9QF4|1|B1|G|2182","ns53","9QF4|1|B1|C|2181"
"9QF4|1|B1|A|2183","s33","9QF4|1|B1|C|2619"
"9QF4|1|B1|A|2184","s55","9QF4|1|B1|G|2618"
"9QF4|1|B1|G|2185","ns35","9QF4|1|B1|C|2187"
"9QF4|1|B1|G|2185","s55","9QF4|1|B1|C|2619"
"9QF4|1|B1|A|2186","s55","9QF4|1|B1|C|2187"
"9QF4|1|B1|C|2187","s55","9QF4|1|B1|A|2186"
"9QF4|1|B1|C|2187","s35","9QF4|1|B1|C|2188"
"9QF4|1|B1|C|2187","ns53","9QF4|1|B1|G|2185"
"9QF4|1|B1|C|2187","ns55","9QF4|1|B1|A|2567"
"9QF4|1|B1|C|2188","s55","9QF4|1|B1|A|2566"
"9QF4|1|B1|C|2188","s53","9QF4|1|B1|C|2187"
"9QF4|1|B1|C|2188","s35","9QF4|1|B1|C|2189"
"9QF4|1|B1|C|2189","s35","9QF4|1|B1|C|2190"
"9QF4|1|B1|C|2189","s53","9QF4|1|B1|C|2188"
"9QF4|1|B1|C|2189","s55","9QF4|1|B1|OMG|2562"
"9QF4|1|B1|C|2190","s35","9QF4|1|B1|A|2191"
"9QF4|1|B1|C|2190","s53","9QF4|1|B1|C|2189"
"9QF4|1|B1|C|2190","s55","9QF4|1|B1|G|2561"
"9QF4|1|B1|A|2191","s55","9QF4|1|B1|G|2560"
"9QF4|1|B1|A|2191","s35","9QF4|1|B1|G|2193"
"9QF4|1|B1|A|2191","s53","9QF4|1|B1|C|2190"
"9QF4|1|B1|G|2193","s35","9QF4|1|B1|G|2194"
"9QF4|1|B1|G|2193","s55","9QF4|1|B1|U|2559"
"9QF4|1|B1|G|2193","s53","9QF4|1|B1|A|2191"
"9QF4|1|B1|G|2194","s35","9QF4|1|B1|A|2195"
"9QF4|1|B1|G|2194","s53","9QF4|1|B1|G|2193"
"9QF4|1|B1|G|2194","s55","9QF4|1|B1|C|2558"
"9QF4|1|B1|A|2195","s35","9QF4|1|B1|G|2196"
"9QF4|1|B1|A|2195","s53","9QF4|1|B1|G|2194"
"9QF4|1|B1|G|2196","s55","9QF4|1|B1|OMU|2554"
"9QF4|1|B1|G|2196","s53","9QF4|1|B1|A|2195"
"9QF4|1|B1|G|2196","s35","9QF4|1|B1|C|2197"
"9QF4|1|B1|C|2197","s53","9QF4|1|B1|G|2196"
"9QF4|1|B1|C|2197","s35","9QF4|1|B1|U|2198"
"9QF4|1|B1|U|2198","s53","9QF4|1|B1|C|2197"
"9QF4|1|B1|U|2198","s55","9QF4|1|B1|G|2552"
"9QF4|1|B1|U|2198","s35","9QF4|1|B1|U|2199"
"9QF4|1|B1|U|2199","s55","9QF4|1|B1|A|2551"
"9QF4|1|B1|U|2199","s53","9QF4|1|B1|U|2198"
"9QF4|1|B1|U|2199","s35","9QF4|1|B1|G|2352"
"9QF4|1|B1|U|2200","ns35","9QF4|1|B1|U|2712"
"9QF4|1|B1|A|2201","s35","9QF4|1|B1|C|2202"
"9QF4|1|B1|A|2201","s55","9QF4|1|B1|A|2551"
"9QF4|1|B1|A|2201","s55","9QF4|1|B1|U|2358"
"9QF4|1|B1|C|2202","s35","9QF4|1|B1|U|2203"
"9QF4|1|B1|C|2202","s53","9QF4|1|B1|A|2201"
"9QF4|1|B1|U|2203","s55","9QF4|1|B1|G|2356"
"9QF4|1|B1|U|2203","s35","9QF4|1|B1|G|2204"
"9QF4|1|B1|U|2203","s53","9QF4|1|B1|C|2202"
"9QF4|1|B1|G|2204","s55","9QF4|1|B1|A|2355"
"9QF4|1|B1|G|2204","s35","9QF4|1|B1|C|2205"
"9QF4|1|B1|G|2204","s53","9QF4|1|B1|U|2203"
"9QF4|1|B1|C|2205","s35","9QF4|1|B1|A|2206"
"9QF4|1|B1|C|2205","s53","9QF4|1|B1|G|2204"
"9QF4|1|B1|C|2205","s33","9QF4|1|B1|G|2351"
"9QF4|1|B1|A|2206","s53","9QF4|1|B1|C|2205"
"9QF4|1|B1|A|2206","s35","9QF4|1|B1|G|2207"
"9QF4|1|B1|A|2206","s55","9QF4|1|B1|G|2353"
"9QF4|1|B1|G|2207","s35","9QF4|1|B1|C|2208"
"9QF4|1|B1|G|2207","s53","9QF4|1|B1|A|2206"
"9QF4|1|B1|C|2208","s35","9QF4|1|B1|C|2209"
"9QF4|1|B1|C|2208","s53","9QF4|1|B1|G|2207"
"9QF4|1|B1|C|2209","s35","9QF4|1|B1|U|2210"
"9QF4|1|B1|C|2209","s53","9QF4|1|B1|C|2208"
"9QF4|1|B1|C|2209","s55","9QF4|1|B1|G|2349"
"9QF4|1|B1|U|2210","ns35","9QF4|1|B1|G|2211"
"9QF4|1|B1|U|2210","ns55","9QF4|1|B1|G|2348"
"9QF4|1|B1|U|2210","s53","9QF4|1|B1|C|2209"
"9QF4|1|B1|G|2211","ns53","9QF4|1|B1|U|2210"
"9QF4|1|B1|G|2211","s55","9QF4|1|B1|A|2347"
"9QF4|1|B1|G|2211","s35","9QF4|1|B1|C|2212"
"9QF4|1|B1|C|2212","s53","9QF4|1|B1|G|2211"
"9QF4|1|B1|C|2212","s35","9QF4|1|B1|4AC|2213"
"9QF4|1|B1|4AC|2213","s55","9QF4|1|B1|G|2345"
"9QF4|1|B1|4AC|2213","s35","9QF4|1|B1|G|2214"
"9QF4|1|B1|4AC|2213","s53","9QF4|1|B1|C|2212"
"9QF4|1|B1|G|2214","s55","9QF4|1|B1|G|2344"
"9QF4|1|B1|G|2214","s35","9QF4|1|B1|U|2215"
"9QF4|1|B1|G|2214","s53","9QF4|1|B1|4AC|2213"
"9QF4|1|B1|U|2215","s53","9QF4|1|B1|G|2214"
"9QF4|1|B1|U|2215","s33","9QF4|1|B1|U|2216"
"9QF4|1|B1|U|2216","s33","9QF4|1|B1|U|2215"
"9QF4|1|B1|G|2217","s55","9QF4|1|B1|U|2321"
"9QF4|1|B1|G|2217","s35","9QF4|1|B1|C|2218"
"9QF4|1|B1|G|2217","s53","9QF4|1|B1|A|2339"
"9QF4|1|B1|C|2218","s35","9QF4|1|B1|C|2219"
"9QF4|1|B1|C|2218","s53","9QF4|1|B1|G|2217"
"9QF4|1|B1|C|2219","s35","9QF4|1|B1|A|2220"
"9QF4|1|B1|C|2219","s53","9QF4|1|B1|C|2218"
"9QF4|1|B1|C|2219","s55","9QF4|1|B1|G|2319"
"9QF4|1|B1|A|2220","s35","9QF4|1|B1|C|2221"
"9QF4|1|B1|A|2220","s53","9QF4|1|B1|C|2219"
"9QF4|1|B1|A|2220","s55","9QF4|1|B1|G|2318"
"9QF4|1|B1|C|2221","s53","9QF4|1|B1|A|2220"
"9QF4|1|B1|C|2221","s35","9QF4|1|B1|A|2222"
"9QF4|1|B1|A|2222","s35","9QF4|1|B1|C|2223"
"9QF4|1|B1|A|2222","s55","9QF4|1|B1|G|2316"
"9QF4|1|B1|A|2222","s53","9QF4|1|B1|C|2221"
"9QF4|1|B1|C|2223","s53","9QF4|1|B1|A|2222"
"9QF4|1|B1|C|2223","ns35","9QF4|1|B1|G|2224"
"9QF4|1|B1|G|2224","ns53","9QF4|1|B1|C|2223"
"9QF4|1|B1|G|2224","s35","9QF4|1|B1|G|2225"
"9QF4|1|B1|G|2224","s55","9QF4|1|B1|G|2314"
"9QF4|1|B1|G|2225","s55","9QF4|1|B1|U|2313"
"9QF4|1|B1|G|2225","s35","9QF4|1|B1|C|2226"
"9QF4|1|B1|G|2225","s53","9QF4|1|B1|G|2224"
"9QF4|1|B1|C|2226","ns35","9QF4|1|B1|G|2227"
"9QF4|1|B1|C|2226","s53","9QF4|1|B1|G|2225"
"9QF4|1|B1|G|2227","ns53","9QF4|1|B1|C|2226"
"9QF4|1|B1|G|2227","s35","9QF4|1|B1|G|2228"
"9QF4|1|B1|G|2227","s55","9QF4|1|B1|G|2311"
"9QF4|1|B1|G|2228","s53","9QF4|1|B1|G|2227"
"9QF4|1|B1|G|2228","s35","9QF4|1|B1|G|2229"
"9QF4|1|B1|G|2228","s55","9QF4|1|B1|C|2310"
"9QF4|1|B1|G|2229","s35","9QF4|1|B1|G|2230"
"9QF4|1|B1|G|2229","s55","9QF4|1|B1|C|2309"
"9QF4|1|B1|G|2229","s53","9QF4|1|B1|G|2228"
"9QF4|1|B1|G|2230","s35","9QF4|1|B1|G|2231"
"9QF4|1|B1|G|2230","ns55","9QF4|1|B1|C|2308"
"9QF4|1|B1|G|2230","s53","9QF4|1|B1|G|2229"
"9QF4|1|B1|G|2231","s35","9QF4|1|B1|G|2232"
"9QF4|1|B1|G|2231","s55","9QF4|1|B1|C|2307"
"9QF4|1|B1|G|2231","s53","9QF4|1|B1|G|2230"
"9QF4|1|B1|G|2232","s53","9QF4|1|B1|G|2231"
"9QF4|1|B1|G|2232","s35","9QF4|1|B1|U|2233"
"9QF4|1|B1|U|2233","s53","9QF4|1|B1|G|2232"
"9QF4|1|B1|U|2233","ns35","9QF4|1|B1|G|2234"
"9QF4|1|B1|G|2234","ns53","9QF4|1|B1|U|2233"
"9QF4|1|B1|G|2234","s35","9QF4|1|B1|G|2244"
"9QF4|1|B1|G|2234","s55","9QF4|1|B1|A|2304"
"9QF4|1|B1|C|2235","ns55","9QF4|1|B1|C|2269"
"9QF4|1|B1|G|2236","s35","9QF4|1|B1|C|2237"
"9QF4|1|B1|C|2237","s53","9QF4|1|B1|G|2236"
"9QF4|1|B1|A|2238","ns35","9QF4|1|B1|G|2239"
"9QF4|1|B1|G|2239","ns53","9QF4|1|B1|A|2238"
"9QF4|1|B1|C|2240","ns33","9QF4|1|B1|G|2241"
"9QF4|1|B1|G|2241","ns33","9QF4|1|B1|C|2240"
"9QF4|1|B1|U|2242","s33","9QF4|1|B1|G|2271"
"9QF4|1|B1|A|2243","ns33","9QF4|1|B1|A|2293"
"9QF4|1|B1|A|2243","s55","9QF4|1|B1|G|2294"
"9QF4|1|B1|G|2244","s35","9QF4|1|B1|G|2245"
"9QF4|1|B1|G|2244","s55","9QF4|1|B1|C|2303"
"9QF4|1|B1|G|2244","s53","9QF4|1|B1|G|2234"
"9QF4|1|B1|G|2245","s55","9QF4|1|B1|C|2302"
"9QF4|1|B1|G|2245","s53","9QF4|1|B1|G|2244"
"9QF4|1|B1|G|2245","ns35","9QF4|1|B1|C|2246"
"9QF4|1|B1|C|2246","ns53","9QF4|1|B1|G|2245"
"9QF4|1|B1|C|2246","ns35","9QF4|1|B1|G|2247"
"9QF4|1|B1|G|2247","ns53","9QF4|1|B1|C|2246"
"9QF4|1|B1|G|2247","s35","9QF4|1|B1|G|2248"
"9QF4|1|B1|G|2247","s55","9QF4|1|B1|G|2300"
"9QF4|1|B1|G|2248","s53","9QF4|1|B1|G|2247"
"9QF4|1|B1|G|2248","s55","9QF4|1|B1|C|2299"
"9QF4|1|B1|G|2248","s35","9QF4|1|B1|G|2249"
"9QF4|1|B1|G|2248","ns33","9QF4|1|B1|A|2297"
"9QF4|1|B1|G|2249","s53","9QF4|1|B1|G|2248"
"9QF4|1|B1|A|2250","s55","9QF4|1|B1|A|2297"
"9QF4|1|B1|G|2251","s35","9QF4|1|B1|G|2252"
"9QF4|1|B1|G|2251","ns55","9QF4|1|B1|G|2286"
"9QF4|1|B1|G|2252","s53","9QF4|1|B1|G|2251"
"9QF4|1|B1|G|2252","s35","9QF4|1|B1|C|2253"
"9QF4|1|B1|C|2253","s35","9QF4|1|B1|G|2254"
"9QF4|1|B1|C|2253","s53","9QF4|1|B1|G|2252"
"9QF4|1|B1|G|2254","s55","9QF4|1|B1|G|2283"
"9QF4|1|B1|G|2254","s53","9QF4|1|B1|C|2253"
"9QF4|1|B1|U|2255","s53","9QF4|1|B1|A|2282"
"9QF4|1|B1|A|2258","s35","9QF4|1|B1|A|2259"
"9QF4|1|B1|A|2258","ns33","9QF4|1|B1|G|2280"
"9QF4|1|B1|A|2258","s55","9QF4|1|B1|A|2282"
"9QF4|1|B1|A|2259","s53","9QF4|1|B1|A|2258"
"9QF4|1|B1|A|2259","s35","9QF4|1|B1|G|2260"
"9QF4|1|B1|G|2260","s35","9QF4|1|B1|C|2261"
"9QF4|1|B1|G|2260","s53","9QF4|1|B1|A|2259"
"9QF4|1|B1|C|2261","ns35","9QF4|1|B1|C|2262"
"9QF4|1|B1|C|2261","s53","9QF4|1|B1|G|2260"
"9QF4|1|B1|C|2262","s35","9QF4|1|B1|C|2263"
"9QF4|1|B1|C|2262","ns53","9QF4|1|B1|C|2261"
"9QF4|1|B1|C|2262","s55","9QF4|1|B1|G|2278"
"9QF4|1|B1|C|2263","ns35","9QF4|1|B1|G|2264"
"9QF4|1|B1|C|2263","s53","9QF4|1|B1|C|2262"
"9QF4|1|B1|G|2264","s55","9QF4|1|B1|G|2276"
"9QF4|1|B1|G|2264","s35","9QF4|1|B1|G|2265"
"9QF4|1|B1|G|2264","ns53","9QF4|1|B1|C|2263"
"9QF4|1|B1|G|2265","s53","9QF4|1|B1|G|2264"
"9QF4|1|B1|G|2265","s35","9QF4|1|B1|C|2266"
"9QF4|1|B1|C|2266","s53","9QF4|1|B1|G|2265"
"9QF4|1|B1|C|2266","ns35","9QF4|1|B1|C|2267"
"9QF4|1|B1|C|2267","ns53","9QF4|1|B1|C|2266"
"9QF4|1|B1|C|2267","s35","9QF4|1|B1|U|2268"
"9QF4|1|B1|U|2268","s53","9QF4|1|B1|C|2267"
"9QF4|1|B1|C|2269","ns35","9QF4|1|B1|G|2271"
"9QF4|1|B1|C|2269","ns55","9QF4|1|B1|C|2235"
"9QF4|1|B1|G|2271","ns35","9QF4|1|B1|G|2272"
"9QF4|1|B1|G|2271","s33","9QF4|1|B1|U|2242"
"9QF4|1|B1|G|2271","ns53","9QF4|1|B1|C|2269"
"9QF4|1|B1|G|2272","s35","9QF4|1|B1|G|2273"
"9QF4|1|B1|G|2272","ns53","9QF4|1|B1|G|2271"
"9QF4|1|B1|G|2273","s35","9QF4|1|B1|U|2274"
"9QF4|1|B1|G|2273","s53","9QF4|1|B1|G|2272"
"9QF4|1|B1|U|2274","s53","9QF4|1|B1|G|2273"
"9QF4|1|B1|U|2274","s35","9QF4|1|B1|C|2275"
"9QF4|1|B1|C|2275","s53","9QF4|1|B1|U|2274"
"9QF4|1|B1|G|2276","s55","9QF4|1|B1|G|2264"
"9QF4|1|B1|G|2276","s35","9QF4|1|B1|G|2277"
"9QF4|1|B1|G|2277","s35","9QF4|1|B1|G|2278"
"9QF4|1|B1|G|2277","s53","9QF4|1|B1|G|2276"
"9QF4|1|B1|G|2278","s53","9QF4|1|B1|G|2277"
"9QF4|1|B1|G|2278","s55","9QF4|1|B1|C|2262"
"9QF4|1|B1|G|2278","ns35","9QF4|1|B1|U|2279"
"9QF4|1|B1|U|2279","s35","9QF4|1|B1|G|2280"
"9QF4|1|B1|U|2279","ns53","9QF4|1|B1|G|2278"
"9QF4|1|B1|G|2280","s35","9QF4|1|B1|G|2281"
"9QF4|1|B1|G|2280","ns33","9QF4|1|B1|A|2258"
"9QF4|1|B1|G|2280","s53","9QF4|1|B1|U|2279"
"9QF4|1|B1|G|2281","s53","9QF4|1|B1|G|2280"
"9QF4|1|B1|A|2282","s35","9QF4|1|B1|U|2255"
"9QF4|1|B1|A|2282","s55","9QF4|1|B1|A|2258"
"9QF4|1|B1|G|2283","s35","9QF4|1|B1|C|2284"
"9QF4|1|B1|G|2283","s55","9QF4|1|B1|G|2254"
"9QF4|1|B1|C|2284","s53","9QF4|1|B1|G|2283"
"9QF4|1|B1|C|2284","s35","9QF4|1|B1|C|2285"
"9QF4|1|B1|C|2285","s53","9QF4|1|B1|C|2284"
"9QF4|1|B1|C|2285","s35","9QF4|1|B1|G|2286"
"9QF4|1|B1|G|2286","ns35","9QF4|1|B1|U|2287"
"9QF4|1|B1|G|2286","s53","9QF4|1|B1|C|2285"
"9QF4|1|B1|G|2286","ns55","9QF4|1|B1|G|2251"
"9QF4|1|B1|U|2287","ns53","9QF4|1|B1|G|2286"
"9QF4|1|B1|C|2289","s35","9QF4|1|B1|A|2290"
"9QF4|1|B1|A|2290","ns33","9QF4|1|B1|G|2294"
"9QF4|1|B1|A|2290","ns35","9QF4|1|B1|U|2291"
"9QF4|1|B1|A|2290","s53","9QF4|1|B1|C|2289"
"9QF4|1|B1|U|2291","ns53","9QF4|1|B1|A|2290"
"9QF4|1|B1|G|2292","s35","9QF4|1|B1|A|2293"
"9QF4|1|B1|A|2293","s53","9QF4|1|B1|G|2292"
"9QF4|1|B1|A|2293","ns33","9QF4|1|B1|A|2243"
"9QF4|1|B1|G|2294","s55","9QF4|1|B1|A|2243"
"9QF4|1|B1|G|2294","s35","9QF4|1|B1|A|2295"
"9QF4|1|B1|G|2294","ns33","9QF4|1|B1|A|2290"
"9QF4|1|B1|A|2295","s53","9QF4|1|B1|G|2294"
"9QF4|1|B1|A|2297","s55","9QF4|1|B1|A|2250"
"9QF4|1|B1|A|2297","s35","9QF4|1|B1|C|2298"
"9QF4|1|B1|A|2297","ns33","9QF4|1|B1|G|2248"
"9QF4|1|B1|C|2298","s35","9QF4|1|B1|C|2299"
"9QF4|1|B1|C|2298","s53","9QF4|1|B1|A|2297"
"9QF4|1|B1|C|2299","s55","9QF4|1|B1|G|2248"
"9QF4|1|B1|C|2299","s35","9QF4|1|B1|G|2300"
"9QF4|1|B1|C|2299","s53","9QF4|1|B1|C|2298"
"9QF4|1|B1|G|2300","s55","9QF4|1|B1|G|2247"
"9QF4|1|B1|G|2300","s35","9QF4|1|B1|C|2301"
"9QF4|1|B1|G|2300","s53","9QF4|1|B1|C|2299"
"9QF4|1|B1|C|2301","s35","9QF4|1|B1|C|2302"
"9QF4|1|B1|C|2301","s53","9QF4|1|B1|G|2300"
"9QF4|1|B1|C|2302","s55","9QF4|1|B1|G|2245"
"9QF4|1|B1|C|2302","s35","9QF4|1|B1|C|2303"
"9QF4|1|B1|C|2302","s53","9QF4|1|B1|C|2301"
"9QF4|1|B1|C|2303","s55","9QF4|1|B1|G|2244"
"9QF4|1|B1|C|2303","s53","9QF4|1|B1|C|2302"
"9QF4|1|B1|A|2304","s35","9QF4|1|B1|C|2305"
"9QF4|1|B1|A|2304","s55","9QF4|1|B1|G|2234"
"9QF4|1|B1|C|2305","s35","9QF4|1|B1|U|2306"
"9QF4|1|B1|C|2305","s53","9QF4|1|B1|A|2304"
"9QF4|1|B1|U|2306","s53","9QF4|1|B1|C|2305"
"9QF4|1|B1|U|2306","s35","9QF4|1|B1|C|2307"
"9QF4|1|B1|C|2307","s55","9QF4|1|B1|G|2231"
"9QF4|1|B1|C|2307","s53","9QF4|1|B1|U|2306"
"9QF4|1|B1|C|2307","s35","9QF4|1|B1|C|2308"
"9QF4|1|B1|C|2308","ns55","9QF4|1|B1|G|2230"
"9QF4|1|B1|C|2308","s53","9QF4|1|B1|C|2307"
"9QF4|1|B1|C|2308","ns35","9QF4|1|B1|C|2309"
"9QF4|1|B1|C|2309","ns53","9QF4|1|B1|C|2308"
"9QF4|1|B1|C|2309","s55","9QF4|1|B1|G|2229"
"9QF4|1|B1|C|2309","s35","9QF4|1|B1|C|2310"
"9QF4|1|B1|C|2310","s53","9QF4|1|B1|C|2309"
"9QF4|1|B1|C|2310","s55","9QF4|1|B1|G|2228"
"9QF4|1|B1|C|2310","s35","9QF4|1|B1|G|2311"
"9QF4|1|B1|G|2311","s35","9QF4|1|B1|C|2312"
"9QF4|1|B1|G|2311","s53","9QF4|1|B1|C|2310"
"9QF4|1|B1|G|2311","s55","9QF4|1|B1|G|2227"
"9QF4|1|B1|C|2312","s53","9QF4|1|B1|G|2311"
"9QF4|1|B1|C|2312","s35","9QF4|1|B1|U|2313"
"9QF4|1|B1|U|2313","s53","9QF4|1|B1|C|2312"
"9QF4|1|B1|U|2313","s55","9QF4|1|B1|G|2225"
"9QF4|1|B1|U|2313","s35","9QF4|1|B1|G|2314"
"9QF4|1|B1|G|2314","s55","9QF4|1|B1|G|2224"
"9QF4|1|B1|G|2314","s53","9QF4|1|B1|U|2313"
"9QF4|1|B1|G|2314","s35","9QF4|1|B1|U|2315"
"9QF4|1|B1|U|2315","s53","9QF4|1|B1|G|2314"
"9QF4|1|B1|U|2315","s35","9QF4|1|B1|G|2316"
"9QF4|1|B1|G|2316","s53","9QF4|1|B1|U|2315"
"9QF4|1|B1|G|2316","s55","9QF4|1|B1|A|2222"
"9QF4|1|B1|G|2316","s35","9QF4|1|B1|U|2317"
"9QF4|1|B1|U|2317","s53","9QF4|1|B1|G|2316"
"9QF4|1|B1|U|2317","ns35","9QF4|1|B1|G|2318"
"9QF4|1|B1|G|2318","ns53","9QF4|1|B1|U|2317"
"9QF4|1|B1|G|2318","s35","9QF4|1|B1|G|2319"
"9QF4|1|B1|G|2318","s55","9QF4|1|B1|A|2220"
"9QF4|1|B1|G|2319","s35","9QF4|1|B1|C|2320"
"9QF4|1|B1|G|2319","s53","9QF4|1|B1|G|2318"
"9QF4|1|B1|G|2319","s55","9QF4|1|B1|C|2219"
"9QF4|1|B1|C|2320","s53","9QF4|1|B1|G|2319"
"9QF4|1|B1|C|2320","s35","9QF4|1|B1|U|2321"
"9QF4|1|B1|U|2321","s55","9QF4|1|B1|G|2217"
"9QF4|1|B1|U|2321","s33","9QF4|1|B1|G|2338"
"9QF4|1|B1|U|2321","s53","9QF4|1|B1|C|2320"
"9QF4|1|B1|A|2323","s55","9QF4|1|B1|A|2339"
"9QF4|1|B1|A|2323","s35","9QF4|1|B1|C|2324"
"9QF4|1|B1|C|2324","s53","9QF4|1|B1|A|2323"
"9QF4|1|B1|C|2324","s55","9QF4|1|B1|G|2338"
"9QF4|1|B1|C|2324","s35","9QF4|1|B1|C|2325"
"9QF4|1|B1|C|2325","s55","9QF4|1|B1|G|2337"
"9QF4|1|B1|C|2325","s53","9QF4|1|B1|C|2324"
"9QF4|1|B1|C|2325","s35","9QF4|1|B1|C|2326"
"9QF4|1|B1|C|2326","s53","9QF4|1|B1|C|2325"
"9QF4|1|B1|C|2326","s55","9QF4|1|B1|G|2336"
"9QF4|1|B1|C|2326","s35","9QF4|1|B1|C|2327"
"9QF4|1|B1|C|2327","s55","9QF4|1|B1|G|2335"
"9QF4|1|B1|C|2327","s35","9QF4|1|B1|C|2328"
"9QF4|1|B1|C|2327","s53","9QF4|1|B1|C|2326"
"9QF4|1|B1|C|2328","s53","9QF4|1|B1|C|2327"
"9QF4|1|B1|C|2328","s35","9QF4|1|B1|G|2329"
"9QF4|1|B1|C|2328","s55","9QF4|1|B1|G|2334"
"9QF4|1|B1|G|2329","s53","9QF4|1|B1|C|2328"
"9QF4|1|B1|G|2329","s55","9QF4|1|B1|G|2333"
"9QF4|1|B1|A|2330","s55","9QF4|1|B1|A|2331"
"9QF4|1|B1|A|2331","ns35","9QF4|1|B1|A|2332"
"9QF4|1|B1|A|2331","s55","9QF4|1|B1|A|2330"
"9QF4|1|B1|A|2332","ns53","9QF4|1|B1|A|2331"
"9QF4|1|B1|A|2332","s35","9QF4|1|B1|G|2333"
"9QF4|1|B1|G|2333","s35","9QF4|1|B1|G|2334"
"9QF4|1|B1|G|2333","s53","9QF4|1|B1|A|2332"
"9QF4|1|B1|G|2333","s55","9QF4|1|B1|G|2329"
"9QF4|1|B1|G|2334","s55","9QF4|1|B1|C|2328"
"9QF4|1|B1|G|2334","s53","9QF4|1|B1|G|2333"
"9QF4|1|B1|G|2334","s35","9QF4|1|B1|G|2335"
"9QF4|1|B1|G|2335","s53","9QF4|1|B1|G|2334"
"9QF4|1|B1|G|2335","s35","9QF4|1|B1|G|2336"
"9QF4|1|B1|G|2335","s55","9QF4|1|B1|C|2327"
"9QF4|1|B1|G|2336","s55","9QF4|1|B1|C|2326"
"9QF4|1|B1|G|2336","s35","9QF4|1|B1|G|2337"
"9QF4|1|B1|G|2336","s53","9QF4|1|B1|G|2335"
"9QF4|1|B1|G|2337","s35","9QF4|1|B1|G|2338"
"9QF4|1|B1|G|2337","s53","9QF4|1|B1|G|2336"
"9QF4|1|B1|G|2337","s55","9QF4|1|B1|C|2325"
"9QF4|1|B1|G|2338","s53","9QF4|1|B1|G|2337"
"9QF4|1|B1|G|2338","s55","9QF4|1|B1|C|2324"
"9QF4|1|B1|G|2338","s33","9QF4|1|B1|U|2321"
"9QF4|1|B1|A|2339","s55","9QF4|1|B1|A|2323"
"9QF4|1|B1|A|2339","s35","9QF4|1|B1|G|2217"
"9QF4|1|B1|C|2340","s35","9QF4|1|B1|A|2341"
"9QF4|1|B1|A|2341","s53","9QF4|1|B1|C|2340"
"9QF4|1|B1|A|2341","s35","9QF4|1|B1|G|2342"
"9QF4|1|B1|G|2342","s35","9QF4|1|B1|C|2343"
"9QF4|1|B1|G|2342","s53","9QF4|1|B1|A|2341"
"9QF4|1|B1|C|2343","s53","9QF4|1|B1|G|2342"
"9QF4|1|B1|C|2343","s35","9QF4|1|B1|G|2344"
"9QF4|1|B1|G|2344","s35","9QF4|1|B1|G|2345"
"9QF4|1|B1|G|2344","s53","9QF4|1|B1|C|2343"
"9QF4|1|B1|G|2344","s55","9QF4|1|B1|G|2214"
"9QF4|1|B1|G|2345","s35","9QF4|1|B1|U|2346"
"9QF4|1|B1|G|2345","s55","9QF4|1|B1|4AC|2213"
"9QF4|1|B1|G|2345","s53","9QF4|1|B1|G|2344"
"9QF4|1|B1|U|2346","s35","9QF4|1|B1|A|2347"
"9QF4|1|B1|U|2346","s53","9QF4|1|B1|G|2345"
"9QF4|1|B1|A|2347","s35","9QF4|1|B1|G|2348"
"9QF4|1|B1|A|2347","s55","9QF4|1|B1|G|2211"
"9QF4|1|B1|A|2347","s53","9QF4|1|B1|U|2346"
"9QF4|1|B1|G|2348","s53","9QF4|1|B1|A|2347"
"9QF4|1|B1|G|2348","s35","9QF4|1|B1|G|2349"
"9QF4|1|B1|G|2348","ns55","9QF4|1|B1|U|2210"
"9QF4|1|B1|G|2349","s35","9QF4|1|B1|U|2350"
"9QF4|1|B1|G|2349","s53","9QF4|1|B1|G|2348"
"9QF4|1|B1|G|2349","s55","9QF4|1|B1|C|2209"
"9QF4|1|B1|U|2350","s53","9QF4|1|B1|G|2349"
"9QF4|1|B1|U|2350","s35","9QF4|1|B1|G|2351"
"9QF4|1|B1|G|2351","s33","9QF4|1|B1|C|2205"
"9QF4|1|B1|G|2351","s53","9QF4|1|B1|U|2350"
"9QF4|1|B1|G|2352","s53","9QF4|1|B1|U|2199"
"9QF4|1|B1|G|2353","s35","9QF4|1|B1|C|2354"
"9QF4|1|B1|G|2353","s55","9QF4|1|B1|A|2206"
"9QF4|1|B1|C|2354","ns35","9QF4|1|B1|A|2355"
"9QF4|1|B1|C|2354","s53","9QF4|1|B1|G|2353"
"9QF4|1|B1|A|2355","s55","9QF4|1|B1|G|2204"
"9QF4|1|B1|A|2355","ns53","9QF4|1|B1|C|2354"
"9QF4|1|B1|A|2355","s35","9QF4|1|B1|G|2356"
"9QF4|1|B1|G|2356","s35","9QF4|1|B1|U|2357"
"9QF4|1|B1|G|2356","s53","9QF4|1|B1|A|2355"
"9QF4|1|B1|G|2356","s55","9QF4|1|B1|U|2203"
"9QF4|1|B1|U|2357","s53","9QF4|1|B1|G|2356"
"9QF4|1|B1|U|2357","s35","9QF4|1|B1|U|2358"
"9QF4|1|B1|U|2358","s35","9QF4|1|B1|U|2359"
"9QF4|1|B1|U|2358","s53","9QF4|1|B1|U|2357"
"9QF4|1|B1|U|2358","s55","9QF4|1|B1|A|2201"
"9QF4|1|B1|U|2359","s53","9QF4|1|B1|U|2358"
"9QF4|1|B1|G|2360","s55","9QF4|1|B1|A|2544"
"9QF4|1|B1|G|2360","s35","9QF4|1|B1|G|2361"
"9QF4|1|B1|G|2361","s55","9QF4|1|B1|C|2373"
"9QF4|1|B1|G|2361","s53","9QF4|1|B1|G|2360"
"9QF4|1|B1|G|2361","s35","9QF4|1|B1|C|2362"
"9QF4|1|B1|C|2362","s35","9QF4|1|B1|U|2363"
"9QF4|1|B1|C|2362","s53","9QF4|1|B1|G|2361"
"9QF4|1|B1|U|2363","s53","9QF4|1|B1|C|2362"
"9QF4|1|B1|OMG|2365","s35","9QF4|1|B1|G|2366"
"9QF4|1|B1|G|2366","s53","9QF4|1|B1|OMG|2365"
"9QF4|1|B1|G|2366","s35","9QF4|1|B1|G|2367"
"9QF4|1|B1|G|2367","s35","9QF4|1|B1|C|2368"
"9QF4|1|B1|G|2367","s53","9QF4|1|B1|G|2366"
"9QF4|1|B1|C|2368","s35","9QF4|1|B1|G|2369"
"9QF4|1|B1|C|2368","s53","9QF4|1|B1|G|2367"
"9QF4|1|B1|G|2369","s35","9QF4|1|B1|G|2370"
"9QF4|1|B1|G|2369","s53","9QF4|1|B1|C|2368"
"9QF4|1|B1|G|2370","s55","9QF4|1|B1|C|2390"
"9QF4|1|B1|G|2370","s53","9QF4|1|B1|G|2369"
"9QF4|1|B1|G|2370","s35","9QF4|1|B1|C|2371"
"9QF4|1|B1|C|2371","s53","9QF4|1|B1|G|2370"
"9QF4|1|B1|C|2371","s35","9QF4|1|B1|C|2373"
"9QF4|1|B1|A|2372","s35","9QF4|1|B1|C|2390"
"9QF4|1|B1|C|2373","s53","9QF4|1|B1|C|2371"
"9QF4|1|B1|C|2373","s55","9QF4|1|B1|G|2361"
"9QF4|1|B1|G|2374","s53","9QF4|1|B1|C|2545"
"9QF4|1|B1|G|2374","s35","9QF4|1|B1|C|2375"
"9QF4|1|B1|G|2374","s55","9QF4|1|B1|G|2397"
"9QF4|1|B1|C|2375","s53","9QF4|1|B1|G|2374"
"9QF4|1|B1|C|2375","ns35","9QF4|1|B1|C|2376"
"9QF4|1|B1|C|2376","s35","9QF4|1|B1|U|2377"
"9QF4|1|B1|C|2376","s55","9QF4|1|B1|G|2395"
"9QF4|1|B1|C|2376","ns53","9QF4|1|B1|C|2375"
"9QF4|1|B1|U|2377","s53","9QF4|1|B1|C|2376"
"9QF4|1|B1|U|2377","s35","9QF4|1|B1|C|2378"
"9QF4|1|B1|U|2377","s55","9QF4|1|B1|G|2394"
"9QF4|1|B1|C|2378","s55","9QF4|1|B1|A|2393"
"9QF4|1|B1|C|2378","s35","9QF4|1|B1|4AC|2379"
"9QF4|1|B1|C|2378","s53","9QF4|1|B1|U|2377"
"9QF4|1|B1|4AC|2379","s35","9QF4|1|B1|G|2380"
"9QF4|1|B1|4AC|2379","s53","9QF4|1|B1|C|2378"
"9QF4|1|B1|4AC|2379","s55","9QF4|1|B1|G|2392"
"9QF4|1|B1|G|2380","s53","9QF4|1|B1|4AC|2379"
"9QF4|1|B1|G|2380","s55","9QF4|1|B1|OMG|2391"
"9QF4|1|B1|G|2380","ns33","9QF4|1|B1|A|2388"
"9QF4|1|B1|G|2380","s33","9QF4|1|B1|A|2381"
"9QF4|1|B1|A|2381","s53","9QF4|1|B1|U|2387"
"9QF4|1|B1|A|2381","s33","9QF4|1|B1|G|2380"
"9QF4|1|B1|A|2383","ns53","9QF4|1|B1|A|1054"
"9QF4|1|B1|A|2383","s55","9QF4|1|B1|U|997"
"9QF4|1|B1|A|2383","s33","9QF4|1|B1|G|995"
"9QF4|1|B1|A|2383","s55","9QF4|1|B1|G|996"
"9QF4|1|B1|A|2383","ns35","9QF4|1|B1|C|1056"
"9QF4|1|B1|A|2384","s35","9QF4|1|B1|G|2385"
"9QF4|1|B1|G|2385","s53","9QF4|1|B1|A|2384"
"9QF4|1|B1|G|2385","s35","9QF4|1|B1|G|2386"
"9QF4|1|B1|G|2386","s35","9QF4|1|B1|U|2387"
"9QF4|1|B1|G|2386","s53","9QF4|1|B1|G|2385"
"9QF4|1|B1|U|2387","s53","9QF4|1|B1|G|2386"
"9QF4|1|B1|U|2387","s35","9QF4|1|B1|A|2381"
"9QF4|1|B1|A|2388","s35","9QF4|1|B1|U|2389"
"9QF4|1|B1|A|2388","ns33","9QF4|1|B1|G|2380"
"9QF4|1|B1|U|2389","s35","9QF4|1|B1|OMG|2391"
"9QF4|1|B1|U|2389","s53","9QF4|1|B1|A|2388"
"9QF4|1|B1|C|2390","s53","9QF4|1|B1|A|2372"
"9QF4|1|B1|C|2390","s55","9QF4|1|B1|G|2370"
"9QF4|1|B1|OMG|2391","s35","9QF4|1|B1|G|2392"
"9QF4|1|B1|OMG|2391","s53","9QF4|1|B1|U|2389"
"9QF4|1|B1|OMG|2391","s55","9QF4|1|B1|G|2380"
"9QF4|1|B1|G|2392","s35","9QF4|1|B1|A|2393"
"9QF4|1|B1|G|2392","s53","9QF4|1|B1|OMG|2391"
"9QF4|1|B1|G|2392","s55","9QF4|1|B1|4AC|2379"
"9QF4|1|B1|A|2393","s53","9QF4|1|B1|G|2392"
"9QF4|1|B1|A|2393","s35","9QF4|1|B1|G|2394"
"9QF4|1|B1|A|2393","s55","9QF4|1|B1|C|2378"
"9QF4|1|B1|G|2394","s55","9QF4|1|B1|U|2377"
"9QF4|1|B1|G|2394","s53","9QF4|1|B1|A|2393"
"9QF4|1|B1|G|2394","s35","9QF4|1|B1|G|2395"
"9QF4|1|B1|G|2395","s53","9QF4|1|B1|G|2394"
"9QF4|1|B1|G|2395","s55","9QF4|1|B1|C|2376"
"9QF4|1|B1|G|2395","s35","9QF4|1|B1|C|2396"
"9QF4|1|B1|C|2396","s53","9QF4|1|B1|G|2395"
"9QF4|1|B1|C|2396","s35","9QF4|1|B1|G|2397"
"9QF4|1|B1|G|2397","s35","9QF4|1|B1|G|2543"
"9QF4|1|B1|G|2397","s55","9QF4|1|B1|G|2374"
"9QF4|1|B1|G|2397","s53","9QF4|1|B1|C|2396"
"9QF4|1|B1|C|2398","s53","9QF4|1|B1|G|2507"
"9QF4|1|B1|C|2398","s35","9QF4|1|B1|C|2399"
"9QF4|1|B1|C|2399","s35","9QF4|1|B1|C|2400"
"9QF4|1|B1|C|2399","s55","9QF4|1|B1|G|2440"
"9QF4|1|B1|C|2399","s53","9QF4|1|B1|C|2398"
"9QF4|1|B1|C|2400","s55","9QF4|1|B1|G|2502"
"9QF4|1|B1|C|2400","s53","9QF4|1|B1|C|2399"
"9QF4|1|B1|OMU|2401","ns53","9QF4|1|B1|A|2461"
"9QF4|1|B1|OMU|2401","s53","9QF4|1|B1|A|2402"
"9QF4|1|B1|A|2402","s35","9QF4|1|B1|OMU|2401"
"9QF4|1|B1|A|2402","s55","9QF4|1|B1|G|2404"
"9QF4|1|B1|A|2403","ns55","9QF4|1|B1|G|2440"
"9QF4|1|B1|G|2404","s55","9QF4|1|B1|A|2402"
"9QF4|1|B1|G|2404","s35","9QF4|1|B1|G|2405"
"9QF4|1|B1|G|2404","s55","9QF4|1|B1|U|2459"
"9QF4|1|B1|G|2405","s55","9QF4|1|B1|C|2458"
"9QF4|1|B1|G|2405","s53","9QF4|1|B1|G|2404"
"9QF4|1|B1|G|2405","s35","9QF4|1|B1|U|2406"
"9QF4|1|B1|U|2406","s35","9QF4|1|B1|C|2407"
"9QF4|1|B1|U|2406","s53","9QF4|1|B1|G|2405"
"9QF4|1|B1|C|2407","ns35","9QF4|1|B1|G|2408"
"9QF4|1|B1|C|2407","s55","9QF4|1|B1|G|2456"
"9QF4|1|B1|C|2407","s53","9QF4|1|B1|U|2406"
"9QF4|1|B1|G|2408","ns53","9QF4|1|B1|C|2407"
"9QF4|1|B1|G|2408","s35","9QF4|1|B1|G|2409"
"9QF4|1|B1|G|2408","s55","9QF4|1|B1|G|2455"
"9QF4|1|B1|G|2409","s35","9QF4|1|B1|C|2410"
"9QF4|1|B1|G|2409","s55","9QF4|1|B1|4AC|2454"
"9QF4|1|B1|G|2409","s53","9QF4|1|B1|G|2408"
"9QF4|1|B1|C|2410","s35","9QF4|1|B1|U|2411"
"9QF4|1|B1|C|2410","s53","9QF4|1|B1|G|2409"
"9QF4|1|B1|U|2411","s53","9QF4|1|B1|C|2410"
"9QF4|1|B1|U|2411","s55","9QF4|1|B1|G|2452"
"9QF4|1|B1|C|2412","s33","9QF4|1|B1|G|2433"
"9QF4|1|B1|C|2412","ns35","9QF4|1|B1|A|2413"
"9QF4|1|B1|A|2413","s35","9QF4|1|B1|G|2414"
"9QF4|1|B1|A|2413","s55","9QF4|1|B1|G|2436"
"9QF4|1|B1|A|2413","ns53","9QF4|1|B1|C|2412"
"9QF4|1|B1|G|2414","ns55","9QF4|1|B1|G|2433"
"9QF4|1|B1|G|2414","s53","9QF4|1|B1|A|2413"
"9QF4|1|B1|G|2414","s35","9QF4|1|B1|G|2415"
"9QF4|1|B1|G|2415","s53","9QF4|1|B1|G|2414"
"9QF4|1|B1|G|2415","s35","9QF4|1|B1|C|2416"
"9QF4|1|B1|G|2415","s55","9QF4|1|B1|4AC|2432"
"9QF4|1|B1|C|2416","s53","9QF4|1|B1|G|2415"
"9QF4|1|B1|C|2416","s35","9QF4|1|B1|G|2417"
"9QF4|1|B1|G|2417","s55","9QF4|1|B1|G|2430"
"9QF4|1|B1|G|2417","s35","9QF4|1|B1|G|2418"
"9QF4|1|B1|G|2417","s53","9QF4|1|B1|C|2416"
"9QF4|1|B1|G|2418","s35","9QF4|1|B1|G|2419"
"9QF4|1|B1|G|2418","s55","9QF4|1|B1|4AC|2429"
"9QF4|1|B1|G|2418","s53","9QF4|1|B1|G|2417"
"9QF4|1|B1|G|2419","s55","9QF4|1|B1|OMC|2428"
"9QF4|1|B1|G|2419","s53","9QF4|1|B1|G|2418"
"9QF4|1|B1|U|2420","s35","9QF4|1|B1|C|2421"
"9QF4|1|B1|C|2421","s33","9QF4|1|B1|A|2422"
"9QF4|1|B1|C|2421","s53","9QF4|1|B1|U|2420"
"9QF4|1|B1|A|2422","s33","9QF4|1|B1|C|2421"
"9QF4|1|B1|A|2422","s53","9QF4|1|B1|A|2426"
"9QF4|1|B1|A|2422","ns53","9QF4|1|B1|G|2423"
"9QF4|1|B1|G|2423","s53","9QF4|1|B1|A|2425"
"9QF4|1|B1|G|2423","ns35","9QF4|1|B1|A|2422"
"9QF4|1|B1|G|2424","s35","9QF4|1|B1|A|2425"
"9QF4|1|B1|G|2424","s55","9QF4|1|B1|A|1018"
"9QF4|1|B1|A|2425","s53","9QF4|1|B1|G|2424"
"9QF4|1|B1|A|2425","s35","9QF4|1|B1|G|2423"
"9QF4|1|B1|A|2426","s35","9QF4|1|B1|A|2422"
"9QF4|1|B1|U|2427","s35","9QF4|1|B1|OMC|2428"
"9QF4|1|B1|OMC|2428","s53","9QF4|1|B1|U|2427"
"9QF4|1|B1|OMC|2428","ns35","9QF4|1|B1|4AC|2429"
"9QF4|1|B1|OMC|2428","s55","9QF4|1|B1|G|2419"
"9QF4|1|B1|4AC|2429","s55","9QF4|1|B1|G|2418"
"9QF4|1|B1|4AC|2429","ns53","9QF4|1|B1|OMC|2428"
"9QF4|1|B1|4AC|2429","s35","9QF4|1|B1|G|2430"
"9QF4|1|B1|G|2430","s53","9QF4|1|B1|4AC|2429"
"9QF4|1|B1|G|2430","s35","9QF4|1|B1|C|2431"
"9QF4|1|B1|G|2430","s55","9QF4|1|B1|G|2417"
"9QF4|1|B1|C|2431","s53","9QF4|1|B1|G|2430"
"9QF4|1|B1|C|2431","s35","9QF4|1|B1|4AC|2432"
"9QF4|1|B1|4AC|2432","s53","9QF4|1|B1|C|2431"
"9QF4|1|B1|4AC|2432","s35","9QF4|1|B1|G|2433"
"9QF4|1|B1|4AC|2432","s55","9QF4|1|B1|G|2415"
"9QF4|1|B1|G|2433","ns55","9QF4|1|B1|G|2414"
"9QF4|1|B1|G|2433","s33","9QF4|1|B1|C|2412"
"9QF4|1|B1|G|2433","s53","9QF4|1|B1|4AC|2432"
"9QF4|1|B1|U|2434","s53","9QF4|1|B1|A|2435"
"9QF4|1|B1|A|2435","s35","9QF4|1|B1|U|2434"
"9QF4|1|B1|A|2435","s53","9QF4|1|B1|A|2448"
"9QF4|1|B1|G|2436","s55","9QF4|1|B1|A|2413"
"9QF4|1|B1|A|2437","s35","9QF4|1|B1|G|2438"
"9QF4|1|B1|A|2437","s55","9QF4|1|B1|A|2448"
"9QF4|1|B1|G|2438","ns35","9QF4|1|B1|U|2439"
"9QF4|1|B1|G|2438","s53","9QF4|1|B1|A|2437"
"9QF4|1|B1|U|2439","ns53","9QF4|1|B1|G|2438"
"9QF4|1|B1|G|2440","s35","9QF4|1|B1|C|2441"
"9QF4|1|B1|G|2440","ns55","9QF4|1|B1|A|2403"
"9QF4|1|B1|G|2440","s55","9QF4|1|B1|C|2399"
"9QF4|1|B1|G|2440","ns53","9QF4|1|B1|G|2502"
"9QF4|1|B1|C|2441","s53","9QF4|1|B1|G|2440"
"9QF4|1|B1|A|2442","s55","9QF4|1|B1|A2M|2506"
"9QF4|1|B1|A|2442","s35","9QF4|1|B1|A|2443"
"9QF4|1|B1|A|2443","s35","9QF4|1|B1|G|2444"
"9QF4|1|B1|A|2443","s53","9QF4|1|B1|A|2442"
"9QF4|1|B1|G|2444","s55","9QF4|1|B1|U|2505"
"9QF4|1|B1|G|2444","s53","9QF4|1|B1|A|2443"
"9QF4|1|B1|G|2444","s35","9QF4|1|B1|G|2445"
"9QF4|1|B1|G|2445","s55","9QF4|1|B1|C|2504"
"9QF4|1|B1|G|2445","s35","9QF4|1|B1|G|2446"
"9QF4|1|B1|G|2445","s53","9QF4|1|B1|G|2444"
"9QF4|1|B1|G|2446","s35","9QF4|1|B1|C|2447"
"9QF4|1|B1|G|2446","s53","9QF4|1|B1|G|2445"
"9QF4|1|B1|G|2446","s55","9QF4|1|B1|C|2503"
"9QF4|1|B1|C|2447","s53","9QF4|1|B1|G|2446"
"9QF4|1|B1|A|2448","s55","9QF4|1|B1|A|2450"
"9QF4|1|B1|A|2448","s35","9QF4|1|B1|A|2435"
"9QF4|1|B1|A|2448","s55","9QF4|1|B1|A|2437"
"9QF4|1|B1|A|2450","s55","9QF4|1|B1|A|2448"
"9QF4|1|B1|A|2450","s35","9QF4|1|B1|G|2452"
"9QF4|1|B1|G|2452","s53","9QF4|1|B1|A|2450"
"9QF4|1|B1|G|2452","s55","9QF4|1|B1|U|2411"
"9QF4|1|B1|G|2452","s35","9QF4|1|B1|5MC|2453"
"9QF4|1|B1|5MC|2453","s35","9QF4|1|B1|4AC|2454"
"9QF4|1|B1|5MC|2453","s53","9QF4|1|B1|G|2452"
"9QF4|1|B1|4AC|2454","s35","9QF4|1|B1|G|2455"
"9QF4|1|B1|4AC|2454","s53","9QF4|1|B1|5MC|2453"
"9QF4|1|B1|4AC|2454","s55","9QF4|1|B1|G|2409"
"9QF4|1|B1|G|2455","s53","9QF4|1|B1|4AC|2454"
"9QF4|1|B1|G|2455","s55","9QF4|1|B1|G|2408"
"9QF4|1|B1|G|2455","s35","9QF4|1|B1|G|2456"
"9QF4|1|B1|G|2456","s55","9QF4|1|B1|C|2407"
"9QF4|1|B1|G|2456","s35","9QF4|1|B1|C|2457"
"9QF4|1|B1|G|2456","s53","9QF4|1|B1|G|2455"
"9QF4|1|B1|C|2457","s53","9QF4|1|B1|G|2456"
"9QF4|1|B1|C|2457","s35","9QF4|1|B1|C|2458"
"9QF4|1|B1|C|2458","s53","9QF4|1|B1|C|2457"
"9QF4|1|B1|C|2458","s35","9QF4|1|B1|U|2459"
"9QF4|1|B1|C|2458","s55","9QF4|1|B1|G|2405"
"9QF4|1|B1|U|2459","s55","9QF4|1|B1|G|2404"
"9QF4|1|B1|U|2459","s53","9QF4|1|B1|C|2458"
"9QF4|1|B1|G|2460","s53","9QF4|1|B1|G|2499"
"9QF4|1|B1|G|2460","s55","9QF4|1|B1|C|2490"
"9QF4|1|B1|G|2460","s35","9QF4|1|B1|C|2462"
"9QF4|1|B1|A|2461","ns35","9QF4|1|B1|OMU|2401"
"9QF4|1|B1|A|2461","s55","9QF4|1|B1|G|2501"
"9QF4|1|B1|C|2462","s53","9QF4|1|B1|G|2460"
"9QF4|1|B1|C|2462","s35","9QF4|1|B1|U|2463"
"9QF4|1|B1|U|2463","s53","9QF4|1|B1|C|2462"
"9QF4|1|B1|U|2463","ns35","9QF4|1|B1|G|2464"
"9QF4|1|B1|U|2463","s55","9QF4|1|B1|G|2488"
"9QF4|1|B1|G|2464","s55","9QF4|1|B1|A|2487"
"9QF4|1|B1|G|2464","ns53","9QF4|1|B1|U|2463"
"9QF4|1|B1|G|2464","s35","9QF4|1|B1|G|2465"
"9QF4|1|B1|G|2465","s35","9QF4|1|B1|A|2466"
"9QF4|1|B1|G|2465","s55","9QF4|1|B1|C|2486"
"9QF4|1|B1|G|2465","s53","9QF4|1|B1|G|2464"
"9QF4|1|B1|A|2466","s35","9QF4|1|B1|C|2467"
"9QF4|1|B1|A|2466","s55","9QF4|1|B1|C|2485"
"9QF4|1|B1|A|2466","s53","9QF4|1|B1|G|2465"
"9QF4|1|B1|C|2467","s35","9QF4|1|B1|C|2468"
"9QF4|1|B1|C|2467","s53","9QF4|1|B1|A|2466"
"9QF4|1|B1|C|2468","s55","9QF4|1|B1|G|2483"
"9QF4|1|B1|C|2468","s53","9QF4|1|B1|C|2467"
"9QF4|1|B1|C|2468","s35","9QF4|1|B1|4AC|2469"
"9QF4|1|B1|4AC|2469","s53","9QF4|1|B1|C|2468"
"9QF4|1|B1|4AC|2469","s35","9QF4|1|B1|G|2470"
"9QF4|1|B1|4AC|2469","s55","9QF4|1|B1|G|2482"
"9QF4|1|B1|G|2470","s53","9QF4|1|B1|4AC|2469"
"9QF4|1|B1|G|2470","s55","9QF4|1|B1|G|2481"
"9QF4|1|B1|G|2470","s35","9QF4|1|B1|U|2471"
"9QF4|1|B1|U|2471","s53","9QF4|1|B1|G|2470"
"9QF4|1|B1|U|2471","s33","9QF4|1|B1|A|2472"
"9QF4|1|B1|A|2472","s33","9QF4|1|B1|U|2471"
"9QF4|1|B1|A|2472","s55","9QF4|1|B1|A|2477"
"9QF4|1|B1|A|2472","ns55","9QF4|1|B1|A|2546"
"9QF4|1|B1|A|2473","s35","9QF4|1|B1|C|2474"
"9QF4|1|B1|C|2474","s33","9QF4|1|B1|A|2475"
"9QF4|1|B1|C|2474","s53","9QF4|1|B1|A|2473"
"9QF4|1|B1|A|2475","s33","9QF4|1|B1|C|2474"
"9QF4|1|B1|G|2476","s33","9QF4|1|B1|A|2477"
"9QF4|1|B1|A|2477","s33","9QF4|1|B1|G|2476"
"9QF4|1|B1|A|2477","s55","9QF4|1|B1|A|2472"
"9QF4|1|B1|G|2478","s55","9QF4|1|B1|A|2546"
"9QF4|1|B1|G|2478","s35","9QF4|1|B1|G|2479"
"9QF4|1|B1|G|2479","s53","9QF4|1|B1|G|2478"
"9QF4|1|B1|G|2479","s35","9QF4|1|B1|C|2480"
"9QF4|1|B1|C|2480","s53","9QF4|1|B1|G|2479"
"9QF4|1|B1|C|2480","s35","9QF4|1|B1|G|2481"
"9QF4|1|B1|G|2481","s35","9QF4|1|B1|G|2482"
"9QF4|1|B1|G|2481","s55","9QF4|1|B1|G|2470"
"9QF4|1|B1|G|2481","s53","9QF4|1|B1|C|2480"
"9QF4|1|B1|G|2482","s53","9QF4|1|B1|G|2481"
"9QF4|1|B1|G|2482","s35","9QF4|1|B1|G|2483"
"9QF4|1|B1|G|2482","s55","9QF4|1|B1|4AC|2469"
"9QF4|1|B1|G|2483","s53","9QF4|1|B1|G|2482"
"9QF4|1|B1|G|2483","s35","9QF4|1|B1|U|2484"
"9QF4|1|B1|G|2483","s55","9QF4|1|B1|C|2468"
"9QF4|1|B1|U|2484","s35","9QF4|1|B1|C|2485"
"9QF4|1|B1|U|2484","s53","9QF4|1|B1|G|2483"
"9QF4|1|B1|C|2485","s55","9QF4|1|B1|A|2466"
"9QF4|1|B1|C|2485","ns35","9QF4|1|B1|C|2486"
"9QF4|1|B1|C|2485","s53","9QF4|1|B1|U|2484"
"9QF4|1|B1|C|2486","ns53","9QF4|1|B1|C|2485"
"9QF4|1|B1|C|2486","s35","9QF4|1|B1|A|2487"
"9QF4|1|B1|C|2486","s55","9QF4|1|B1|G|2465"
"9QF4|1|B1|A|2487","s35","9QF4|1|B1|G|2488"
"9QF4|1|B1|A|2487","s53","9QF4|1|B1|C|2486"
"9QF4|1|B1|A|2487","s55","9QF4|1|B1|G|2464"
"9QF4|1|B1|G|2488","s35","9QF4|1|B1|C|2489"
"9QF4|1|B1|G|2488","s53","9QF4|1|B1|A|2487"
"9QF4|1|B1|G|2488","s55","9QF4|1|B1|U|2463"
"9QF4|1|B1|C|2489","s35","9QF4|1|B1|C|2490"
"9QF4|1|B1|C|2489","s53","9QF4|1|B1|G|2488"
"9QF4|1|B1|C|2490","s53","9QF4|1|B1|C|2489"
"9QF4|1|B1|C|2490","s55","9QF4|1|B1|G|2460"
"9QF4|1|B1|C|2490","ns35","9QF4|1|B1|C|2491"
"9QF4|1|B1|C|2491","s35","9QF4|1|B1|4AC|2492"
"9QF4|1|B1|C|2491","s55","9QF4|1|B1|G|2499"
"9QF4|1|B1|C|2491","ns53","9QF4|1|B1|C|2490"
"9QF4|1|B1|4AC|2492","s55","9QF4|1|B1|G|2498"
"9QF4|1|B1|4AC|2492","s53","9QF4|1|B1|C|2491"
"9QF4|1|B1|4AC|2492","s35","9QF4|1|B1|G|2493"
"9QF4|1|B1|G|2493","s55","9QF4|1|B1|G|2497"
"9QF4|1|B1|G|2493","ns33","9QF4|1|B1|A|2495"
"9QF4|1|B1|G|2493","s53","9QF4|1|B1|4AC|2492"
"9QF4|1|B1|A|2494","s35","9QF4|1|B1|A|2495"
"9QF4|1|B1|A|2495","ns33","9QF4|1|B1|G|2493"
"9QF4|1|B1|A|2495","s53","9QF4|1|B1|A|2494"
"9QF4|1|B1|A|2495","s35","9QF4|1|B1|A|2496"
"9QF4|1|B1|A|2496","s53","9QF4|1|B1|A|2495"
"9QF4|1|B1|A|2496","ns35","9QF4|1|B1|G|2497"
"9QF4|1|B1|G|2497","ns53","9QF4|1|B1|A|2496"
"9QF4|1|B1|G|2497","s35","9QF4|1|B1|G|2498"
"9QF4|1|B1|G|2497","s55","9QF4|1|B1|G|2493"
"9QF4|1|B1|G|2498","s35","9QF4|1|B1|G|2499"
"9QF4|1|B1|G|2498","s53","9QF4|1|B1|G|2497"
"9QF4|1|B1|G|2498","s55","9QF4|1|B1|4AC|2492"
"9QF4|1|B1|G|2499","s55","9QF4|1|B1|C|2491"
"9QF4|1|B1|G|2499","s35","9QF4|1|B1|G|2460"
"9QF4|1|B1|G|2499","s53","9QF4|1|B1|G|2498"
"9QF4|1|B1|G|2501","s55","9QF4|1|B1|A|2461"
"9QF4|1|B1|G|2501","s35","9QF4|1|B1|G|2502"
"9QF4|1|B1|G|2502","s53","9QF4|1|B1|G|2501"
"9QF4|1|B1|G|2502","ns35","9QF4|1|B1|G|2440"
"9QF4|1|B1|G|2502","s55","9QF4|1|B1|C|2400"
"9QF4|1|B1|C|2503","s55","9QF4|1|B1|G|2446"
"9QF4|1|B1|C|2503","s35","9QF4|1|B1|C|2504"
"9QF4|1|B1|C|2504","s53","9QF4|1|B1|C|2503"
"9QF4|1|B1|C|2504","s35","9QF4|1|B1|U|2505"
"9QF4|1|B1|C|2504","s55","9QF4|1|B1|G|2445"
"9QF4|1|B1|U|2505","s55","9QF4|1|B1|G|2444"
"9QF4|1|B1|U|2505","s53","9QF4|1|B1|C|2504"
"9QF4|1|B1|A2M|2506","ns35","9QF4|1|B1|G|2507"
"9QF4|1|B1|A2M|2506","s55","9QF4|1|B1|A|2442"
"9QF4|1|B1|G|2507","s35","9QF4|1|B1|C|2398"
"9QF4|1|B1|G|2507","ns53","9QF4|1|B1|A2M|2506"
"9QF4|1|B1|G|2509","s33","9QF4|1|B1|U|2542"
"9QF4|1|B1|A|2510","s35","9QF4|1|B1|A|2511"
"9QF4|1|B1|A|2510","ns33","9QF4|1|B1|A|2541"
"9QF4|1|B1|A|2510","s53","9QF4|1|B1|G|2547"
"9QF4|1|B1|A|2511","s35","9QF4|1|B1|C|2512"
"9QF4|1|B1|A|2511","s53","9QF4|1|B1|A|2510"
"9QF4|1|B1|C|2512","s53","9QF4|1|B1|A|2511"
"9QF4|1|B1|C|2512","s35","9QF4|1|B1|C|2513"
"9QF4|1|B1|C|2513","s53","9QF4|1|B1|C|2512"
"9QF4|1|B1|C|2513","s35","9QF4|1|B1|C|2514"
"9QF4|1|B1|C|2514","s35","9QF4|1|B1|C|2515"
"9QF4|1|B1|C|2514","s53","9QF4|1|B1|C|2513"
"9QF4|1|B1|C|2514","s55","9QF4|1|B1|OMG|2540"
"9QF4|1|B1|C|2515","s35","9QF4|1|B1|U|2516"
"9QF4|1|B1|C|2515","s55","9QF4|1|B1|G|2539"
"9QF4|1|B1|C|2515","s53","9QF4|1|B1|C|2514"
"9QF4|1|B1|U|2516","s35","9QF4|1|B1|G|2517"
"9QF4|1|B1|U|2516","s55","9QF4|1|B1|G|2538"
"9QF4|1|B1|U|2516","s53","9QF4|1|B1|C|2515"
"9QF4|1|B1|G|2517","s35","9QF4|1|B1|U|2518"
"9QF4|1|B1|G|2517","s53","9QF4|1|B1|U|2516"
"9QF4|1|B1|G|2517","s55","9QF4|1|B1|A|2537"
"9QF4|1|B1|U|2518","s35","9QF4|1|B1|G|2519"
"9QF4|1|B1|U|2518","s53","9QF4|1|B1|G|2517"
"9QF4|1|B1|G|2519","s53","9QF4|1|B1|U|2518"
"9QF4|1|B1|G|2519","s35","9QF4|1|B1|C|2520"
"9QF4|1|B1|C|2520","s53","9QF4|1|B1|G|2519"
"9QF4|1|B1|C|2520","s35","9QF4|1|B1|C|2521"
"9QF4|1|B1|C|2521","s35","9QF4|1|B1|U|2522"
"9QF4|1|B1|C|2521","s55","9QF4|1|B1|G|2534"
"9QF4|1|B1|C|2521","s53","9QF4|1|B1|C|2520"
"9QF4|1|B1|U|2522","s55","9QF4|1|B1|G|2533"
"9QF4|1|B1|U|2522","s53","9QF4|1|B1|C|2521"
"9QF4|1|B1|U|2522","s35","9QF4|1|B1|C|2523"
"9QF4|1|B1|C|2523","s55","9QF4|1|B1|G|2532"
"9QF4|1|B1|C|2523","s53","9QF4|1|B1|U|2522"
"9QF4|1|B1|C|2524","ns33","9QF4|1|B1|G|451"
"9QF4|1|B1|C|2525","s35","9QF4|1|B1|4AC|2526"
"9QF4|1|B1|C|2525","s53","9QF4|1|B1|G|450"
"9QF4|1|B1|C|2525","s55","9QF4|1|B1|A|217"
"9QF4|1|B1|4AC|2526","s55","9QF4|1|B1|G|457"
"9QF4|1|B1|4AC|2526","s35","9QF4|1|B1|G|2527"
"9QF4|1|B1|4AC|2526","s53","9QF4|1|B1|C|2525"
"9QF4|1|B1|G|2527","s35","9QF4|1|B1|G|2528"
"9QF4|1|B1|G|2527","s55","9QF4|1|B1|G|456"
"9QF4|1|B1|G|2527","s53","9QF4|1|B1|4AC|2526"
"9QF4|1|B1|G|2528","s53","9QF4|1|B1|G|2527"
"9QF4|1|B1|G|2528","s55","9QF4|1|B1|C|455"
"9QF4|1|B1|G|2528","s35","9QF4|1|B1|U|2529"
"9QF4|1|B1|U|2529","s35","9QF4|1|B1|G|2530"
"9QF4|1|B1|U|2529","s53","9QF4|1|B1|G|2528"
"9QF4|1|B1|G|2530","s53","9QF4|1|B1|U|2529"
"9QF4|1|B1|G|2530","s55","9QF4|1|B1|A|453"
"9QF4|1|B1|G|2530","s35","9QF4|1|B1|G|2531"
"9QF4|1|B1|G|2531","s35","9QF4|1|B1|G|2532"
"9QF4|1|B1|G|2531","s55","9QF4|1|B1|C|452"
"9QF4|1|B1|G|2531","s53","9QF4|1|B1|G|2530"
"9QF4|1|B1|G|2532","s53","9QF4|1|B1|G|2531"
"9QF4|1|B1|G|2532","s55","9QF4|1|B1|C|2523"
"9QF4|1|B1|G|2532","s35","9QF4|1|B1|G|2533"
"9QF4|1|B1|G|2533","s35","9QF4|1|B1|G|2534"
"9QF4|1|B1|G|2533","s55","9QF4|1|B1|U|2522"
"9QF4|1|B1|G|2533","s53","9QF4|1|B1|G|2532"
"9QF4|1|B1|G|2534","s55","9QF4|1|B1|C|2521"
"9QF4|1|B1|G|2534","s53","9QF4|1|B1|G|2533"
"9QF4|1|B1|G|2534","s35","9QF4|1|B1|C|2535"
"9QF4|1|B1|C|2535","ns55","9QF4|1|B1|A|728"
"9QF4|1|B1|C|2535","s53","9QF4|1|B1|G|2534"
"9QF4|1|B1|C|2535","s35","9QF4|1|B1|C|2536"
"9QF4|1|B1|C|2536","s53","9QF4|1|B1|C|2535"
"9QF4|1|B1|C|2536","s35","9QF4|1|B1|A|2537"
"9QF4|1|B1|A|2537","s53","9QF4|1|B1|C|2536"
"9QF4|1|B1|A|2537","s55","9QF4|1|B1|G|2517"
"9QF4|1|B1|A|2537","s35","9QF4|1|B1|G|2538"
"9QF4|1|B1|G|2538","s53","9QF4|1|B1|A|2537"
"9QF4|1|B1|G|2538","s35","9QF4|1|B1|G|2539"
"9QF4|1|B1|G|2538","s55","9QF4|1|B1|U|2516"
"9QF4|1|B1|G|2539","s55","9QF4|1|B1|C|2515"
"9QF4|1|B1|G|2539","s53","9QF4|1|B1|G|2538"
"9QF4|1|B1|G|2539","s35","9QF4|1|B1|OMG|2540"
"9QF4|1|B1|OMG|2540","s55","9QF4|1|B1|C|2514"
"9QF4|1|B1|OMG|2540","s53","9QF4|1|B1|G|2539"
"9QF4|1|B1|A|2541","s35","9QF4|1|B1|U|2542"
"9QF4|1|B1|A|2541","ns33","9QF4|1|B1|A|2510"
"9QF4|1|B1|U|2542","s33","9QF4|1|B1|G|2509"
"9QF4|1|B1|U|2542","s53","9QF4|1|B1|A|2541"
"9QF4|1|B1|G|2543","s53","9QF4|1|B1|G|2397"
"9QF4|1|B1|A|2544","s55","9QF4|1|B1|G|2360"
"9QF4|1|B1|C|2545","s35","9QF4|1|B1|G|2374"
"9QF4|1|B1|A|2546","ns55","9QF4|1|B1|A|2472"
"9QF4|1|B1|A|2546","s55","9QF4|1|B1|G|2478"
"9QF4|1|B1|G|2547","s35","9QF4|1|B1|A|2510"
"9QF4|1|B1|A|2548","s35","9QF4|1|B1|A|187"
"9QF4|1|B1|A|2548","s53","9QF4|1|B1|C|963"
"9QF4|1|B1|A|2549","s33","9QF4|1|B1|A|189"
"9QF4|1|B1|A|2550","s55","9QF4|1|B1|A|189"
"9QF4|1|B1|A|2551","s55","9QF4|1|B1|U|2199"
"9QF4|1|B1|A|2551","s35","9QF4|1|B1|G|2552"
"9QF4|1|B1|A|2551","s55","9QF4|1|B1|A|2201"
"9QF4|1|B1|G|2552","s35","9QF4|1|B1|C|2553"
"9QF4|1|B1|G|2552","s55","9QF4|1|B1|U|2198"
"9QF4|1|B1|G|2552","s53","9QF4|1|B1|A|2551"
"9QF4|1|B1|C|2553","s35","9QF4|1|B1|OMU|2554"
"9QF4|1|B1|C|2553","s53","9QF4|1|B1|G|2552"
"9QF4|1|B1|OMU|2554","s55","9QF4|1|B1|G|2196"
"9QF4|1|B1|OMU|2554","s53","9QF4|1|B1|C|2553"
"9QF4|1|B1|OMU|2554","s35","9QF4|1|B1|OMC|2557"
"9QF4|1|B1|C|2556","s53","9QF4|1|B1|G|928"
"9QF4|1|B1|OMC|2557","s53","9QF4|1|B1|OMU|2554"
"9QF4|1|B1|OMC|2557","s35","9QF4|1|B1|C|2558"
"9QF4|1|B1|C|2558","s53","9QF4|1|B1|OMC|2557"
"9QF4|1|B1|C|2558","s55","9QF4|1|B1|G|2194"
"9QF4|1|B1|C|2558","s35","9QF4|1|B1|U|2559"
"9QF4|1|B1|U|2559","s35","9QF4|1|B1|G|2560"
"9QF4|1|B1|U|2559","s55","9QF4|1|B1|G|2193"
"9QF4|1|B1|U|2559","s53","9QF4|1|B1|C|2558"
"9QF4|1|B1|G|2560","s53","9QF4|1|B1|U|2559"
"9QF4|1|B1|G|2560","s55","9QF4|1|B1|A|2191"
"9QF4|1|B1|G|2560","s35","9QF4|1|B1|G|2561"
"9QF4|1|B1|G|2561","s35","9QF4|1|B1|OMG|2562"
"9QF4|1|B1|G|2561","s53","9QF4|1|B1|G|2560"
"9QF4|1|B1|G|2561","s55","9QF4|1|B1|C|2190"
"9QF4|1|B1|OMG|2562","s33","9QF4|1|B1|5MC|2617"
"9QF4|1|B1|OMG|2562","s53","9QF4|1|B1|G|2561"
"9QF4|1|B1|OMG|2562","s55","9QF4|1|B1|C|2189"
"9QF4|1|B1|G|2563","s33","9QF4|1|B1|U|2616"
"9QF4|1|B1|G|2563","s55","9QF4|1|B1|5MC|2617"
"9QF4|1|B1|A|2564","s55","9QF4|1|B1|G|1084"
"9QF4|1|B1|A|2566","s55","9QF4|1|B1|C|2188"
"9QF4|1|B1|A|2566","s35","9QF4|1|B1|A|2567"
"9QF4|1|B1|A|2567","ns35","9QF4|1|B1|C|2568"
"9QF4|1|B1|A|2567","s53","9QF4|1|B1|A|2566"
"9QF4|1|B1|A|2567","ns55","9QF4|1|B1|C|2187"
"9QF4|1|B1|C|2568","s35","9QF4|1|B1|A|2569"
"9QF4|1|B1|C|2568","ns53","9QF4|1|B1|A|2567"
"9QF4|1|B1|A|2569","s53","9QF4|1|B1|C|2568"
"9QF4|1|B1|A|2569","s35","9QF4|1|B1|G|2570"
"9QF4|1|B1|G|2570","s35","9QF4|1|B1|A|2571"
"9QF4|1|B1|G|2570","s55","9QF4|1|B1|C|2615"
"9QF4|1|B1|G|2570","s53","9QF4|1|B1|A|2569"
"9QF4|1|B1|A|2571","s35","9QF4|1|B1|G|2572"
"9QF4|1|B1|A|2571","s55","9QF4|1|B1|C|2614"
"9QF4|1|B1|A|2571","s53","9QF4|1|B1|G|2570"
"9QF4|1|B1|G|2572","s55","9QF4|1|B1|U|2612"
"9QF4|1|B1|G|2572","s35","9QF4|1|B1|U|2573"
"9QF4|1|B1|G|2572","s53","9QF4|1|B1|A|2571"
"9QF4|1|B1|U|2573","s53","9QF4|1|B1|G|2572"
"9QF4|1|B1|U|2573","s33","9QF4|1|B1|C|2574"
"9QF4|1|B1|C|2574","s53","9QF4|1|B1|G|2606"
"9QF4|1|B1|C|2574","ns35","9QF4|1|B1|G|2610"
"9QF4|1|B1|C|2574","s33","9QF4|1|B1|U|2573"
"9QF4|1|B1|G|2575","s55","9QF4|1|B1|G|2610"
"9QF4|1|B1|G|2575","s35","9QF4|1|B1|U|2576"
"9QF4|1|B1|G|2575","ns55","9QF4|1|B1|U|1095"
"9QF4|1|B1|U|2576","s53","9QF4|1|B1|G|2575"
"9QF4|1|B1|U|2576","s35","9QF4|1|B1|C|2577"
"9QF4|1|B1|C|2577","s55","9QF4|1|B1|U|2608"
"9QF4|1|B1|C|2577","s53","9QF4|1|B1|U|2576"
"9QF4|1|B1|C|2577","s35","9QF4|1|B1|U|2578"
"9QF4|1|B1|U|2578","s53","9QF4|1|B1|C|2577"
"9QF4|1|B1|U|2578","s35","9QF4|1|B1|C|2579"
"9QF4|1|B1|U|2578","s55","9QF4|1|B1|G|2605"
"9QF4|1|B1|C|2579","s53","9QF4|1|B1|U|2578"
"9QF4|1|B1|C|2579","s55","9QF4|1|B1|A|2604"
"9QF4|1|B1|C|2579","ns35","9QF4|1|B1|G|2580"
"9QF4|1|B1|G|2580","s55","9QF4|1|B1|G|2603"
"9QF4|1|B1|G|2580","ns53","9QF4|1|B1|C|2579"
"9QF4|1|B1|G|2580","s35","9QF4|1|B1|G|2581"
"9QF4|1|B1|G|2581","s53","9QF4|1|B1|G|2580"
"9QF4|1|B1|G|2581","s35","9QF4|1|B1|G|2582"
"9QF4|1|B1|G|2581","s55","9QF4|1|B1|4AC|2602"
"9QF4|1|B1|G|2582","s35","9QF4|1|B1|C|2583"
"9QF4|1|B1|G|2582","s53","9QF4|1|B1|G|2581"
"9QF4|1|B1|G|2582","s55","9QF4|1|B1|C|2601"
"9QF4|1|B1|C|2583","s53","9QF4|1|B1|G|2582"
"9QF4|1|B1|C|2583","s35","9QF4|1|B1|G|2584"
"9QF4|1|B1|G|2584","ns35","9QF4|1|B1|A|2585"
"9QF4|1|B1|G|2584","ns35","9QF4|1|B1|A|2592"
"9QF4|1|B1|G|2584","s33","9QF4|1|B1|G|2597"
"9QF4|1|B1|G|2584","ns55","9QF4|1|B1|C|2599"
"9QF4|1|B1|G|2584","s53","9QF4|1|B1|C|2583"
"9QF4|1|B1|A|2585","s55","9QF4|1|B1|A|2598"
"9QF4|1|B1|A|2585","ns53","9QF4|1|B1|G|2584"
"9QF4|1|B1|A|2585","s35","9QF4|1|B1|G|2586"
"9QF4|1|B1|G|2586","s35","9QF4|1|B1|A|2587"
"9QF4|1|B1|G|2586","s53","9QF4|1|B1|A|2585"
"9QF4|1|B1|G|2586","s55","9QF4|1|B1|G|2597"
"9QF4|1|B1|A|2587","s35","9QF4|1|B1|G|2588"
"9QF4|1|B1|A|2587","s53","9QF4|1|B1|G|2586"
"9QF4|1|B1|A|2587","s55","9QF4|1|B1|C|2596"
"9QF4|1|B1|G|2588","s33","9QF4|1|B1|G|2645"
"9QF4|1|B1|G|2588","s33","9QF4|1|B1|C|2591"
"9QF4|1|B1|G|2588","s53","9QF4|1|B1|A|2587"
"9QF4|1|B1|C|2590","ns35","9QF4|1|B1|G|2645"
"9QF4|1|B1|C|2590","s35","9QF4|1|B1|C|2591"
"9QF4|1|B1|C|2591","s33","9QF4|1|B1|G|2588"
"9QF4|1|B1|C|2591","s53","9QF4|1|B1|C|2590"
"9QF4|1|B1|A|2592","ns53","9QF4|1|B1|G|2584"
"9QF4|1|B1|A|2592","s35","9QF4|1|B1|U|2593"
"9QF4|1|B1|U|2593","s53","9QF4|1|B1|A|2592"
"9QF4|1|B1|A|2594","s35","9QF4|1|B1|U|2595"
"9QF4|1|B1|A|2594","s53","9QF4|1|B1|G|2645"
"9QF4|1|B1|U|2595","s35","9QF4|1|B1|C|2596"
"9QF4|1|B1|U|2595","s53","9QF4|1|B1|A|2594"
"9QF4|1|B1|C|2596","s53","9QF4|1|B1|U|2595"
"9QF4|1|B1|C|2596","s55","9QF4|1|B1|A|2587"
"9QF4|1|B1|C|2596","s35","9QF4|1|B1|G|2597"
"9QF4|1|B1|G|2597","s55","9QF4|1|B1|G|2586"
"9QF4|1|B1|G|2597","s53","9QF4|1|B1|C|2596"
"9QF4|1|B1|G|2597","s33","9QF4|1|B1|G|2584"
"9QF4|1|B1|A|2598","s35","9QF4|1|B1|C|2599"
"9QF4|1|B1|A|2598","s55","9QF4|1|B1|A|2585"
"9QF4|1|B1|C|2599","s35","9QF4|1|B1|C|2600"
"9QF4|1|B1|C|2599","ns55","9QF4|1|B1|G|2584"
"9QF4|1|B1|C|2599","s53","9QF4|1|B1|A|2598"
"9QF4|1|B1|C|2600","s35","9QF4|1|B1|C|2601"
"9QF4|1|B1|C|2600","s53","9QF4|1|B1|C|2599"
"9QF4|1|B1|C|2601","s53","9QF4|1|B1|C|2600"
"9QF4|1|B1|C|2601","s55","9QF4|1|B1|G|2582"
"9QF4|1|B1|C|2601","s35","9QF4|1|B1|4AC|2602"
"9QF4|1|B1|4AC|2602","s53","9QF4|1|B1|C|2601"
"9QF4|1|B1|4AC|2602","s55","9QF4|1|B1|G|2581"
"9QF4|1|B1|4AC|2602","s35","9QF4|1|B1|G|2603"
"9QF4|1|B1|G|2603","s53","9QF4|1|B1|4AC|2602"
"9QF4|1|B1|G|2603","s55","9QF4|1|B1|G|2580"
"9QF4|1|B1|G|2603","s35","9QF4|1|B1|A|2604"
"9QF4|1|B1|A|2604","s55","9QF4|1|B1|C|2579"
"9QF4|1|B1|A|2604","s35","9QF4|1|B1|G|2605"
"9QF4|1|B1|A|2604","s53","9QF4|1|B1|G|2603"
"9QF4|1|B1|G|2605","s53","9QF4|1|B1|A|2604"
"9QF4|1|B1|G|2605","s55","9QF4|1|B1|U|2578"
"9QF4|1|B1|G|2605","s35","9QF4|1|B1|G|2606"
"9QF4|1|B1|G|2606","s35","9QF4|1|B1|C|2574"
"9QF4|1|B1|G|2606","s53","9QF4|1|B1|G|2605"
"9QF4|1|B1|U|2608","s35","9QF4|1|B1|U|2609"
"9QF4|1|B1|U|2608","s55","9QF4|1|B1|C|2577"
"9QF4|1|B1|U|2609","s35","9QF4|1|B1|G|2610"
"9QF4|1|B1|U|2609","s53","9QF4|1|B1|U|2608"
"9QF4|1|B1|G|2610","s53","9QF4|1|B1|U|2609"
"9QF4|1|B1|G|2610","ns53","9QF4|1|B1|C|2574"
"9QF4|1|B1|G|2610","s55","9QF4|1|B1|G|2575"
"9QF4|1|B1|G|2610","s35","9QF4|1|B1|C|2611"
"9QF4|1|B1|C|2611","s53","9QF4|1|B1|G|2610"
"9QF4|1|B1|C|2611","s35","9QF4|1|B1|U|2612"
"9QF4|1|B1|U|2612","s35","9QF4|1|B1|A|2613"
"9QF4|1|B1|U|2612","s55","9QF4|1|B1|G|2572"
"9QF4|1|B1|U|2612","s53","9QF4|1|B1|C|2611"
"9QF4|1|B1|A|2613","s53","9QF4|1|B1|U|2612"
"9QF4|1|B1|C|2614","ns35","9QF4|1|B1|C|2615"
"9QF4|1|B1|C|2614","s55","9QF4|1|B1|A|2571"
"9QF4|1|B1|C|2615","s55","9QF4|1|B1|G|2570"
"9QF4|1|B1|C|2615","ns53","9QF4|1|B1|C|2614"
"9QF4|1|B1|C|2615","s35","9QF4|1|B1|U|2616"
"9QF4|1|B1|U|2616","s33","9QF4|1|B1|G|2563"
"9QF4|1|B1|U|2616","s53","9QF4|1|B1|C|2615"
"9QF4|1|B1|5MC|2617","s55","9QF4|1|B1|G|2563"
"9QF4|1|B1|5MC|2617","s33","9QF4|1|B1|OMG|2562"
"9QF4|1|B1|G|2618","s55","9QF4|1|B1|A|2184"
"9QF4|1|B1|C|2619","s33","9QF4|1|B1|A|2183"
"9QF4|1|B1|C|2619","s55","9QF4|1|B1|G|2185"
"9QF4|1|B1|U|2620","s55","9QF4|1|B1|A|2179"
"9QF4|1|B1|G|2621","ns35","9QF4|1|B1|U|2622"
"9QF4|1|B1|G|2621","s35","9QF4|1|B1|G|2692"
"9QF4|1|B1|U|2622","ns53","9QF4|1|B1|G|2621"
"9QF4|1|B1|U|2622","s35","9QF4|1|B1|C|2623"
"9QF4|1|B1|C|2623","s55","9QF4|1|B1|G|2699"
"9QF4|1|B1|C|2623","s53","9QF4|1|B1|U|2622"
"9QF4|1|B1|C|2623","s35","9QF4|1|B1|G|2624"
"9QF4|1|B1|G|2624","s53","9QF4|1|B1|C|2623"
"9QF4|1|B1|G|2624","s35","9QF4|1|B1|G|2625"
"9QF4|1|B1|G|2624","s55","9QF4|1|B1|G|2698"
"9QF4|1|B1|G|2625","s53","9QF4|1|B1|G|2624"
"9QF4|1|B1|G|2625","s55","9QF4|1|B1|U|2696"
"9QF4|1|B1|G|2625","s35","9QF4|1|B1|C|2626"
"9QF4|1|B1|C|2626","s35","9QF4|1|B1|U|2627"
"9QF4|1|B1|C|2626","s53","9QF4|1|B1|G|2625"
"9QF4|1|B1|U|2627","s35","9QF4|1|B1|C|2628"
"9QF4|1|B1|U|2627","s53","9QF4|1|B1|C|2626"
"9QF4|1|B1|U|2627","s55","9QF4|1|B1|G|2694"
"9QF4|1|B1|C|2628","s53","9QF4|1|B1|U|2627"
"9QF4|1|B1|C|2628","s35","9QF4|1|B1|U|2629"
"9QF4|1|B1|U|2629","s53","9QF4|1|B1|C|2628"
"9QF4|1|B1|U|2629","s55","9QF4|1|B1|G|2690"
"9QF4|1|B1|U|2629","s35","9QF4|1|B1|U|2630"
"9QF4|1|B1|U|2630","ns55","9QF4|1|B1|A|2687"
"9QF4|1|B1|U|2630","s53","9QF4|1|B1|U|2629"
"9QF4|1|B1|U|2630","s35","9QF4|1|B1|C|2631"
"9QF4|1|B1|C|2631","s55","9QF4|1|B1|G|2686"
"9QF4|1|B1|C|2631","ns35","9QF4|1|B1|C|2632"
"9QF4|1|B1|C|2631","s53","9QF4|1|B1|U|2630"
"9QF4|1|B1|C|2632","s55","9QF4|1|B1|G|2685"
"9QF4|1|B1|C|2632","s35","9QF4|1|B1|C|2633"
"9QF4|1|B1|C|2632","ns53","9QF4|1|B1|C|2631"
"9QF4|1|B1|C|2633","s33","9QF4|1|B1|A|2658"
"9QF4|1|B1|C|2633","s53","9QF4|1|B1|C|2632"
"9QF4|1|B1|C|2633","s55","9QF4|1|B1|OMG|2684"
"9QF4|1|B1|A|2634","s33","9QF4|1|B1|A|1267"
"9QF4|1|B1|A|2634","s55","9QF4|1|B1|A|1268"
"9QF4|1|B1|U|2635","s55","9QF4|1|B1|A|2658"
"9QF4|1|B1|U|2635","s33","9QF4|1|B1|A|2657"
"9QF4|1|B1|C|2636","s35","9QF4|1|B1|C|2637"
"9QF4|1|B1|C|2636","s55","9QF4|1|B1|G|2683"
"9QF4|1|B1|C|2637","s35","9QF4|1|B1|U|2638"
"9QF4|1|B1|C|2637","s55","9QF4|1|B1|G|2661"
"9QF4|1|B1|C|2637","s53","9QF4|1|B1|C|2636"
"9QF4|1|B1|U|2638","ns35","9QF4|1|B1|G|2639"
"9QF4|1|B1|U|2638","ns55","9QF4|1|B1|G|2660"
"9QF4|1|B1|U|2638","s53","9QF4|1|B1|C|2637"
"9QF4|1|B1|G|2639","ns55","9QF4|1|B1|A|2657"
"9QF4|1|B1|G|2639","s35","9QF4|1|B1|G|2640"
"9QF4|1|B1|G|2639","ns53","9QF4|1|B1|U|2638"
"9QF4|1|B1|G|2639","s53","9QF4|1|B1|A|2879"
"9QF4|1|B1|G|2640","s35","9QF4|1|B1|C|2641"
"9QF4|1|B1|G|2640","s55","9QF4|1|B1|C|2656"
"9QF4|1|B1|G|2640","s53","9QF4|1|B1|G|2639"
"9QF4|1|B1|C|2641","s53","9QF4|1|B1|G|2640"
"9QF4|1|B1|C|2641","s35","9QF4|1|B1|C|2642"
"9QF4|1|B1|C|2642","s35","9QF4|1|B1|C|2643"
"9QF4|1|B1|C|2642","s55","9QF4|1|B1|G|2654"
"9QF4|1|B1|C|2642","s53","9QF4|1|B1|C|2641"
"9QF4|1|B1|C|2643","s35","9QF4|1|B1|U|2644"
"9QF4|1|B1|C|2643","s55","9QF4|1|B1|G|2653"
"9QF4|1|B1|C|2643","s53","9QF4|1|B1|C|2642"
"9QF4|1|B1|U|2644","s35","9QF4|1|B1|C|2646"
"9QF4|1|B1|U|2644","s53","9QF4|1|B1|C|2643"
"9QF4|1|B1|U|2644","s55","9QF4|1|B1|G|2652"
"9QF4|1|B1|G|2645","s33","9QF4|1|B1|G|2588"
"9QF4|1|B1|G|2645","s35","9QF4|1|B1|A|2594"
"9QF4|1|B1|G|2645","ns53","9QF4|1|B1|C|2590"
"9QF4|1|B1|C|2646","s53","9QF4|1|B1|U|2644"
"9QF4|1|B1|A|2647","s35","9QF4|1|B1|G|2648"
"9QF4|1|B1|G|2648","s35","9QF4|1|B1|C|2649"
"9QF4|1|B1|G|2648","ns53","9QF4|1|B1|A|2779"
"9QF4|1|B1|G|2648","s53","9QF4|1|B1|A|2647"
"9QF4|1|B1|C|2649","s53","9QF4|1|B1|G|2648"
"9QF4|1|B1|C|2649","s35","9QF4|1|B1|A|2650"
"9QF4|1|B1|A|2650","s53","9QF4|1|B1|C|2649"
"9QF4|1|B1|A|2650","s35","9QF4|1|B1|G|2651"
"9QF4|1|B1|G|2651","s53","9QF4|1|B1|A|2650"
"9QF4|1|B1|G|2651","s35","9QF4|1|B1|G|2652"
"9QF4|1|B1|G|2652","s53","9QF4|1|B1|G|2651"
"9QF4|1|B1|G|2652","s35","9QF4|1|B1|G|2653"
"9QF4|1|B1|G|2652","s55","9QF4|1|B1|U|2644"
"9QF4|1|B1|G|2653","s55","9QF4|1|B1|C|2643"
"9QF4|1|B1|G|2653","s35","9QF4|1|B1|G|2654"
"9QF4|1|B1|G|2653","s53","9QF4|1|B1|G|2652"
"9QF4|1|B1|G|2654","s55","9QF4|1|B1|C|2642"
"9QF4|1|B1|G|2654","s35","9QF4|1|B1|C|2655"
"9QF4|1|B1|G|2654","s53","9QF4|1|B1|G|2653"
"9QF4|1|B1|C|2655","s35","9QF4|1|B1|C|2656"
"9QF4|1|B1|C|2655","s53","9QF4|1|B1|G|2654"
"9QF4|1|B1|C|2656","s55","9QF4|1|B1|G|2640"
"9QF4|1|B1|C|2656","s35","9QF4|1|B1|A|2657"
"9QF4|1|B1|C|2656","s53","9QF4|1|B1|C|2655"
"9QF4|1|B1|A|2657","ns55","9QF4|1|B1|G|2639"
"9QF4|1|B1|A|2657","s33","9QF4|1|B1|U|2635"
"9QF4|1|B1|A|2657","s53","9QF4|1|B1|C|2656"
"9QF4|1|B1|A|2658","s55","9QF4|1|B1|U|2635"
"9QF4|1|B1|A|2658","s33","9QF4|1|B1|C|2633"
"9QF4|1|B1|OMG|2659","s55","9QF4|1|B1|A|2879"
"9QF4|1|B1|OMG|2659","s35","9QF4|1|B1|G|2660"
"9QF4|1|B1|G|2660","s53","9QF4|1|B1|OMG|2659"
"9QF4|1|B1|G|2660","ns55","9QF4|1|B1|U|2638"
"9QF4|1|B1|G|2660","s35","9QF4|1|B1|G|2661"
"9QF4|1|B1|G|2661","s35","9QF4|1|B1|U|2662"
"9QF4|1|B1|G|2661","s55","9QF4|1|B1|C|2637"
"9QF4|1|B1|G|2661","s53","9QF4|1|B1|G|2660"
"9QF4|1|B1|U|2662","s53","9QF4|1|B1|G|2661"
"9QF4|1|B1|G|2663","s53","9QF4|1|B1|A|2682"
"9QF4|1|B1|G|2663","s35","9QF4|1|B1|G|2664"
"9QF4|1|B1|G|2664","s35","9QF4|1|B1|G|2665"
"9QF4|1|B1|G|2664","s53","9QF4|1|B1|G|2663"
"9QF4|1|B1|G|2664","s55","9QF4|1|B1|A|2677"
"9QF4|1|B1|G|2665","s55","9QF4|1|B1|C|2676"
"9QF4|1|B1|G|2665","s53","9QF4|1|B1|G|2664"
"9QF4|1|B1|G|2665","s35","9QF4|1|B1|G|2666"
"9QF4|1|B1|G|2666","s55","9QF4|1|B1|C|2675"
"9QF4|1|B1|G|2666","s35","9QF4|1|B1|G|2667"
"9QF4|1|B1|G|2666","s53","9QF4|1|B1|G|2665"
"9QF4|1|B1|G|2667","ns35","9QF4|1|B1|U|2080"
"9QF4|1|B1|G|2667","s35","9QF4|1|B1|OMU|2668"
"9QF4|1|B1|G|2667","s53","9QF4|1|B1|G|2666"
"9QF4|1|B1|OMU|2668","s53","9QF4|1|B1|G|2667"
"9QF4|1|B1|G|2669","ns55","9QF4|1|B1|G|2699"
"9QF4|1|B1|G|2669","ns35","9QF4|1|B1|U|2670"
"9QF4|1|B1|U|2670","ns35","9QF4|1|B1|U|2671"
"9QF4|1|B1|U|2670","ns53","9QF4|1|B1|G|2669"
"9QF4|1|B1|U|2671","ns53","9QF4|1|B1|U|2670"
"9QF4|1|B1|U|2671","s35","9QF4|1|B1|C|2672"
"9QF4|1|B1|C|2672","s35","9QF4|1|B1|A|2673"
"9QF4|1|B1|C|2672","s53","9QF4|1|B1|U|2671"
"9QF4|1|B1|A|2673","ns55","9QF4|1|B1|U|2080"
"9QF4|1|B1|A|2673","s35","9QF4|1|B1|C|2674"
"9QF4|1|B1|A|2673","s53","9QF4|1|B1|C|2672"
"9QF4|1|B1|C|2674","s35","9QF4|1|B1|C|2675"
"9QF4|1|B1|C|2674","s53","9QF4|1|B1|A|2673"
"9QF4|1|B1|C|2675","s35","9QF4|1|B1|C|2676"
"9QF4|1|B1|C|2675","s55","9QF4|1|B1|G|2666"
"9QF4|1|B1|C|2675","s53","9QF4|1|B1|C|2674"
"9QF4|1|B1|C|2676","s53","9QF4|1|B1|C|2675"
"9QF4|1|B1|C|2676","s55","9QF4|1|B1|G|2665"
"9QF4|1|B1|C|2676","s35","9QF4|1|B1|A|2677"
"9QF4|1|B1|A|2677","s53","9QF4|1|B1|C|2676"
"9QF4|1|B1|A|2677","s55","9QF4|1|B1|G|2664"
"9QF4|1|B1|A|2677","s35","9QF4|1|B1|U|2678"
"9QF4|1|B1|U|2678","s53","9QF4|1|B1|A|2677"
"9QF4|1|B1|U|2678","s35","9QF4|1|B1|U|2679"
"9QF4|1|B1|U|2679","s53","9QF4|1|B1|U|2678"
"9QF4|1|B1|U|2679","ns55","9QF4|1|B1|A|2682"
"9QF4|1|B1|A|2680","s35","9QF4|1|B1|A|2681"
"9QF4|1|B1|A|2681","s35","9QF4|1|B1|A|2682"
"9QF4|1|B1|A|2681","s53","9QF4|1|B1|A|2680"
"9QF4|1|B1|A|2682","s35","9QF4|1|B1|G|2663"
"9QF4|1|B1|A|2682","ns55","9QF4|1|B1|U|2679"
"9QF4|1|B1|A|2682","s53","9QF4|1|B1|A|2681"
"9QF4|1|B1|G|2683","s35","9QF4|1|B1|OMG|2684"
"9QF4|1|B1|G|2683","s55","9QF4|1|B1|C|2636"
"9QF4|1|B1|OMG|2684","s35","9QF4|1|B1|G|2685"
"9QF4|1|B1|OMG|2684","s53","9QF4|1|B1|G|2683"
"9QF4|1|B1|OMG|2684","s55","9QF4|1|B1|C|2633"
"9QF4|1|B1|G|2685","s35","9QF4|1|B1|G|2686"
"9QF4|1|B1|G|2685","s55","9QF4|1|B1|C|2632"
"9QF4|1|B1|G|2685","s53","9QF4|1|B1|OMG|2684"
"9QF4|1|B1|G|2686","s53","9QF4|1|B1|G|2685"
"9QF4|1|B1|G|2686","s55","9QF4|1|B1|C|2631"
"9QF4|1|B1|G|2686","s35","9QF4|1|B1|A|2687"
"9QF4|1|B1|A|2687","s53","9QF4|1|B1|G|2686"
"9QF4|1|B1|A|2687","s35","9QF4|1|B1|G|2690"
"9QF4|1|B1|A|2687","ns55","9QF4|1|B1|U|2630"
"9QF4|1|B1|A|2688","s53","9QF4|1|B1|C|2156"
"9QF4|1|B1|G|2690","s55","9QF4|1|B1|U|2629"
"9QF4|1|B1|G|2690","s35","9QF4|1|B1|U|2691"
"9QF4|1|B1|G|2690","s53","9QF4|1|B1|A|2687"
"9QF4|1|B1|U|2691","s53","9QF4|1|B1|G|2690"
"9QF4|1|B1|G|2692","s53","9QF4|1|B1|G|2621"
"9QF4|1|B1|A|2693","s55","9QF4|1|B1|OMG|2180"
"9QF4|1|B1|A|2693","s35","9QF4|1|B1|A|2730"
"9QF4|1|B1|G|2694","s35","9QF4|1|B1|C|2695"
"9QF4|1|B1|G|2694","s55","9QF4|1|B1|U|2627"
"9QF4|1|B1|C|2695","s53","9QF4|1|B1|G|2694"
"9QF4|1|B1|C|2695","s35","9QF4|1|B1|U|2696"
"9QF4|1|B1|U|2696","s55","9QF4|1|B1|G|2625"
"9QF4|1|B1|U|2696","s33","9QF4|1|B1|G|2697"
"9QF4|1|B1|U|2696","s53","9QF4|1|B1|C|2695"
"9QF4|1|B1|G|2697","s53","9QF4|1|B1|U|2726"
"9QF4|1|B1|G|2697","s33","9QF4|1|B1|U|2696"
"9QF4|1|B1|G|2698","ns55","9QF4|1|B1|OMC|1832"
"9QF4|1|B1|G|2698","s35","9QF4|1|B1|G|2699"
"9QF4|1|B1|G|2698","s55","9QF4|1|B1|G|2624"
"9QF4|1|B1|G|2699","s53","9QF4|1|B1|G|2698"
"9QF4|1|B1|G|2699","s55","9QF4|1|B1|C|2623"
"9QF4|1|B1|G|2699","ns55","9QF4|1|B1|G|2669"
"9QF4|1|B1|G|2699","s33","9QF4|1|B1|UR3|2700"
"9QF4|1|B1|UR3|2700","s33","9QF4|1|B1|G|2699"
"9QF4|1|B1|U|2702","s35","9QF4|1|B1|A|2703"
"9QF4|1|B1|U|2702","ns33","9QF4|1|B1|G|2724"
"9QF4|1|B1|A|2703","s53","9QF4|1|B1|U|2702"
"9QF4|1|B1|A|2703","s53","9QF4|1|B1|U|1922"
"9QF4|1|B1|A|2703","ns33","9QF4|1|B1|G|2723"
"9QF4|1|B1|A|2703","s35","9QF4|1|B1|A|1923"
"9QF4|1|B1|G|2704","s35","9QF4|1|B1|A|2705"
"9QF4|1|B1|G|2704","s55","9QF4|1|B1|G|2723"
"9QF4|1|B1|A|2705","s55","9QF4|1|B1|C|2722"
"9QF4|1|B1|A|2705","s53","9QF4|1|B1|G|2704"
"9QF4|1|B1|A|2705","s35","9QF4|1|B1|C|2706"
"9QF4|1|B1|C|2706","ns53","9QF4|1|B1|A|2063"
"9QF4|1|B1|C|2706","s53","9QF4|1|B1|A|2705"
"9QF4|1|B1|C|2706","s35","9QF4|1|B1|C|2707"
"9QF4|1|B1|C|2707","s55","9QF4|1|B1|G|2720"
"9QF4|1|B1|C|2707","s53","9QF4|1|B1|C|2706"
"9QF4|1|B1|C|2707","s35","9QF4|1|B1|G|2708"
"9QF4|1|B1|G|2708","s35","9QF4|1|B1|U|2709"
"9QF4|1|B1|G|2708","s53","9QF4|1|B1|C|2707"
"9QF4|1|B1|G|2708","s55","9QF4|1|B1|G|2719"
"9QF4|1|B1|U|2709","s35","9QF4|1|B1|C|2710"
"9QF4|1|B1|U|2709","s53","9QF4|1|B1|G|2708"
"9QF4|1|B1|C|2710","s53","9QF4|1|B1|U|2709"
"9QF4|1|B1|C|2710","s35","9QF4|1|B1|G|2711"
"9QF4|1|B1|C|2710","ns55","9QF4|1|B1|A|2716"
"9QF4|1|B1|G|2711","s55","9QF4|1|B1|G|2715"
"9QF4|1|B1|G|2711","s53","9QF4|1|B1|C|2710"
"9QF4|1|B1|U|2712","s35","9QF4|1|B1|G|2713"
"9QF4|1|B1|U|2712","ns53","9QF4|1|B1|U|2200"
"9QF4|1|B1|G|2713","s35","9QF4|1|B1|A|2714"
"9QF4|1|B1|G|2713","s53","9QF4|1|B1|U|2712"
"9QF4|1|B1|A|2714","s53","9QF4|1|B1|G|2713"
"9QF4|1|B1|G|2715","s35","9QF4|1|B1|A|2716"
"9QF4|1|B1|G|2715","s55","9QF4|1|B1|G|2711"
"9QF4|1|B1|A|2716","s53","9QF4|1|B1|G|2715"
"9QF4|1|B1|A|2716","ns55","9QF4|1|B1|C|2710"
"9QF4|1|B1|A|2716","s35","9QF4|1|B1|C|2717"
"9QF4|1|B1|C|2717","s53","9QF4|1|B1|A|2716"
"9QF4|1|B1|C|2717","ns35","9QF4|1|B1|G|2719"
"9QF4|1|B1|G|2719","s35","9QF4|1|B1|G|2720"
"9QF4|1|B1|G|2719","ns53","9QF4|1|B1|C|2717"
"9QF4|1|B1|G|2719","s55","9QF4|1|B1|G|2708"
"9QF4|1|B1|G|2720","s55","9QF4|1|B1|C|2707"
"9QF4|1|B1|G|2720","s35","9QF4|1|B1|U|2721"
"9QF4|1|B1|G|2720","s53","9QF4|1|B1|G|2719"
"9QF4|1|B1|U|2721","ns35","9QF4|1|B1|C|2722"
"9QF4|1|B1|U|2721","s53","9QF4|1|B1|G|2720"
"9QF4|1|B1|C|2722","ns55","9QF4|1|B1|A|2063"
"9QF4|1|B1|C|2722","s55","9QF4|1|B1|A|2705"
"9QF4|1|B1|C|2722","s35","9QF4|1|B1|G|2723"
"9QF4|1|B1|C|2722","ns53","9QF4|1|B1|U|2721"
"9QF4|1|B1|G|2723","s35","9QF4|1|B1|G|2724"
"9QF4|1|B1|G|2723","s55","9QF4|1|B1|G|2704"
"9QF4|1|B1|G|2723","s53","9QF4|1|B1|C|2722"
"9QF4|1|B1|G|2723","ns33","9QF4|1|B1|A|2703"
"9QF4|1|B1|G|2724","ns33","9QF4|1|B1|U|2702"
"9QF4|1|B1|G|2724","s53","9QF4|1|B1|G|2723"
"9QF4|1|B1|A|2725","s55","9QF4|1|B1|U|1922"
"9QF4|1|B1|U|2726","s35","9QF4|1|B1|G|2697"
"9QF4|1|B1|G|2727","s55","9QF4|1|B1|G|2182"
"9QF4|1|B1|G|2727","s35","9QF4|1|B1|C|2728"
"9QF4|1|B1|C|2728","s53","9QF4|1|B1|G|2727"
"9QF4|1|B1|U|2729","s33","9QF4|1|B1|5MU|883"
"9QF4|1|B1|U|2729","ns35","9QF4|1|B1|A|2139"
"9QF4|1|B1|A|2730","s33","9QF4|1|B1|G|2175"
"9QF4|1|B1|A|2730","s53","9QF4|1|B1|A|2693"
"9QF4|1|B1|U|2731","s35","9QF4|1|B1|C|2732"
"9QF4|1|B1|C|2732","ns53","9QF4|1|B1|G|2146"
"9QF4|1|B1|C|2732","s35","9QF4|1|B1|U|2733"
"9QF4|1|B1|C|2732","s53","9QF4|1|B1|U|2731"
"9QF4|1|B1|C|2732","s55","9QF4|1|B1|A|2178"
"9QF4|1|B1|U|2733","s55","9QF4|1|B1|G|2177"
"9QF4|1|B1|U|2733","s53","9QF4|1|B1|C|2732"
"9QF4|1|B1|U|2733","s35","9QF4|1|B1|A|2734"
"9QF4|1|B1|A|2734","s35","9QF4|1|B1|OMC|2735"
"9QF4|1|B1|A|2734","s53","9QF4|1|B1|U|2733"
"9QF4|1|B1|A|2734","s55","9QF4|1|B1|G|2175"
"9QF4|1|B1|A|2734","s55","9QF4|1|B1|G|2176"
"9QF4|1|B1|OMC|2735","s53","9QF4|1|B1|A|2734"
"9QF4|1|B1|OMC|2735","s35","9QF4|1|B1|C|2736"
"9QF4|1|B1|C|2736","s53","9QF4|1|B1|OMC|2735"
"9QF4|1|B1|C|2736","s55","9QF4|1|B1|G|2173"
"9QF4|1|B1|C|2736","s35","9QF4|1|B1|G|2737"
"9QF4|1|B1|G|2737","s53","9QF4|1|B1|C|2736"
"9QF4|1|B1|G|2737","s55","9QF4|1|B1|G|2172"
"9QF4|1|B1|G|2737","s35","9QF4|1|B1|G|2738"
"9QF4|1|B1|G|2738","s53","9QF4|1|B1|G|2737"
"9QF4|1|B1|G|2738","s55","9QF4|1|B1|4AC|2171"
"9QF4|1|B1|G|2738","s35","9QF4|1|B1|G|2739"
"9QF4|1|B1|G|2739","s55","9QF4|1|B1|C|2170"
"9QF4|1|B1|G|2739","s53","9QF4|1|B1|G|2738"
"9QF4|1|B1|G|2739","s35","9QF4|1|B1|OMG|2740"
"9QF4|1|B1|OMG|2740","s55","9QF4|1|B1|C|2169"
"9QF4|1|B1|OMG|2740","s53","9QF4|1|B1|G|2739"
"9QF4|1|B1|OMG|2740","s35","9QF4|1|B1|G|2741"
"9QF4|1|B1|G|2741","s53","9QF4|1|B1|OMG|2740"
"9QF4|1|B1|G|2741","s55","9QF4|1|B1|C|2168"
"9QF4|1|B1|G|2741","s35","9QF4|1|B1|U|2742"
"9QF4|1|B1|U|2742","s53","9QF4|1|B1|G|2741"
"9QF4|1|B1|U|2742","s35","9QF4|1|B1|G|2743"
"9QF4|1|B1|G|2743","s53","9QF4|1|B1|A|2891"
"9QF4|1|B1|G|2743","s35","9QF4|1|B1|U|2744"
"9QF4|1|B1|G|2743","s53","9QF4|1|B1|U|2742"
"9QF4|1|B1|U|2744","s53","9QF4|1|B1|G|2743"
"9QF4|1|B1|G|2746","s35","9QF4|1|B1|G|2747"
"9QF4|1|B1|G|2746","s55","9QF4|1|B1|G|2903"
"9QF4|1|B1|G|2747","s35","9QF4|1|B1|C|2748"
"9QF4|1|B1|G|2747","s55","9QF4|1|B1|4AC|2902"
"9QF4|1|B1|G|2747","s53","9QF4|1|B1|G|2746"
"9QF4|1|B1|C|2748","s35","9QF4|1|B1|4AC|2749"
"9QF4|1|B1|C|2748","s53","9QF4|1|B1|G|2747"
"9QF4|1|B1|4AC|2749","s53","9QF4|1|B1|C|2748"
"9QF4|1|B1|4AC|2749","s55","9QF4|1|B1|G|2900"
"9QF4|1|B1|4AC|2749","s35","9QF4|1|B1|G|2750"
"9QF4|1|B1|G|2750","s35","9QF4|1|B1|C|2751"
"9QF4|1|B1|G|2750","s55","9QF4|1|B1|G|2899"
"9QF4|1|B1|G|2750","s53","9QF4|1|B1|4AC|2749"
"9QF4|1|B1|C|2751","s35","9QF4|1|B1|C|2752"
"9QF4|1|B1|C|2751","s53","9QF4|1|B1|G|2750"
"9QF4|1|B1|C|2752","s53","9QF4|1|B1|C|2751"
"9QF4|1|B1|C|2752","s35","9QF4|1|B1|U|2753"
"9QF4|1|B1|C|2752","s55","9QF4|1|B1|G|2897"
"9QF4|1|B1|U|2753","s55","9QF4|1|B1|G|2896"
"9QF4|1|B1|U|2753","s35","9QF4|1|B1|G|2754"
"9QF4|1|B1|U|2753","s53","9QF4|1|B1|C|2752"
"9QF4|1|B1|G|2754","s55","9QF4|1|B1|A|2890"
"9QF4|1|B1|G|2754","ns35","9QF4|1|B1|A|2755"
"9QF4|1|B1|G|2754","s53","9QF4|1|B1|U|2753"
"9QF4|1|B1|G|2754","s33","9QF4|1|B1|G|2889"
"9QF4|1|B1|A|2755","ns53","9QF4|1|B1|G|2754"
"9QF4|1|B1|A|2755","s35","9QF4|1|B1|G|2756"
"9QF4|1|B1|A|2755","s55","9QF4|1|B1|A|2892"
"9QF4|1|B1|G|2756","s55","9QF4|1|B1|G|2889"
"9QF4|1|B1|G|2756","s35","9QF4|1|B1|OMG|2757"
"9QF4|1|B1|G|2756","s53","9QF4|1|B1|A|2755"
"9QF4|1|B1|OMG|2757","s35","9QF4|1|B1|G|2758"
"9QF4|1|B1|OMG|2757","s53","9QF4|1|B1|G|2756"
"9QF4|1|B1|OMG|2757","s55","9QF4|1|B1|4AC|2888"
"9QF4|1|B1|G|2758","s35","9QF4|1|B1|G|2759"
"9QF4|1|B1|G|2758","s53","9QF4|1|B1|OMG|2757"
"9QF4|1|B1|G|2758","s55","9QF4|1|B1|C|2887"
"9QF4|1|B1|G|2759","s53","9QF4|1|B1|G|2758"
"9QF4|1|B1|G|2759","s55","9QF4|1|B1|C|2886"
"9QF4|1|B1|A|2760","s35","9QF4|1|B1|A|2761"
"9QF4|1|B1|A|2761","s53","9QF4|1|B1|A|2760"
"9QF4|1|B1|G|2762","s55","9QF4|1|B1|G|2793"
"9QF4|1|B1|G|2762","s35","9QF4|1|B1|G|2763"
"9QF4|1|B1|G|2763","s35","9QF4|1|B1|U|2764"
"9QF4|1|B1|G|2763","s53","9QF4|1|B1|G|2762"
"9QF4|1|B1|G|2763","s55","9QF4|1|B1|4AC|2792"
"9QF4|1|B1|U|2764","ns35","9QF4|1|B1|G|2765"
"9QF4|1|B1|U|2764","s53","9QF4|1|B1|G|2763"
"9QF4|1|B1|G|2765","s35","9QF4|1|B1|C|2766"
"9QF4|1|B1|G|2765","ns53","9QF4|1|B1|U|2764"
"9QF4|1|B1|G|2765","s55","9QF4|1|B1|G|2790"
"9QF4|1|B1|C|2766","s53","9QF4|1|B1|G|2765"
"9QF4|1|B1|C|2766","s35","9QF4|1|B1|C|2767"
"9QF4|1|B1|C|2767","s53","9QF4|1|B1|C|2766"
"9QF4|1|B1|C|2767","s55","9QF4|1|B1|G|2788"
"9QF4|1|B1|C|2767","ns35","9QF4|1|B1|C|2768"
"9QF4|1|B1|C|2768","s55","9QF4|1|B1|G|2787"
"9QF4|1|B1|C|2768","ns53","9QF4|1|B1|C|2767"
"9QF4|1|B1|C|2768","s35","9QF4|1|B1|C|2769"
"9QF4|1|B1|C|2769","ns55","9QF4|1|B1|G|2786"
"9QF4|1|B1|C|2769","s53","9QF4|1|B1|C|2768"
"9QF4|1|B1|C|2769","s35","9QF4|1|B1|U|2770"
"9QF4|1|B1|U|2770","s33","9QF4|1|B1|A|2783"
"9QF4|1|B1|U|2770","s33","9QF4|1|B1|A|2771"
"9QF4|1|B1|U|2770","s53","9QF4|1|B1|C|2769"
"9QF4|1|B1|A|2771","s53","9QF4|1|B1|A|2782"
"9QF4|1|B1|A|2771","s33","9QF4|1|B1|U|2770"
"9QF4|1|B1|A|2771","s55","9QF4|1|B1|U|2773"
"9QF4|1|B1|G|2772","s33","9QF4|1|B1|G|2781"
"9QF4|1|B1|U|2773","s33","9QF4|1|B1|G|2781"
"9QF4|1|B1|U|2773","s55","9QF4|1|B1|A|2771"
"9QF4|1|B1|A|2774","s35","9QF4|1|B1|C|2775"
"9QF4|1|B1|A|2774","s55","9QF4|1|B1|A|2782"
"9QF4|1|B1|C|2775","s35","9QF4|1|B1|G|2776"
"9QF4|1|B1|C|2775","s55","9QF4|1|B1|G|2781"
"9QF4|1|B1|C|2775","s53","9QF4|1|B1|A|2774"
"9QF4|1|B1|G|2776","s55","9QF4|1|B1|G|2780"
"9QF4|1|B1|G|2776","s53","9QF4|1|B1|C|2775"
"9QF4|1|B1|A|2777","s35","9QF4|1|B1|G|2778"
"9QF4|1|B1|G|2778","s35","9QF4|1|B1|A|2779"
"9QF4|1|B1|G|2778","s53","9QF4|1|B1|A|2777"
"9QF4|1|B1|A|2779","s35","9QF4|1|B1|G|2780"
"9QF4|1|B1|A|2779","ns35","9QF4|1|B1|G|2648"
"9QF4|1|B1|A|2779","s53","9QF4|1|B1|G|2778"
"9QF4|1|B1|G|2780","s55","9QF4|1|B1|G|2776"
"9QF4|1|B1|G|2780","s53","9QF4|1|B1|A|2779"
"9QF4|1|B1|G|2780","s35","9QF4|1|B1|G|2781"
"9QF4|1|B1|G|2781","s53","9QF4|1|B1|G|2780"
"9QF4|1|B1|G|2781","s55","9QF4|1|B1|C|2775"
"9QF4|1|B1|G|2781","s33","9QF4|1|B1|G|2772"
"9QF4|1|B1|G|2781","s33","9QF4|1|B1|U|2773"
"9QF4|1|B1|A|2782","s35","9QF4|1|B1|A|2783"
"9QF4|1|B1|A|2782","s35","9QF4|1|B1|A|2771"
"9QF4|1|B1|A|2782","s55","9QF4|1|B1|A|2774"
"9QF4|1|B1|A|2783","s35","9QF4|1|B1|C|2784"
"9QF4|1|B1|A|2783","s53","9QF4|1|B1|A|2782"
"9QF4|1|B1|A|2783","s33","9QF4|1|B1|U|2770"
"9QF4|1|B1|C|2784","s53","9QF4|1|B1|A|2783"
"9QF4|1|B1|C|2784","s35","9QF4|1|B1|A|2785"
"9QF4|1|B1|A|2785","s53","9QF4|1|B1|C|2784"
"9QF4|1|B1|A|2785","s35","9QF4|1|B1|G|2786"
"9QF4|1|B1|G|2786","s53","9QF4|1|B1|A|2785"
"9QF4|1|B1|G|2786","s35","9QF4|1|B1|G|2787"
"9QF4|1|B1|G|2786","ns55","9QF4|1|B1|C|2769"
"9QF4|1|B1|G|2787","s55","9QF4|1|B1|C|2768"
"9QF4|1|B1|G|2787","s35","9QF4|1|B1|G|2788"
"9QF4|1|B1|G|2787","s53","9QF4|1|B1|G|2786"
"9QF4|1|B1|G|2788","s53","9QF4|1|B1|G|2787"
"9QF4|1|B1|G|2788","s55","9QF4|1|B1|C|2767"
"9QF4|1|B1|G|2788","s35","9QF4|1|B1|U|2789"
"9QF4|1|B1|U|2789","s53","9QF4|1|B1|G|2788"
"9QF4|1|B1|G|2790","s35","9QF4|1|B1|C|2791"
"9QF4|1|B1|G|2790","s55","9QF4|1|B1|G|2765"
"9QF4|1|B1|C|2791","s35","9QF4|1|B1|4AC|2792"
"9QF4|1|B1|C|2791","s53","9QF4|1|B1|G|2790"
"9QF4|1|B1|4AC|2792","s35","9QF4|1|B1|G|2793"
"9QF4|1|B1|4AC|2792","s53","9QF4|1|B1|C|2791"
"9QF4|1|B1|4AC|2792","s55","9QF4|1|B1|G|2763"
"9QF4|1|B1|G|2793","s55","9QF4|1|B1|G|2762"
"9QF4|1|B1|G|2793","s53","9QF4|1|B1|4AC|2792"
"9QF4|1|B1|G|2793","s35","9QF4|1|B1|C|2794"
"9QF4|1|B1|C|2794","s35","9QF4|1|B1|G|2795"
"9QF4|1|B1|C|2794","s53","9QF4|1|B1|G|2793"
"9QF4|1|B1|G|2795","s35","9QF4|1|B1|G|2796"
"9QF4|1|B1|G|2795","s53","9QF4|1|B1|C|2794"
"9QF4|1|B1|G|2795","s55","9QF4|1|B1|G|2845"
"9QF4|1|B1|G|2796","s35","9QF4|1|B1|C|2797"
"9QF4|1|B1|G|2796","s55","9QF4|1|B1|4AC|2844"
"9QF4|1|B1|G|2796","s53","9QF4|1|B1|G|2795"
"9QF4|1|B1|C|2797","s53","9QF4|1|B1|G|2796"
"9QF4|1|B1|C|2797","s35","9QF4|1|B1|C|2798"
"9QF4|1|B1|C|2798","s53","9QF4|1|B1|C|2797"
"9QF4|1|B1|C|2798","s55","9QF4|1|B1|G|2842"
"9QF4|1|B1|C|2798","s33","9QF4|1|B1|U|2839"
"9QF4|1|B1|U|2799","s35","9QF4|1|B1|C|2800"
"9QF4|1|B1|C|2800","s35","9QF4|1|B1|U|2801"
"9QF4|1|B1|C|2800","s53","9QF4|1|B1|U|2799"
"9QF4|1|B1|U|2801","s53","9QF4|1|B1|C|2800"
"9QF4|1|B1|U|2801","s35","9QF4|1|B1|G|2802"
"9QF4|1|B1|G|2802","s55","9QF4|1|B1|A|2840"
"9QF4|1|B1|G|2802","s53","9QF4|1|B1|U|2801"
"9QF4|1|B1|G|2802","s35","9QF4|1|B1|G|2803"
"9QF4|1|B1|G|2803","s53","9QF4|1|B1|G|2802"
"9QF4|1|B1|G|2803","s35","9QF4|1|B1|U|2804"
"9QF4|1|B1|G|2803","s55","9QF4|1|B1|U|2839"
"9QF4|1|B1|U|2804","s35","9QF4|1|B1|C|2805"
"9QF4|1|B1|U|2804","s53","9QF4|1|B1|G|2803"
"9QF4|1|B1|C|2805","s33","9QF4|1|B1|G|2834"
"9QF4|1|B1|C|2805","s53","9QF4|1|B1|U|2804"
"9QF4|1|B1|U|2806","s35","9QF4|1|B1|C|2828"
"9QF4|1|B1|A|2807","s55","9QF4|1|B1|C|2835"
"9QF4|1|B1|A|2807","s53","9QF4|1|B1|G|3021"
"9QF4|1|B1|A|2807","s35","9QF4|1|B1|OMC|2808"
"9QF4|1|B1|OMC|2808","s35","9QF4|1|B1|4AC|2809"
"9QF4|1|B1|OMC|2808","s53","9QF4|1|B1|A|2807"
"9QF4|1|B1|OMC|2808","s55","9QF4|1|B1|G|2834"
"9QF4|1|B1|4AC|2809","s53","9QF4|1|B1|OMC|2808"
"9QF4|1|B1|4AC|2809","s35","9QF4|1|B1|G|2810"
"9QF4|1|B1|4AC|2809","s55","9QF4|1|B1|G|2833"
"9QF4|1|B1|G|2810","s53","9QF4|1|B1|4AC|2809"
"9QF4|1|B1|G|2810","s55","9QF4|1|B1|G|2832"
"9QF4|1|B1|G|2810","s35","9QF4|1|B1|G|2811"
"9QF4|1|B1|G|2811","s55","9QF4|1|B1|C|2831"
"9QF4|1|B1|G|2811","s35","9QF4|1|B1|U|2812"
"9QF4|1|B1|G|2811","s53","9QF4|1|B1|G|2810"
"9QF4|1|B1|U|2812","s53","9QF4|1|B1|G|2811"
"9QF4|1|B1|U|2812","ns35","9QF4|1|B1|U|2813"
"9QF4|1|B1|U|2813","ns53","9QF4|1|B1|U|2812"
"9QF4|1|B1|U|2813","ns55","9QF4|1|B1|A|1899"
"9QF4|1|B1|U|2813","s55","9QF4|1|B1|G|2829"
"9QF4|1|B1|U|2813","s35","9QF4|1|B1|G|2814"
"9QF4|1|B1|G|2814","s53","9QF4|1|B1|U|2813"
"9QF4|1|B1|G|2814","s55","9QF4|1|B1|A|2826"
"9QF4|1|B1|G|2814","s35","9QF4|1|B1|U|2815"
"9QF4|1|B1|U|2815","s35","9QF4|1|B1|C|2816"
"9QF4|1|B1|U|2815","s53","9QF4|1|B1|G|2814"
"9QF4|1|B1|C|2816","s53","9QF4|1|B1|U|2815"
"9QF4|1|B1|C|2816","s35","9QF4|1|B1|C|2817"
"9QF4|1|B1|C|2816","s55","9QF4|1|B1|G|2824"
"9QF4|1|B1|C|2817","s53","9QF4|1|B1|C|2816"
"9QF4|1|B1|C|2817","s55","9QF4|1|B1|G|2823"
"9QF4|1|B1|U|2818","ns55","9QF4|1|B1|G|1618"
"9QF4|1|B1|U|2818","s35","9QF4|1|B1|C|2819"
"9QF4|1|B1|C|2819","ns55","9QF4|1|B1|A|1617"
"9QF4|1|B1|C|2819","ns35","9QF4|1|B1|C|2820"
"9QF4|1|B1|C|2819","s53","9QF4|1|B1|U|2818"
"9QF4|1|B1|C|2820","s35","9QF4|1|B1|4AC|2821"
"9QF4|1|B1|C|2820","ns53","9QF4|1|B1|C|2819"
"9QF4|1|B1|4AC|2821","s35","9QF4|1|B1|G|2822"
"9QF4|1|B1|4AC|2821","s53","9QF4|1|B1|C|2820"
"9QF4|1|B1|G|2822","s35","9QF4|1|B1|G|2823"
"9QF4|1|B1|G|2822","s53","9QF4|1|B1|4AC|2821"
"9QF4|1|B1|G|2823","s53","9QF4|1|B1|G|2822"
"9QF4|1|B1|G|2823","s35","9QF4|1|B1|G|2824"
"9QF4|1|B1|G|2823","s55","9QF4|1|B1|C|2817"
"9QF4|1|B1|G|2824","s55","9QF4|1|B1|C|2816"
"9QF4|1|B1|G|2824","s53","9QF4|1|B1|G|2823"
"9QF4|1|B1|G|2824","s35","9QF4|1|B1|C|2825"
"9QF4|1|B1|C|2825","s35","9QF4|1|B1|A|2826"
"9QF4|1|B1|C|2825","s53","9QF4|1|B1|G|2824"
"9QF4|1|B1|A|2826","s55","9QF4|1|B1|G|2814"
"9QF4|1|B1|A|2826","s35","9QF4|1|B1|G|2829"
"9QF4|1|B1|A|2826","s53","9QF4|1|B1|C|2825"
"9QF4|1|B1|C|2828","s53","9QF4|1|B1|U|2806"
"9QF4|1|B1|G|2829","s35","9QF4|1|B1|C|2830"
"9QF4|1|B1|G|2829","s53","9QF4|1|B1|A|2826"
"9QF4|1|B1|G|2829","s55","9QF4|1|B1|U|2813"
"9QF4|1|B1|C|2830","s35","9QF4|1|B1|C|2831"
"9QF4|1|B1|C|2830","s53","9QF4|1|B1|G|2829"
"9QF4|1|B1|C|2831","s53","9QF4|1|B1|C|2830"
"9QF4|1|B1|C|2831","s55","9QF4|1|B1|G|2811"
"9QF4|1|B1|C|2831","ns35","9QF4|1|B1|G|2832"
"9QF4|1|B1|G|2832","s35","9QF4|1|B1|G|2833"
"9QF4|1|B1|G|2832","ns53","9QF4|1|B1|C|2831"
"9QF4|1|B1|G|2832","s55","9QF4|1|B1|G|2810"
"9QF4|1|B1|G|2833","s55","9QF4|1|B1|4AC|2809"
"9QF4|1|B1|G|2833","s35","9QF4|1|B1|G|2834"
"9QF4|1|B1|G|2833","s53","9QF4|1|B1|G|2832"
"9QF4|1|B1|G|2834","s53","9QF4|1|B1|G|2833"
"9QF4|1|B1|G|2834","s55","9QF4|1|B1|OMC|2808"
"9QF4|1|B1|G|2834","s33","9QF4|1|B1|C|2805"
"9QF4|1|B1|C|2835","s55","9QF4|1|B1|A|2807"
"9QF4|1|B1|C|2835","s35","9QF4|1|B1|A|2836"
"9QF4|1|B1|A|2836","s53","9QF4|1|B1|C|2835"
"9QF4|1|B1|A|2836","s35","9QF4|1|B1|G|2837"
"9QF4|1|B1|A|2836","s55","9QF4|1|B1|G|3021"
"9QF4|1|B1|G|2837","s35","9QF4|1|B1|C|2838"
"9QF4|1|B1|G|2837","s53","9QF4|1|B1|A|2836"
"9QF4|1|B1|C|2838","s53","9QF4|1|B1|G|2837"
"9QF4|1|B1|C|2838","s35","9QF4|1|B1|U|2839"
"9QF4|1|B1|U|2839","s53","9QF4|1|B1|C|2838"
"9QF4|1|B1|U|2839","s35","9QF4|1|B1|A|2840"
"9QF4|1|B1|U|2839","s55","9QF4|1|B1|G|2803"
"9QF4|1|B1|U|2839","s33","9QF4|1|B1|C|2798"
"9QF4|1|B1|A|2840","s53","9QF4|1|B1|U|2839"
"9QF4|1|B1|A|2840","s35","9QF4|1|B1|G|2842"
"9QF4|1|B1|A|2840","s55","9QF4|1|B1|G|2802"
"9QF4|1|B1|C|2841","s55","9QF4|1|B1|A|1824"
"9QF4|1|B1|G|2842","s55","9QF4|1|B1|C|2798"
"9QF4|1|B1|G|2842","s53","9QF4|1|B1|A|2840"
"9QF4|1|B1|G|2842","s35","9QF4|1|B1|C|2843"
"9QF4|1|B1|C|2843","s53","9QF4|1|B1|G|2842"
"9QF4|1|B1|C|2843","s35","9QF4|1|B1|4AC|2844"
"9QF4|1|B1|4AC|2844","s53","9QF4|1|B1|C|2843"
"9QF4|1|B1|4AC|2844","ns35","9QF4|1|B1|G|2845"
"9QF4|1|B1|4AC|2844","s55","9QF4|1|B1|G|2796"
"9QF4|1|B1|G|2845","ns53","9QF4|1|B1|4AC|2844"
"9QF4|1|B1|G|2845","s55","9QF4|1|B1|G|2795"
"9QF4|1|B1|G|2845","s35","9QF4|1|B1|C|2846"
"9QF4|1|B1|C|2846","s53","9QF4|1|B1|G|2845"
"9QF4|1|B1|A|2847","ns33","9QF4|1|B1|C|2884"
"9QF4|1|B1|A|2847","ns55","9QF4|1|B1|C|2885"
"9QF4|1|B1|A|2847","s35","9QF4|1|B1|G|2848"
"9QF4|1|B1|G|2848","s35","9QF4|1|B1|C|2849"
"9QF4|1|B1|G|2848","s53","9QF4|1|B1|A|2847"
"9QF4|1|B1|C|2849","s53","9QF4|1|B1|G|2848"
"9QF4|1|B1|C|2849","s35","9QF4|1|B1|4AC|2850"
"9QF4|1|B1|4AC|2850","s53","9QF4|1|B1|C|2849"
"9QF4|1|B1|4AC|2850","s55","9QF4|1|B1|G|2883"
"9QF4|1|B1|4AC|2850","s35","9QF4|1|B1|G|2851"
"9QF4|1|B1|G|2851","s55","9QF4|1|B1|G|2882"
"9QF4|1|B1|G|2851","s53","9QF4|1|B1|4AC|2850"
"9QF4|1|B1|G|2851","s35","9QF4|1|B1|A|2852"
"9QF4|1|B1|A|2852","ns55","9QF4|1|B1|C|2881"
"9QF4|1|B1|A|2852","s53","9QF4|1|B1|G|2851"
"9QF4|1|B1|A|2852","s35","9QF4|1|B1|U|2853"
"9QF4|1|B1|U|2853","s33","9QF4|1|B1|G|2877"
"9QF4|1|B1|U|2853","s53","9QF4|1|B1|A|2852"
"9QF4|1|B1|A|2854","s35","9QF4|1|B1|A|2855"
"9QF4|1|B1|A|2854","s33","9QF4|1|B1|G|2877"
"9QF4|1|B1|A|2854","s55","9QF4|1|B1|A|2878"
"9QF4|1|B1|A|2855","s53","9QF4|1|B1|A|2854"
"9QF4|1|B1|A|2855","s35","9QF4|1|B1|G|2856"
"9QF4|1|B1|G|2856","s35","9QF4|1|B1|G|2857"
"9QF4|1|B1|G|2856","s53","9QF4|1|B1|A|2855"
"9QF4|1|B1|G|2856","s55","9QF4|1|B1|G|2877"
"9QF4|1|B1|G|2857","s53","9QF4|1|B1|G|2856"
"9QF4|1|B1|G|2857","s55","9QF4|1|B1|4AC|2876"
"9QF4|1|B1|G|2857","s35","9QF4|1|B1|C|2858"
"9QF4|1|B1|C|2858","s53","9QF4|1|B1|G|2857"
"9QF4|1|B1|C|2858","ns35","9QF4|1|B1|C|2859"
"9QF4|1|B1|C|2859","s35","9QF4|1|B1|U|2860"
"9QF4|1|B1|C|2859","ns53","9QF4|1|B1|C|2858"
"9QF4|1|B1|C|2859","s55","9QF4|1|B1|G|2874"
"9QF4|1|B1|U|2860","s53","9QF4|1|B1|C|2859"
"9QF4|1|B1|U|2860","s35","9QF4|1|B1|G|2861"
"9QF4|1|B1|U|2860","s55","9QF4|1|B1|G|2873"
"9QF4|1|B1|G|2861","s53","9QF4|1|B1|U|2860"
"9QF4|1|B1|G|2861","s55","9QF4|1|B1|U|2870"
"9QF4|1|B1|G|2861","s33","9QF4|1|B1|U|2868"
"9QF4|1|B1|G|2861","s35","9QF4|1|B1|A|2862"
"9QF4|1|B1|A|2862","s53","9QF4|1|B1|G|2861"
"9QF4|1|B1|A|2862","s55","9QF4|1|B1|A|2871"
"9QF4|1|B1|A|2862","s35","9QF4|1|B1|A|2863"
"9QF4|1|B1|A|2863","s53","9QF4|1|B1|A|2862"
"9QF4|1|B1|A|2863","s33","9QF4|1|B1|A|2864"
"9QF4|1|B1|A|2864","s33","9QF4|1|B1|A|2863"
"9QF4|1|B1|A|2864","s53","9QF4|1|B1|U|1173"
"9QF4|1|B1|A|2864","ns35","9QF4|1|B1|A|2867"
"9QF4|1|B1|G|2865","s55","9QF4|1|B1|A|1190"
"9QF4|1|B1|C|2866","s35","9QF4|1|B1|A|2867"
"9QF4|1|B1|A|2867","s53","9QF4|1|B1|C|2866"
"9QF4|1|B1|A|2867","s35","9QF4|1|B1|U|2868"
"9QF4|1|B1|A|2867","ns53","9QF4|1|B1|A|2864"
"9QF4|1|B1|U|2868","s33","9QF4|1|B1|G|2861"
"9QF4|1|B1|U|2868","s53","9QF4|1|B1|A|2867"
"9QF4|1|B1|U|2870","s53","9QF4|1|B1|A|2871"
"9QF4|1|B1|U|2870","ns35","9QF4|1|B1|G|2873"
"9QF4|1|B1|U|2870","s55","9QF4|1|B1|G|2861"
"9QF4|1|B1|A|2871","s35","9QF4|1|B1|U|2870"
"9QF4|1|B1|A|2871","s55","9QF4|1|B1|A|2862"
"9QF4|1|B1|A|2871","s35","9QF4|1|B1|A|2872"
"9QF4|1|B1|A|2872","s35","9QF4|1|B1|G|2873"
"9QF4|1|B1|A|2872","s53","9QF4|1|B1|A|2871"
"9QF4|1|B1|G|2873","s35","9QF4|1|B1|G|2874"
"9QF4|1|B1|G|2873","ns53","9QF4|1|B1|U|2870"
"9QF4|1|B1|G|2873","s53","9QF4|1|B1|A|2872"
"9QF4|1|B1|G|2873","s55","9QF4|1|B1|U|2860"
"9QF4|1|B1|G|2874","s35","9QF4|1|B1|5MC|2875"
"9QF4|1|B1|G|2874","s53","9QF4|1|B1|G|2873"
"9QF4|1|B1|G|2874","s55","9QF4|1|B1|C|2859"
"9QF4|1|B1|5MC|2875","s53","9QF4|1|B1|G|2874"
"9QF4|1|B1|5MC|2875","s35","9QF4|1|B1|4AC|2876"
"9QF4|1|B1|4AC|2876","s35","9QF4|1|B1|G|2877"
"9QF4|1|B1|4AC|2876","s55","9QF4|1|B1|G|2857"
"9QF4|1|B1|4AC|2876","s53","9QF4|1|B1|5MC|2875"
"9QF4|1|B1|G|2877","s55","9QF4|1|B1|G|2856"
"9QF4|1|B1|G|2877","s33","9QF4|1|B1|U|2853"
"9QF4|1|B1|G|2877","s53","9QF4|1|B1|4AC|2876"
"9QF4|1|B1|G|2877","s33","9QF4|1|B1|A|2854"
"9QF4|1|B1|A|2878","s35","9QF4|1|B1|G|2880"
"9QF4|1|B1|A|2878","s55","9QF4|1|B1|A|2854"
"9QF4|1|B1|A|2879","s55","9QF4|1|B1|OMG|2659"
"9QF4|1|B1|A|2879","s35","9QF4|1|B1|G|2639"
"9QF4|1|B1|G|2880","s53","9QF4|1|B1|A|2878"
"9QF4|1|B1|G|2880","s35","9QF4|1|B1|C|2881"
"9QF4|1|B1|C|2881","s53","9QF4|1|B1|G|2880"
"9QF4|1|B1|C|2881","ns55","9QF4|1|B1|A|2852"
"9QF4|1|B1|G|2882","s55","9QF4|1|B1|G|2851"
"9QF4|1|B1|G|2882","s35","9QF4|1|B1|G|2883"
"9QF4|1|B1|G|2883","s55","9QF4|1|B1|4AC|2850"
"9QF4|1|B1|G|2883","s53","9QF4|1|B1|G|2882"
"9QF4|1|B1|G|2883","s35","9QF4|1|B1|C|2884"
"9QF4|1|B1|C|2884","s53","9QF4|1|B1|G|2883"
"9QF4|1|B1|C|2884","ns33","9QF4|1|B1|A|2847"
"9QF4|1|B1|C|2884","s35","9QF4|1|B1|C|2885"
"9QF4|1|B1|C|2885","ns55","9QF4|1|B1|A|2847"
"9QF4|1|B1|C|2885","s35","9QF4|1|B1|C|2886"
"9QF4|1|B1|C|2885","s53","9QF4|1|B1|C|2884"
"9QF4|1|B1|C|2886","s35","9QF4|1|B1|C|2887"
"9QF4|1|B1|C|2886","s55","9QF4|1|B1|G|2759"
"9QF4|1|B1|C|2886","s53","9QF4|1|B1|C|2885"
"9QF4|1|B1|C|2887","s35","9QF4|1|B1|4AC|2888"
"9QF4|1|B1|C|2887","s55","9QF4|1|B1|G|2758"
"9QF4|1|B1|C|2887","s53","9QF4|1|B1|C|2886"
"9QF4|1|B1|4AC|2888","s35","9QF4|1|B1|G|2889"
"9QF4|1|B1|4AC|2888","s53","9QF4|1|B1|C|2887"
"9QF4|1|B1|4AC|2888","s55","9QF4|1|B1|OMG|2757"
"9QF4|1|B1|G|2889","s55","9QF4|1|B1|G|2756"
"9QF4|1|B1|G|2889","s53","9QF4|1|B1|4AC|2888"
"9QF4|1|B1|G|2889","s33","9QF4|1|B1|G|2754"
"9QF4|1|B1|A|2890","s55","9QF4|1|B1|G|2754"
"9QF4|1|B1|A|2890","s35","9QF4|1|B1|G|2896"
"9QF4|1|B1|A|2890","s53","9QF4|1|B1|A|2892"
"9QF4|1|B1|A|2891","ns35","9QF4|1|B1|A|2895"
"9QF4|1|B1|A|2891","s35","9QF4|1|B1|G|2743"
"9QF4|1|B1|A|2891","s55","9QF4|1|B1|C|2167"
"9QF4|1|B1|A|2892","s35","9QF4|1|B1|A|2890"
"9QF4|1|B1|A|2892","s55","9QF4|1|B1|A|2755"
"9QF4|1|B1|A|2893","s55","9QF4|1|B1|A|2895"
"9QF4|1|B1|A|2893","s33","9QF4|1|B1|U|565"
"9QF4|1|B1|A|2895","s55","9QF4|1|B1|A|2893"
"9QF4|1|B1|A|2895","ns53","9QF4|1|B1|A|2891"
"9QF4|1|B1|G|2896","s53","9QF4|1|B1|A|2890"
"9QF4|1|B1|G|2896","s55","9QF4|1|B1|U|2753"
"9QF4|1|B1|G|2896","s35","9QF4|1|B1|G|2897"
"9QF4|1|B1|G|2897","s53","9QF4|1|B1|G|2896"
"9QF4|1|B1|G|2897","s55","9QF4|1|B1|C|2752"
"9QF4|1|B1|G|2897","s35","9QF4|1|B1|C|2898"
"9QF4|1|B1|C|2898","ns35","9QF4|1|B1|G|2899"
"9QF4|1|B1|C|2898","s53","9QF4|1|B1|G|2897"
"9QF4|1|B1|G|2899","s55","9QF4|1|B1|G|2750"
"9QF4|1|B1|G|2899","s35","9QF4|1|B1|G|2900"
"9QF4|1|B1|G|2899","ns53","9QF4|1|B1|C|2898"
"9QF4|1|B1|G|2900","s55","9QF4|1|B1|4AC|2749"
"9QF4|1|B1|G|2900","s53","9QF4|1|B1|G|2899"
"9QF4|1|B1|G|2900","s35","9QF4|1|B1|5MC|2901"
"9QF4|1|B1|5MC|2901","s35","9QF4|1|B1|4AC|2902"
"9QF4|1|B1|5MC|2901","s53","9QF4|1|B1|G|2900"
"9QF4|1|B1|4AC|2902","s55","9QF4|1|B1|G|2747"
"9QF4|1|B1|4AC|2902","s35","9QF4|1|B1|G|2903"
"9QF4|1|B1|4AC|2902","s53","9QF4|1|B1|5MC|2901"
"9QF4|1|B1|G|2903","s35","9QF4|1|B1|U|2904"
"9QF4|1|B1|G|2903","s53","9QF4|1|B1|4AC|2902"
"9QF4|1|B1|G|2903","s55","9QF4|1|B1|G|2746"
"9QF4|1|B1|U|2904","s53","9QF4|1|B1|G|2903"
"9QF4|1|B1|C|2947","s35","9QF4|1|B1|G|2948"
"9QF4|1|B1|G|2948","ns35","9QF4|1|B1|A|2949"
"9QF4|1|B1|G|2948","s53","9QF4|1|B1|C|2947"
"9QF4|1|B1|G|2948","s55","9QF4|1|B1|G|3040"
"9QF4|1|B1|G|2948","s33","9QF4|1|B1|G|3038"
"9QF4|1|B1|A|2949","ns53","9QF4|1|B1|G|2948"
"9QF4|1|B1|A|2949","s35","9QF4|1|B1|G|2950"
"9QF4|1|B1|A|2949","s55","9QF4|1|B1|A|3039"
"9QF4|1|B1|G|2950","s35","9QF4|1|B1|G|2951"
"9QF4|1|B1|G|2950","s53","9QF4|1|B1|A|2949"
"9QF4|1|B1|G|2950","s55","9QF4|1|B1|G|3038"
"9QF4|1|B1|G|2951","s35","9QF4|1|B1|G|2952"
"9QF4|1|B1|G|2951","s53","9QF4|1|B1|G|2950"
"9QF4|1|B1|G|2951","s55","9QF4|1|B1|4AC|3037"
"9QF4|1|B1|G|2952","s55","9QF4|1|B1|C|3036"
"9QF4|1|B1|G|2952","s53","9QF4|1|B1|G|2951"
"9QF4|1|B1|G|2952","s35","9QF4|1|B1|C|2953"
"9QF4|1|B1|C|2953","s53","9QF4|1|B1|G|2952"
"9QF4|1|B1|C|2953","s35","9QF4|1|B1|U|2954"
"9QF4|1|B1|U|2954","ns35","9QF4|1|B1|C|2955"
"9QF4|1|B1|U|2954","s53","9QF4|1|B1|C|2953"
"9QF4|1|B1|C|2955","ns53","9QF4|1|B1|U|2954"
"9QF4|1|B1|C|2955","s55","9QF4|1|B1|G|2970"
"9QF4|1|B1|G|2956","s35","9QF4|1|B1|G|2957"
"9QF4|1|B1|G|2956","s55","9QF4|1|B1|G|2969"
"9QF4|1|B1|G|2957","s55","9QF4|1|B1|LHH|2968"
"9QF4|1|B1|G|2957","s53","9QF4|1|B1|G|2956"
"9QF4|1|B1|G|2957","s35","9QF4|1|B1|G|2958"
"9QF4|1|B1|G|2958","s55","9QF4|1|B1|C|2967"
"9QF4|1|B1|G|2958","s53","9QF4|1|B1|G|2957"
"9QF4|1|B1|G|2958","s35","9QF4|1|B1|A|2960"
"9QF4|1|B1|A|2960","s53","9QF4|1|B1|G|2958"
"9QF4|1|B1|A|2960","s35","9QF4|1|B1|G|2961"
"9QF4|1|B1|G|2961","s53","9QF4|1|B1|A|2960"
"9QF4|1|B1|A|2962","ns55","9QF4|1|B1|A|1814"
"9QF4|1|B1|A|2962","s35","9QF4|1|B1|A|2963"
"9QF4|1|B1|A|2963","s53","9QF4|1|B1|A|2962"
"9QF4|1|B1|A|2963","s33","9QF4|1|B1|G|2964"
"9QF4|1|B1|G|2964","s55","9QF4|1|B1|A|2965"
"9QF4|1|B1|G|2964","s33","9QF4|1|B1|A|2963"
"9QF4|1|B1|A|2965","s55","9QF4|1|B1|G|2964"
"9QF4|1|B1|A|2965","s35","9QF4|1|B1|C|2966"
"9QF4|1|B1|C|2966","s53","9QF4|1|B1|A|2965"
"9QF4|1|B1|C|2966","s35","9QF4|1|B1|C|2967"
"9QF4|1|B1|C|2967","s53","9QF4|1|B1|C|2966"
"9QF4|1|B1|C|2967","s35","9QF4|1|B1|LHH|2968"
"9QF4|1|B1|C|2967","s55","9QF4|1|B1|G|2958"
"9QF4|1|B1|LHH|2968","s55","9QF4|1|B1|G|2957"
"9QF4|1|B1|LHH|2968","s35","9QF4|1|B1|G|2969"
"9QF4|1|B1|LHH|2968","s53","9QF4|1|B1|C|2967"
"9QF4|1|B1|G|2969","s53","9QF4|1|B1|LHH|2968"
"9QF4|1|B1|G|2969","s35","9QF4|1|B1|G|2970"
"9QF4|1|B1|G|2969","s55","9QF4|1|B1|G|2956"
"9QF4|1|B1|G|2970","s55","9QF4|1|B1|C|2955"
"9QF4|1|B1|G|2970","s53","9QF4|1|B1|G|2969"
"9QF4|1|B1|U|2971","s55","9QF4|1|B1|G|2973"
"9QF4|1|B1|G|2973","s35","9QF4|1|B1|C|3027"
"9QF4|1|B1|G|2973","s55","9QF4|1|B1|U|2971"
"9QF4|1|B1|A|2974","s33","9QF4|1|B1|C|3026"
"9QF4|1|B1|A|2974","s53","9QF4|1|B1|C|3027"
"9QF4|1|B1|U|2975","s55","9QF4|1|B1|A|3031"
"9QF4|1|B1|U|2975","s35","9QF4|1|B1|A|2976"
"9QF4|1|B1|A|2976","s35","9QF4|1|B1|G|2977"
"9QF4|1|B1|A|2976","s53","9QF4|1|B1|U|2975"
"9QF4|1|B1|A|2976","s55","9QF4|1|B1|A|3030"
"9QF4|1|B1|G|2977","s35","9QF4|1|B1|G|2978"
"9QF4|1|B1|G|2977","s53","9QF4|1|B1|A|2976"
"9QF4|1|B1|G|2977","s55","9QF4|1|B1|U|3029"
"9QF4|1|B1|G|2978","s35","9QF4|1|B1|G|2979"
"9QF4|1|B1|G|2978","s53","9QF4|1|B1|G|2977"
"9QF4|1|B1|G|2978","s55","9QF4|1|B1|C|3028"
"9QF4|1|B1|G|2979","s55","9QF4|1|B1|C|3026"
"9QF4|1|B1|G|2979","s53","9QF4|1|B1|G|2978"
"9QF4|1|B1|G|2979","s35","9QF4|1|B1|C|2980"
"9QF4|1|B1|C|2980","s53","9QF4|1|B1|G|2979"
"9QF4|1|B1|C|2980","s35","9QF4|1|B1|G|2981"
"9QF4|1|B1|G|2981","s55","9QF4|1|B1|G|3024"
"9QF4|1|B1|G|2981","s35","9QF4|1|B1|G|2982"
"9QF4|1|B1|G|2981","s53","9QF4|1|B1|C|2980"
"9QF4|1|B1|G|2982","s35","9QF4|1|B1|G|2983"
"9QF4|1|B1|G|2982","s53","9QF4|1|B1|G|2981"
"9QF4|1|B1|G|2982","s55","9QF4|1|B1|4AC|3023"
"9QF4|1|B1|G|2983","s55","9QF4|1|B1|C|3022"
"9QF4|1|B1|G|2983","s35","9QF4|1|B1|OMG|2984"
"9QF4|1|B1|G|2983","s53","9QF4|1|B1|G|2982"
"9QF4|1|B1|OMG|2984","s53","9QF4|1|B1|G|2983"
"9QF4|1|B1|OMG|2984","s55","9QF4|1|B1|4AC|3020"
"9QF4|1|B1|OMG|2984","s35","9QF4|1|B1|A|2985"
"9QF4|1|B1|A|2985","s53","9QF4|1|B1|OMG|2984"
"9QF4|1|B1|A|2985","s35","9QF4|1|B1|U|2986"
"9QF4|1|B1|A|2985","ns55","9QF4|1|B1|C|3019"
"9QF4|1|B1|U|2986","s35","9QF4|1|B1|G|2987"
"9QF4|1|B1|U|2986","s53","9QF4|1|B1|A|2985"
"9QF4|1|B1|G|2987","s35","9QF4|1|B1|U|2988"
"9QF4|1|B1|G|2987","s53","9QF4|1|B1|U|2986"
"9QF4|1|B1|U|2988","ns55","9QF4|1|B1|U|3015"
"9QF4|1|B1|U|2988","s55","9QF4|1|B1|A|3016"
"9QF4|1|B1|U|2988","s53","9QF4|1|B1|G|2987"
"9QF4|1|B1|A|2989","s35","9QF4|1|B1|A|2990"
"9QF4|1|B1|A|2990","s35","9QF4|1|B1|G|2991"
"9QF4|1|B1|A|2990","s53","9QF4|1|B1|A|2989"
"9QF4|1|B1|G|2991","s35","9QF4|1|B1|C|2992"
"9QF4|1|B1|G|2991","s53","9QF4|1|B1|A|2990"
"9QF4|1|B1|C|2992","s53","9QF4|1|B1|G|2991"
"9QF4|1|B1|C|2992","s35","9QF4|1|B1|G|2993"
"9QF4|1|B1|G|2993","s55","9QF4|1|B1|G|3012"
"9QF4|1|B1|G|2993","s35","9QF4|1|B1|G|2994"
"9QF4|1|B1|G|2993","s53","9QF4|1|B1|C|2992"
"9QF4|1|B1|G|2994","s53","9QF4|1|B1|G|2993"
"9QF4|1|B1|G|2994","s55","9QF4|1|B1|4AC|3011"
"9QF4|1|B1|G|2994","s35","9QF4|1|B1|G|2995"
"9QF4|1|B1|G|2995","s55","9QF4|1|B1|C|3010"
"9QF4|1|B1|G|2995","s53","9QF4|1|B1|G|2994"
"9QF4|1|B1|G|2995","s35","9QF4|1|B1|A|2996"
"9QF4|1|B1|A|2996","s53","9QF4|1|B1|G|2995"
"9QF4|1|B1|A|2996","ns55","9QF4|1|B1|C|3009"
"9QF4|1|B1|A|2996","s33","9QF4|1|B1|G|3007"
"9QF4|1|B1|A|2997","ns35","9QF4|1|B1|G|2998"
"9QF4|1|B1|A|2997","s55","9QF4|1|B1|A|3008"
"9QF4|1|B1|G|2998","ns53","9QF4|1|B1|A|2997"
"9QF4|1|B1|G|2998","s35","9QF4|1|B1|G|2999"
"9QF4|1|B1|G|2998","s55","9QF4|1|B1|G|3007"
"9QF4|1|B1|G|2999","s35","9QF4|1|B1|G|3000"
"9QF4|1|B1|G|2999","s55","9QF4|1|B1|4AC|3006"
"9QF4|1|B1|G|2999","s53","9QF4|1|B1|G|2998"
"9QF4|1|B1|G|3000","s55","9QF4|1|B1|C|3005"
"9QF4|1|B1|G|3000","s33","9QF4|1|B1|A|3003"
"9QF4|1|B1|G|3000","s53","9QF4|1|B1|G|2999"
"9QF4|1|B1|U|3001","ns55","9QF4|1|B1|A|3003"
"9QF4|1|B1|A|3003","ns55","9QF4|1|B1|U|3001"
"9QF4|1|B1|A|3003","s33","9QF4|1|B1|G|3000"
"9QF4|1|B1|A|3003","s35","9QF4|1|B1|A|3004"
"9QF4|1|B1|A|3004","s35","9QF4|1|B1|C|3005"
"9QF4|1|B1|A|3004","s53","9QF4|1|B1|A|3003"
"9QF4|1|B1|C|3005","s53","9QF4|1|B1|A|3004"
"9QF4|1|B1|C|3005","s35","9QF4|1|B1|4AC|3006"
"9QF4|1|B1|C|3005","s55","9QF4|1|B1|G|3000"
"9QF4|1|B1|4AC|3006","s53","9QF4|1|B1|C|3005"
"9QF4|1|B1|4AC|3006","s35","9QF4|1|B1|G|3007"
"9QF4|1|B1|4AC|3006","s55","9QF4|1|B1|G|2999"
"9QF4|1|B1|G|3007","s53","9QF4|1|B1|4AC|3006"
"9QF4|1|B1|G|3007","s55","9QF4|1|B1|G|2998"
"9QF4|1|B1|G|3007","s33","9QF4|1|B1|A|2996"
"9QF4|1|B1|A|3008","s35","9QF4|1|B1|C|3009"
"9QF4|1|B1|A|3008","s55","9QF4|1|B1|A|2997"
"9QF4|1|B1|C|3009","s35","9QF4|1|B1|C|3010"
"9QF4|1|B1|C|3009","ns55","9QF4|1|B1|A|2996"
"9QF4|1|B1|C|3009","s53","9QF4|1|B1|A|3008"
"9QF4|1|B1|C|3010","s35","9QF4|1|B1|4AC|3011"
"9QF4|1|B1|C|3010","s53","9QF4|1|B1|C|3009"
"9QF4|1|B1|C|3010","s55","9QF4|1|B1|G|2995"
"9QF4|1|B1|4AC|3011","s55","9QF4|1|B1|G|2994"
"9QF4|1|B1|4AC|3011","s53","9QF4|1|B1|C|3010"
"9QF4|1|B1|4AC|3011","ns35","9QF4|1|B1|G|3012"
"9QF4|1|B1|G|3012","ns53","9QF4|1|B1|4AC|3011"
"9QF4|1|B1|G|3012","s55","9QF4|1|B1|G|2993"
"9QF4|1|B1|G|3012","s35","9QF4|1|B1|C|3013"
"9QF4|1|B1|C|3013","s53","9QF4|1|B1|G|3012"
"9QF4|1|B1|C|3013","s33","9QF4|1|B1|U|3014"
"9QF4|1|B1|U|3014","s33","9QF4|1|B1|C|3013"
"9QF4|1|B1|U|3015","ns55","9QF4|1|B1|U|2988"
"9QF4|1|B1|A|3016","s35","9QF4|1|B1|G|3017"
"9QF4|1|B1|A|3016","s55","9QF4|1|B1|U|2988"
"9QF4|1|B1|G|3017","s35","9QF4|1|B1|U|3018"
"9QF4|1|B1|G|3017","s53","9QF4|1|B1|A|3016"
"9QF4|1|B1|U|3018","s35","9QF4|1|B1|C|3019"
"9QF4|1|B1|U|3018","s53","9QF4|1|B1|G|3017"
"9QF4|1|B1|C|3019","s35","9QF4|1|B1|4AC|3020"
"9QF4|1|B1|C|3019","s53","9QF4|1|B1|U|3018"
"9QF4|1|B1|C|3019","ns55","9QF4|1|B1|A|2985"
"9QF4|1|B1|4AC|3020","s55","9QF4|1|B1|OMG|2984"
"9QF4|1|B1|4AC|3020","s53","9QF4|1|B1|C|3019"
"9QF4|1|B1|4AC|3020","ns35","9QF4|1|B1|C|3022"
"9QF4|1|B1|G|3021","s35","9QF4|1|B1|A|2807"
"9QF4|1|B1|G|3021","s55","9QF4|1|B1|A|2836"
"9QF4|1|B1|C|3022","ns53","9QF4|1|B1|4AC|3020"
"9QF4|1|B1|C|3022","s35","9QF4|1|B1|4AC|3023"
"9QF4|1|B1|C|3022","s55","9QF4|1|B1|G|2983"
"9QF4|1|B1|4AC|3023","s55","9QF4|1|B1|G|2982"
"9QF4|1|B1|4AC|3023","s35","9QF4|1|B1|G|3024"
"9QF4|1|B1|4AC|3023","s53","9QF4|1|B1|C|3022"
"9QF4|1|B1|G|3024","s55","9QF4|1|B1|G|2981"
"9QF4|1|B1|G|3024","s53","9QF4|1|B1|4AC|3023"
"9QF4|1|B1|G|3024","s35","9QF4|1|B1|C|3025"
"9QF4|1|B1|C|3025","s53","9QF4|1|B1|G|3024"
"9QF4|1|B1|C|3025","s35","9QF4|1|B1|C|3026"
"9QF4|1|B1|C|3026","s33","9QF4|1|B1|A|2974"
"9QF4|1|B1|C|3026","s55","9QF4|1|B1|G|2979"
"9QF4|1|B1|C|3026","s53","9QF4|1|B1|C|3025"
"9QF4|1|B1|C|3027","s35","9QF4|1|B1|A|2974"
"9QF4|1|B1|C|3027","s53","9QF4|1|B1|G|2973"
"9QF4|1|B1|C|3028","s55","9QF4|1|B1|G|2978"
"9QF4|1|B1|C|3028","s35","9QF4|1|B1|U|3029"
"9QF4|1|B1|U|3029","s53","9QF4|1|B1|C|3028"
"9QF4|1|B1|U|3029","s35","9QF4|1|B1|A|3030"
"9QF4|1|B1|U|3029","s55","9QF4|1|B1|G|2977"
"9QF4|1|B1|A|3030","s35","9QF4|1|B1|A|3031"
"9QF4|1|B1|A|3030","s53","9QF4|1|B1|U|3029"
"9QF4|1|B1|A|3030","s55","9QF4|1|B1|A|2976"
"9QF4|1|B1|A|3031","s53","9QF4|1|B1|A|3030"
"9QF4|1|B1|A|3031","s55","9QF4|1|B1|U|2975"
"9QF4|1|B1|U|3032","s35","9QF4|1|B1|C|3033"
"9QF4|1|B1|C|3033","s53","9QF4|1|B1|U|3032"
"9QF4|1|B1|C|3033","s35","9QF4|1|B1|G|3034"
"9QF4|1|B1|G|3034","s35","9QF4|1|B1|C|3035"
"9QF4|1|B1|G|3034","s53","9QF4|1|B1|C|3033"
"9QF4|1|B1|C|3035","s35","9QF4|1|B1|C|3036"
"9QF4|1|B1|C|3035","s53","9QF4|1|B1|G|3034"
"9QF4|1|B1|C|3036","s35","9QF4|1|B1|4AC|3037"
"9QF4|1|B1|C|3036","s53","9QF4|1|B1|C|3035"
"9QF4|1|B1|C|3036","s55","9QF4|1|B1|G|2952"
"9QF4|1|B1|4AC|3037","s55","9QF4|1|B1|G|2951"
"9QF4|1|B1|4AC|3037","s35","9QF4|1|B1|G|3038"
"9QF4|1|B1|4AC|3037","s53","9QF4|1|B1|C|3036"
"9QF4|1|B1|G|3038","s55","9QF4|1|B1|G|2950"
"9QF4|1|B1|G|3038","s33","9QF4|1|B1|G|2948"
"9QF4|1|B1|G|3038","s53","9QF4|1|B1|4AC|3037"
"9QF4|1|B1|A|3039","s55","9QF4|1|B1|A|2949"
"9QF4|1|B1|G|3040","s55","9QF4|1|B1|G|2948"
"9QF4|1|B2|G|1","s55","9QF4|1|B2|A|125"
"9QF4|1|B2|G|1","s35","9QF4|1|B2|G|2"
"9QF4|1|B2|G|2","s55","9QF4|1|B2|C|124"
"9QF4|1|B2|G|2","s53","9QF4|1|B2|G|1"
"9QF4|1|B2|G|2","s35","9QF4|1|B2|U|3"
"9QF4|1|B2|U|3","s35","9QF4|1|B2|C|5"
"9QF4|1|B2|U|3","s53","9QF4|1|B2|G|2"
"9QF4|1|B2|C|5","s35","9QF4|1|B2|G|6"
"9QF4|1|B2|C|5","s55","9QF4|1|B2|G|122"
"9QF4|1|B2|C|5","s53","9QF4|1|B2|U|3"
"9QF4|1|B2|G|6","s55","9QF4|1|B2|G|121"
"9QF4|1|B2|G|6","s53","9QF4|1|B2|C|5"
"9QF4|1|B2|G|6","s35","9QF4|1|B2|G|7"
"9QF4|1|B2|G|7","s53","9QF4|1|B2|G|6"
"9QF4|1|B2|G|7","s35","9QF4|1|B2|C|8"
"9QF4|1|B2|G|7","s55","9QF4|1|B2|4AC|120"
"9QF4|1|B2|C|8","s53","9QF4|1|B2|G|7"
"9QF4|1|B2|C|8","s35","9QF4|1|B2|G|9"
"9QF4|1|B2|G|9","s35","9QF4|1|B2|G|10"
"9QF4|1|B2|G|9","s55","9QF4|1|B2|G|118"
"9QF4|1|B2|G|9","s53","9QF4|1|B2|C|8"
"9QF4|1|B2|G|10","s35","9QF4|1|B2|C|11"
"9QF4|1|B2|G|10","s55","9QF4|1|B2|4AC|117"
"9QF4|1|B2|G|10","s53","9QF4|1|B2|G|9"
"9QF4|1|B2|C|11","s53","9QF4|1|B2|G|10"
"9QF4|1|B2|C|11","s35","9QF4|1|B2|C|12"
"9QF4|1|B2|C|12","s53","9QF4|1|B2|C|11"
"9QF4|1|B2|A|13","ns55","9QF4|1|B2|G|16"
"9QF4|1|B2|U|14","ns53","9QF4|1|B2|G|112"
"9QF4|1|B2|A|15","s55","9QF4|1|B2|G|115"
"9QF4|1|B2|G|16","s55","9QF4|1|B2|G|69"
"9QF4|1|B2|G|16","s35","9QF4|1|B2|C|17"
"9QF4|1|B2|G|16","ns55","9QF4|1|B2|A|13"
"9QF4|1|B2|C|17","s53","9QF4|1|B2|G|16"
"9QF4|1|B2|C|17","s35","9QF4|1|B2|G|18"
"9QF4|1|B2|G|18","s35","9QF4|1|B2|G|19"
"9QF4|1|B2|G|18","ns55","9QF4|1|B2|G|67"
"9QF4|1|B2|G|18","s53","9QF4|1|B2|C|17"
"9QF4|1|B2|G|19","s55","9QF4|1|B2|C|65"
"9QF4|1|B2|G|19","s53","9QF4|1|B2|G|18"
"9QF4|1|B2|G|19","s35","9QF4|1|B2|G|20"
"9QF4|1|B2|G|20","s55","9QF4|1|B2|C|64"
"9QF4|1|B2|G|20","s53","9QF4|1|B2|G|19"
"9QF4|1|B2|G|20","s35","9QF4|1|B2|G|21"
"9QF4|1|B2|G|21","s53","9QF4|1|B2|G|20"
"9QF4|1|B2|G|21","s55","9QF4|1|B2|C|63"
"9QF4|1|B2|G|21","s35","9QF4|1|B2|G|22"
"9QF4|1|B2|G|22","s53","9QF4|1|B2|G|21"
"9QF4|1|B2|G|22","s55","9QF4|1|B2|C|62"
"9QF4|1|B2|G|22","s35","9QF4|1|B2|G|23"
"9QF4|1|B2|G|23","s53","9QF4|1|B2|G|22"
"9QF4|1|B2|G|23","s55","9QF4|1|B2|C|61"
"9QF4|1|B2|G|23","s35","9QF4|1|B2|G|24"
"9QF4|1|B2|G|24","s33","9QF4|1|B2|U|56"
"9QF4|1|B2|G|24","s53","9QF4|1|B2|G|23"
"9QF4|1|B2|C|25","s35","9QF4|1|B2|C|26"
"9QF4|1|B2|C|26","s35","9QF4|1|B2|A|27"
"9QF4|1|B2|C|26","s53","9QF4|1|B2|C|25"
"9QF4|1|B2|A|27","s53","9QF4|1|B2|C|26"
"9QF4|1|B2|A|27","s35","9QF4|1|B2|C|28"
"9QF4|1|B2|C|28","s35","9QF4|1|B2|A|29"
"9QF4|1|B2|C|28","s53","9QF4|1|B2|A|27"
"9QF4|1|B2|A|29","ns55","9QF4|1|B2|U|56"
"9QF4|1|B2|A|29","s35","9QF4|1|B2|C|30"
"9QF4|1|B2|A|29","s53","9QF4|1|B2|C|28"
"9QF4|1|B2|C|30","s35","9QF4|1|B2|C|31"
"9QF4|1|B2|C|30","s53","9QF4|1|B2|A|29"
"9QF4|1|B2|C|31","s53","9QF4|1|B2|C|30"
"9QF4|1|B2|C|31","s35","9QF4|1|B2|4AC|32"
"9QF4|1|B2|4AC|32","s55","9QF4|1|B2|G|51"
"9QF4|1|B2|4AC|32","ns35","9QF4|1|B2|G|33"
"9QF4|1|B2|4AC|32","s53","9QF4|1|B2|C|31"
"9QF4|1|B2|G|33","ns53","9QF4|1|B2|4AC|32"
"9QF4|1|B2|G|33","s55","9QF4|1|B2|G|50"
"9QF4|1|B2|G|33","s35","9QF4|1|B2|G|34"
"9QF4|1|B2|G|34","s33","9QF4|1|B2|G|44"
"9QF4|1|B2|G|34","s53","9QF4|1|B2|G|33"
"9QF4|1|B2|G|34","s55","9QF4|1|B2|C|49"
"9QF4|1|B2|U|35","s35","9QF4|1|B2|C|36"
"9QF4|1|B2|C|36","s53","9QF4|1|B2|U|35"
"9QF4|1|B2|C|36","ns35","9QF4|1|B2|U|37"
"9QF4|1|B2|U|37","s35","9QF4|1|B2|C|38"
"9QF4|1|B2|U|37","ns53","9QF4|1|B2|C|36"
"9QF4|1|B2|C|38","s53","9QF4|1|B2|U|37"
"9QF4|1|B2|C|38","s35","9QF4|1|B2|A|39"
"9QF4|1|B2|A|39","s35","9QF4|1|B2|U|40"
"9QF4|1|B2|A|39","ns55","9QF4|1|B2|G|44"
"9QF4|1|B2|A|39","s53","9QF4|1|B2|C|38"
"9QF4|1|B2|U|40","s53","9QF4|1|B2|A|39"
"9QF4|1|B2|U|42","s35","9QF4|1|B2|C|43"
"9QF4|1|B2|C|43","s35","9QF4|1|B2|A|45"
"9QF4|1|B2|C|43","s53","9QF4|1|B2|U|42"
"9QF4|1|B2|G|44","s33","9QF4|1|B2|G|34"
"9QF4|1|B2|G|44","ns55","9QF4|1|B2|A|39"
"9QF4|1|B2|G|44","ns35","9QF4|1|B2|C|48"
"9QF4|1|B2|A|45","s35","9QF4|1|B2|A|46"
"9QF4|1|B2|A|45","s53","9QF4|1|B2|C|43"
"9QF4|1|B2|A|46","s35","9QF4|1|B2|C|47"
"9QF4|1|B2|A|46","s53","9QF4|1|B2|A|45"
"9QF4|1|B2|C|47","s53","9QF4|1|B2|A|46"
"9QF4|1|B2|C|47","s35","9QF4|1|B2|C|48"
"9QF4|1|B2|C|48","s53","9QF4|1|B2|C|47"
"9QF4|1|B2|C|48","ns53","9QF4|1|B2|G|44"
"9QF4|1|B2|C|48","s35","9QF4|1|B2|C|49"
"9QF4|1|B2|C|49","s55","9QF4|1|B2|G|34"
"9QF4|1|B2|C|49","s35","9QF4|1|B2|G|50"
"9QF4|1|B2|C|49","s53","9QF4|1|B2|C|48"
"9QF4|1|B2|G|50","s55","9QF4|1|B2|G|33"
"9QF4|1|B2|G|50","s53","9QF4|1|B2|C|49"
"9QF4|1|B2|G|50","s35","9QF4|1|B2|G|51"
"9QF4|1|B2|G|51","s53","9QF4|1|B2|G|50"
"9QF4|1|B2|G|51","s55","9QF4|1|B2|4AC|32"
"9QF4|1|B2|G|51","s35","9QF4|1|B2|A|52"
"9QF4|1|B2|A|52","s53","9QF4|1|B2|G|51"
"9QF4|1|B2|A|53","s35","9QF4|1|B2|G|54"
"9QF4|1|B2|G|54","s53","9QF4|1|B2|A|53"
"9QF4|1|B2|G|54","s35","9QF4|1|B2|U|55"
"9QF4|1|B2|U|55","ns35","9QF4|1|B2|U|56"
"9QF4|1|B2|U|55","s53","9QF4|1|B2|G|54"
"9QF4|1|B2|U|56","ns53","9QF4|1|B2|U|55"
"9QF4|1|B2|U|56","ns55","9QF4|1|B2|A|29"
"9QF4|1|B2|U|56","s33","9QF4|1|B2|G|24"
"9QF4|1|B2|A|57","s35","9QF4|1|B2|A|58"
"9QF4|1|B2|A|58","s35","9QF4|1|B2|G|59"
"9QF4|1|B2|A|58","s53","9QF4|1|B2|A|57"
"9QF4|1|B2|G|59","s35","9QF4|1|B2|C|60"
"9QF4|1|B2|G|59","s53","9QF4|1|B2|A|58"
"9QF4|1|B2|C|60","s35","9QF4|1|B2|C|61"
"9QF4|1|B2|C|60","s53","9QF4|1|B2|G|59"
"9QF4|1|B2|C|61","s35","9QF4|1|B2|C|62"
"9QF4|1|B2|C|61","s55","9QF4|1|B2|G|23"
"9QF4|1|B2|C|61","s53","9QF4|1|B2|C|60"
"9QF4|1|B2|C|62","s55","9QF4|1|B2|G|22"
"9QF4|1|B2|C|62","s53","9QF4|1|B2|C|61"
"9QF4|1|B2|C|62","s35","9QF4|1|B2|C|63"
"9QF4|1|B2|C|63","s53","9QF4|1|B2|C|62"
"9QF4|1|B2|C|63","s55","9QF4|1|B2|G|21"
"9QF4|1|B2|C|63","s35","9QF4|1|B2|C|64"
"9QF4|1|B2|C|64","s53","9QF4|1|B2|C|63"
"9QF4|1|B2|C|64","s35","9QF4|1|B2|C|65"
"9QF4|1|B2|C|64","s55","9QF4|1|B2|G|20"
"9QF4|1|B2|C|65","s55","9QF4|1|B2|G|19"
"9QF4|1|B2|C|65","s33","9QF4|1|B2|C|114"
"9QF4|1|B2|C|65","s53","9QF4|1|B2|C|64"
"9QF4|1|B2|A|66","s55","9QF4|1|B2|C|114"
"9QF4|1|B2|A|66","s33","9QF4|1|B2|A|113"
"9QF4|1|B2|G|67","s35","9QF4|1|B2|C|68"
"9QF4|1|B2|G|67","ns55","9QF4|1|B2|G|18"
"9QF4|1|B2|C|68","s53","9QF4|1|B2|G|67"
"9QF4|1|B2|C|68","s35","9QF4|1|B2|G|69"
"9QF4|1|B2|G|69","s55","9QF4|1|B2|G|16"
"9QF4|1|B2|G|69","s35","9QF4|1|B2|A|70"
"9QF4|1|B2|G|69","s53","9QF4|1|B2|C|68"
"9QF4|1|B2|A|70","s35","9QF4|1|B2|U|71"
"9QF4|1|B2|A|70","s53","9QF4|1|B2|G|69"
"9QF4|1|B2|U|71","s53","9QF4|1|B2|A|70"
"9QF4|1|B2|U|71","s35","9QF4|1|B2|C|72"
"9QF4|1|B2|C|72","s55","9QF4|1|B2|G|112"
"9QF4|1|B2|C|72","s53","9QF4|1|B2|U|71"
"9QF4|1|B2|C|72","s35","9QF4|1|B2|C|73"
"9QF4|1|B2|C|73","s53","9QF4|1|B2|C|72"
"9QF4|1|B2|C|73","s35","9QF4|1|B2|C|74"
"9QF4|1|B2|C|73","s55","9QF4|1|B2|G|111"
"9QF4|1|B2|C|74","s55","9QF4|1|B2|G|110"
"9QF4|1|B2|C|74","ns35","9QF4|1|B2|G|75"
"9QF4|1|B2|C|74","s53","9QF4|1|B2|C|73"
"9QF4|1|B2|G|75","s35","9QF4|1|B2|G|76"
"9QF4|1|B2|G|75","ns53","9QF4|1|B2|C|74"
"9QF4|1|B2|G|75","s55","9QF4|1|B2|G|109"
"9QF4|1|B2|G|76","s35","9QF4|1|B2|U|77"
"9QF4|1|B2|G|76","s55","9QF4|1|B2|4AC|108"
"9QF4|1|B2|G|76","s53","9QF4|1|B2|G|75"
"9QF4|1|B2|U|77","s33","9QF4|1|B2|U|78"
"9QF4|1|B2|U|77","s53","9QF4|1|B2|G|76"
"9QF4|1|B2|U|78","s55","9QF4|1|B2|U|80"
"9QF4|1|B2|U|78","s33","9QF4|1|B2|U|77"
"9QF4|1|B2|G|79","s33","9QF4|1|B2|G|103"
"9QF4|1|B2|U|80","ns33","9QF4|1|B2|G|103"
"9QF4|1|B2|U|80","s55","9QF4|1|B2|U|78"
"9QF4|1|B2|U|80","s35","9QF4|1|B2|A|81"
"9QF4|1|B2|A|81","s53","9QF4|1|B2|U|80"
"9QF4|1|B2|A|81","s55","9QF4|1|B2|A|104"
"9QF4|1|B2|A|81","s35","9QF4|1|B2|C|82"
"9QF4|1|B2|C|82","s35","9QF4|1|B2|U|83"
"9QF4|1|B2|C|82","s53","9QF4|1|B2|A|81"
"9QF4|1|B2|C|82","s55","9QF4|1|B2|G|103"
"9QF4|1|B2|U|83","s55","9QF4|1|B2|G|102"
"9QF4|1|B2|U|83","s53","9QF4|1|B2|C|82"
"9QF4|1|B2|G|84","s35","9QF4|1|B2|C|85"
"9QF4|1|B2|G|84","s55","9QF4|1|B2|G|101"
"9QF4|1|B2|C|85","s53","9QF4|1|B2|G|84"
"9QF4|1|B2|C|85","s35","9QF4|1|B2|C|86"
"9QF4|1|B2|C|86","s55","9QF4|1|B2|G|99"
"9QF4|1|B2|C|86","s53","9QF4|1|B2|C|85"
"9QF4|1|B2|C|86","s35","9QF4|1|B2|C|87"
"9QF4|1|B2|C|87","s53","9QF4|1|B2|C|86"
"9QF4|1|B2|C|87","s55","9QF4|1|B2|G|98"
"9QF4|1|B2|U|88","s55","9QF4|1|B1|A|1162"
"9QF4|1|B2|C|89","s35","9QF4|1|B2|4AC|90"
"9QF4|1|B2|C|89","s55","9QF4|1|B2|G|97"
"9QF4|1|B2|4AC|90","s55","9QF4|1|B2|G|96"
"9QF4|1|B2|4AC|90","s35","9QF4|1|B2|G|91"
"9QF4|1|B2|4AC|90","s53","9QF4|1|B2|C|89"
"9QF4|1|B2|G|91","s53","9QF4|1|B2|4AC|90"
"9QF4|1|B2|G|91","s55","9QF4|1|B2|G|95"
"9QF4|1|B2|A|92","s35","9QF4|1|B2|G|93"
"9QF4|1|B2|G|93","s53","9QF4|1|B2|A|92"
"9QF4|1|B2|G|93","s35","9QF4|1|B2|A|94"
"9QF4|1|B2|A|94","s53","9QF4|1|B2|G|93"
"9QF4|1|B2|A|94","s35","9QF4|1|B2|G|95"
"9QF4|1|B2|G|95","s55","9QF4|1|B2|G|91"
"9QF4|1|B2|G|95","s35","9QF4|1|B2|G|96"
"9QF4|1|B2|G|95","s53","9QF4|1|B2|A|94"
"9QF4|1|B2|G|96","s35","9QF4|1|B2|G|97"
"9QF4|1|B2|G|96","s55","9QF4|1|B2|4AC|90"
"9QF4|1|B2|G|96","s53","9QF4|1|B2|G|95"
"9QF4|1|B2|G|97","s35","9QF4|1|B2|G|98"
"9QF4|1|B2|G|97","s55","9QF4|1|B2|C|89"
"9QF4|1|B2|G|97","s53","9QF4|1|B2|G|96"
"9QF4|1|B2|G|98","s35","9QF4|1|B2|G|99"
"9QF4|1|B2|G|98","s53","9QF4|1|B2|G|97"
"9QF4|1|B2|G|98","s55","9QF4|1|B2|C|87"
"9QF4|1|B2|G|99","s53","9QF4|1|B2|G|98"
"9QF4|1|B2|G|99","s55","9QF4|1|B2|C|86"
"9QF4|1|B2|G|99","s35","9QF4|1|B2|C|100"
"9QF4|1|B2|C|100","s53","9QF4|1|B2|G|99"
"9QF4|1|B2|C|100","ns35","9QF4|1|B2|G|101"
"9QF4|1|B2|G|101","s35","9QF4|1|B2|G|102"
"9QF4|1|B2|G|101","s55","9QF4|1|B2|G|84"
"9QF4|1|B2|G|101","ns53","9QF4|1|B2|C|100"
"9QF4|1|B2|G|102","s35","9QF4|1|B2|G|103"
"9QF4|1|B2|G|102","s53","9QF4|1|B2|G|101"
"9QF4|1|B2|G|102","s55","9QF4|1|B2|U|83"
"9QF4|1|B2|G|103","s33","9QF4|1|B2|G|79"
"9QF4|1|B2|G|103","ns33","9QF4|1|B2|U|80"
"9QF4|1|B2|G|103","s53","9QF4|1|B2|G|102"
"9QF4|1|B2|G|103","s55","9QF4|1|B2|C|82"
"9QF4|1|B2|A|104","s55","9QF4|1|B2|A|81"
"9QF4|1|B2|A|104","s35","9QF4|1|B2|A|105"
"9QF4|1|B2|A|105","s35","9QF4|1|B2|G|106"
"9QF4|1|B2|A|105","s53","9QF4|1|B2|A|104"
"9QF4|1|B2|G|106","s35","9QF4|1|B2|C|107"
"9QF4|1|B2|G|106","s53","9QF4|1|B2|A|105"
"9QF4|1|B2|C|107","s35","9QF4|1|B2|4AC|108"
"9QF4|1|B2|C|107","s53","9QF4|1|B2|G|106"
"9QF4|1|B2|4AC|108","s53","9QF4|1|B2|C|107"
"9QF4|1|B2|4AC|108","s55","9QF4|1|B2|G|76"
"9QF4|1|B2|4AC|108","s35","9QF4|1|B2|G|109"
"9QF4|1|B2|G|109","s53","9QF4|1|B2|4AC|108"
"9QF4|1|B2|G|109","s55","9QF4|1|B2|G|75"
"9QF4|1|B2|G|109","s35","9QF4|1|B2|G|110"
"9QF4|1|B2|G|110","s53","9QF4|1|B2|G|109"
"9QF4|1|B2|G|110","s35","9QF4|1|B2|G|111"
"9QF4|1|B2|G|110","s55","9QF4|1|B2|C|74"
"9QF4|1|B2|G|111","s35","9QF4|1|B2|G|112"
"9QF4|1|B2|G|111","s55","9QF4|1|B2|C|73"
"9QF4|1|B2|G|111","s53","9QF4|1|B2|G|110"
"9QF4|1|B2|G|112","s35","9QF4|1|B2|A|113"
"9QF4|1|B2|G|112","s53","9QF4|1|B2|G|111"
"9QF4|1|B2|G|112","s55","9QF4|1|B2|C|72"
"9QF4|1|B2|G|112","ns35","9QF4|1|B2|U|14"
"9QF4|1|B2|A|113","s33","9QF4|1|B2|A|66"
"9QF4|1|B2|A|113","s53","9QF4|1|B2|G|112"
"9QF4|1|B2|C|114","s33","9QF4|1|B2|C|65"
"9QF4|1|B2|C|114","s55","9QF4|1|B2|A|66"
"9QF4|1|B2|G|115","s35","9QF4|1|B2|C|116"
"9QF4|1|B2|G|115","s55","9QF4|1|B2|A|15"
"9QF4|1|B2|C|116","s35","9QF4|1|B2|4AC|117"
"9QF4|1|B2|C|116","s53","9QF4|1|B2|G|115"
"9QF4|1|B2|4AC|117","s55","9QF4|1|B2|G|10"
"9QF4|1|B2|4AC|117","s53","9QF4|1|B2|C|116"
"9QF4|1|B2|G|118","s55","9QF4|1|B2|G|9"
"9QF4|1|B2|G|118","s35","9QF4|1|B2|C|119"
"9QF4|1|B2|C|119","s53","9QF4|1|B2|G|118"
"9QF4|1|B2|C|119","s35","9QF4|1|B2|4AC|120"
"9QF4|1|B2|4AC|120","s35","9QF4|1|B2|G|121"
"9QF4|1|B2|4AC|120","s55","9QF4|1|B2|G|7"
"9QF4|1|B2|4AC|120","s53","9QF4|1|B2|C|119"
"9QF4|1|B2|G|121","s53","9QF4|1|B2|4AC|120"
"9QF4|1|B2|G|121","s35","9QF4|1|B2|G|122"
"9QF4|1|B2|G|121","s55","9QF4|1|B2|G|6"
"9QF4|1|B2|G|122","s35","9QF4|1|B2|C|123"
"9QF4|1|B2|G|122","s55","9QF4|1|B2|C|5"
"9QF4|1|B2|G|122","s53","9QF4|1|B2|G|121"
"9QF4|1|B2|C|123","s35","9QF4|1|B2|C|124"
"9QF4|1|B2|C|123","s53","9QF4|1|B2|G|122"
"9QF4|1|B2|C|124","s55","9QF4|1|B2|G|2"
"9QF4|1|B2|C|124","s53","9QF4|1|B2|C|123"
"9QF4|1|B2|C|124","s35","9QF4|1|B2|A|125"
"9QF4|1|B2|A|125","s53","9QF4|1|B2|C|124"
"9QF4|1|B2|A|125","s55","9QF4|1|B2|G|1"
